city,rooms,m2,kitchen_m2,repair,district,year,floor,all_floor,real_price
Moscow,3,79,15,not_needs,very good,1969,5,6,39810636
Moscow,1,45,11,not_needs,medium,2020,2,6,18934846
Moscow,1,60,7,needs,good,1974,29,35,22566457
Moscow,4,104,14,absolutely_needs,very bad,1988,10,27,22226707
Moscow,3,87,12,absolutely_needs,bad,1960,14,37,16283588
Moscow,1,63,11,needs,good,2014,4,20,29310424
Moscow,3,93,13,absolutely_needs,bad,2000,9,12,24684076
Moscow,3,74,12,absolutely_needs,medium,1987,5,8,17789015
Moscow,3,103,9,needs,medium,1995,5,6,31175178
Moscow,1,50,11,needs,good,1984,8,27,15777298
Moscow,1,57,11,needs,good,1990,4,7,22946734
Moscow,1,51,8,absolutely_needs,medium,2006,25,32,15324095
Moscow,1,61,11,needs,medium,1971,4,9,14811174
Moscow,1,44,10,not_needs,bad,2004,7,14,15712720
Moscow,3,80,12,needs,medium,1986,1,6,21756338
Moscow,2,66,7,needs,good,2008,1,37,26803323
Moscow,2,71,9,needs,medium,2010,13,31,22400693
Moscow,1,41,8,needs,medium,2020,2,4,15447469
Moscow,1,38,7,needs,medium,1959,16,20,10581760
Moscow,2,48,12,needs,medium,1978,6,6,11634340
Moscow,4,111,14,needs,good,1977,8,14,42643423
Moscow,3,93,15,absolutely_needs,bad,2020,5,7,26014724
Moscow,2,64,13,needs,medium,1969,13,39,16088654
Moscow,4,115,14,not_needs,very good,1985,12,39,69175204
Moscow,4,108,15,needs,good,1956,7,20,30417178
Moscow,3,94,10,not_needs,bad,1972,31,32,23134646
Moscow,1,73,7,needs,very good,2025,5,13,37428531
Moscow,1,72,10,needs,bad,2003,1,32,20474793
Moscow,2,63,10,absolutely_needs,bad,1960,3,3,12821569
Moscow,2,70,14,needs,very good,2002,16,31,38906537
Moscow,1,58,10,not_needs,medium,2006,4,34,23533036
Moscow,4,106,11,absolutely_needs,very bad,2010,6,8,26778343
Moscow,3,66,12,needs,medium,2021,20,32,23590753
Moscow,2,72,7,needs,bad,1987,10,35,19808652
Moscow,3,126,10,needs,good,1980,13,21,39721114
Moscow,4,115,14,absolutely_needs,bad,1965,5,8,21427117
Moscow,1,49,10,needs,medium,2012,15,22,18986685
Moscow,4,113,14,needs,medium,1972,4,17,29500689
Moscow,2,77,8,absolutely_needs,very good,1962,6,6,27518325
Moscow,4,96,14,not_needs,medium,2010,3,4,37876051
Moscow,2,75,15,needs,medium,2010,16,34,23629642
Moscow,2,77,15,needs,medium,1981,6,17,21773442
Moscow,3,87,16,needs,medium,2015,26,28,34049236
Moscow,3,101,12,not_needs,medium,1999,17,21,35327665
Moscow,3,89,16,not_needs,very bad,1999,3,27,21382068
Moscow,5,121,20,not_needs,good,2010,14,30,59293396
Moscow,2,65,12,needs,medium,1955,4,7,16810080
Moscow,3,111,8,absolutely_needs,bad,2021,4,24,27390747
Moscow,3,102,11,not_needs,good,2006,7,10,45469732
Moscow,2,72,11,needs,very good,1965,15,15,26500771
Moscow,3,83,11,not_needs,medium,1998,13,16,33155725
Moscow,5,134,22,needs,bad,2000,19,21,42478790
Moscow,1,71,5,needs,medium,2023,6,19,29485756
Moscow,3,75,7,not_needs,medium,2017,1,20,26820011
Moscow,5,120,17,needs,very bad,2003,3,26,27493727
Moscow,3,101,12,absolutely_needs,very bad,2001,11,37,18171578
Moscow,3,76,9,not_needs,good,1972,12,13,31195009
Moscow,3,107,13,not_needs,medium,1963,1,5,31409521
Moscow,4,102,11,not_needs,good,1956,1,5,36579119
Moscow,1,43,10,absolutely_needs,good,2017,3,13,14682942
Moscow,1,43,8,absolutely_needs,medium,1973,19,23,11731440
Moscow,2,56,14,absolutely_needs,very good,2001,7,27,24568032
Moscow,2,97,16,needs,medium,2022,6,39,37124818
Moscow,3,95,11,needs,medium,1970,11,13,22549321
Moscow,2,97,14,not_needs,good,1979,4,6,40544653
Moscow,2,69,14,needs,medium,1985,5,24,20763667
Moscow,3,93,14,needs,good,2007,18,35,41668831
Moscow,2,81,13,needs,very bad,2014,20,22,19306478
Moscow,1,67,5,needs,good,1986,1,37,20930810
Moscow,3,73,5,not_needs,very good,2023,18,34,45130126
Moscow,3,73,12,needs,bad,1978,25,38,16176688
Moscow,1,66,13,not_needs,good,1994,3,3,25615756
Moscow,2,68,15,absolutely_needs,medium,1957,26,34,13472018
Moscow,4,115,11,needs,medium,1975,4,19,34774429
Moscow,1,35,7,not_needs,good,1994,23,35,13660451
Moscow,2,82,13,not_needs,medium,2014,26,27,37097692
Moscow,2,70,9,needs,medium,1982,6,7,18422535
Moscow,2,78,11,needs,medium,1967,6,15,18054093
Moscow,4,116,15,not_needs,bad,1995,5,8,40893990
Moscow,5,144,20,not_needs,very good,2009,3,3,102275325
Moscow,3,79,15,not_needs,medium,2012,17,22,36363700
Moscow,5,130,21,absolutely_needs,medium,2008,19,19,36323225
Moscow,3,85,15,not_needs,medium,1978,17,35,25140608
Moscow,2,66,12,needs,very bad,2013,18,40,14402694
Moscow,1,58,6,not_needs,good,1955,21,27,17188243
Moscow,1,73,8,not_needs,medium,1955,16,35,17922418
Moscow,2,69,15,not_needs,medium,1984,3,12,22598673
Moscow,2,70,10,absolutely_needs,bad,2017,20,35,18195084
Moscow,3,100,18,needs,bad,2010,9,27,33538788
Moscow,3,71,13,absolutely_needs,medium,2019,9,18,22087592
Moscow,1,63,10,needs,medium,2023,7,14,26418728
Moscow,3,81,12,needs,bad,2018,10,27,27787480
Moscow,2,43,13,needs,bad,1956,17,26,8087283
Moscow,4,114,16,needs,good,2011,4,14,51441687
Moscow,5,121,15,not_needs,bad,1967,4,20,38317145
Moscow,2,71,13,absolutely_needs,bad,2023,23,24,18541852
Moscow,1,45,9,needs,bad,1958,11,33,8359375
Moscow,3,81,14,absolutely_needs,medium,1982,2,4,18835695
Moscow,4,109,14,not_needs,medium,1957,7,13,36612963
Moscow,1,69,5,needs,good,1989,14,15,24328334
Moscow,4,96,12,absolutely_needs,very bad,1968,25,35,18981883
Moscow,1,65,11,needs,medium,1962,2,8,16896321
Moscow,2,51,11,not_needs,bad,1992,12,13,17274589
Moscow,1,52,7,needs,very good,1997,26,26,26491053
Moscow,2,81,12,absolutely_needs,medium,1991,4,14,19468301
Moscow,2,75,10,not_needs,good,2006,12,18,33875187
Moscow,4,126,15,needs,bad,2002,5,32,43545408
Moscow,1,55,14,not_needs,bad,1996,17,29,19206503
Moscow,2,61,11,not_needs,medium,1986,2,30,23295091
Moscow,1,67,12,not_needs,bad,2017,22,25,24285060
Moscow,2,78,14,needs,very good,1974,18,31,32716325
Moscow,1,49,10,not_needs,very bad,1983,14,31,11461934
Moscow,3,95,10,not_needs,good,2003,3,13,40936577
Moscow,2,51,11,not_needs,medium,1981,7,10,18365985
Moscow,3,110,10,absolutely_needs,good,2004,29,32,36116963
Moscow,3,87,18,not_needs,good,1981,35,35,33393022
Moscow,2,112,13,needs,very good,1955,7,17,37322427
Moscow,2,77,11,needs,good,1966,9,25,27243011
Moscow,1,38,9,needs,bad,1979,23,25,9365167
Moscow,2,73,12,not_needs,very good,1989,1,13,37123556
Moscow,1,55,9,not_needs,very good,1976,11,14,30530606
Moscow,5,114,17,absolutely_needs,medium,1976,34,36,33480113
Moscow,3,85,12,needs,good,1987,2,6,32924698
Moscow,1,37,10,needs,good,2008,1,9,16240970
Moscow,1,53,6,needs,bad,1967,5,17,11776942
Moscow,1,67,12,needs,medium,2017,21,35,22633598
Moscow,1,52,7,needs,medium,1955,5,5,12285333
Moscow,2,71,11,needs,very good,1963,12,32,30692397
Moscow,1,63,6,not_needs,bad,2017,3,9,21445690
Moscow,3,106,14,not_needs,bad,1992,3,4,35579594
Moscow,3,71,14,needs,very bad,2003,32,34,17946101
Moscow,3,91,14,needs,very good,1970,13,15,38328098
Moscow,1,39,9,absolutely_needs,bad,1983,3,36,8956925
Moscow,2,81,9,not_needs,medium,2006,9,20,32896242
Moscow,2,79,7,absolutely_needs,good,1961,5,24,20889121
Moscow,4,106,13,needs,very good,1976,5,28,51575920
Moscow,2,78,13,not_needs,medium,2006,13,25,29565436
Moscow,2,81,11,not_needs,good,1961,31,37,29831159
Moscow,1,41,13,not_needs,bad,2021,8,9,13491064
Moscow,1,51,11,needs,very good,2002,10,35,25753279
Moscow,3,87,7,not_needs,medium,1976,8,31,27773020
Moscow,3,97,12,needs,medium,2017,19,26,39190850
Moscow,4,98,17,needs,medium,1986,15,29,35454660
Moscow,4,98,16,not_needs,good,2007,1,27,47760711
Moscow,2,91,11,needs,medium,1976,8,27,23779008
Moscow,3,105,11,not_needs,medium,1955,5,12,32124371
Moscow,1,53,7,absolutely_needs,bad,1986,3,7,11743644
Moscow,3,84,16,not_needs,bad,1959,26,40,19419000
Moscow,4,105,11,needs,medium,1995,25,30,36218812
Moscow,3,94,11,absolutely_needs,medium,2025,1,9,31531634
Moscow,5,142,19,needs,good,1969,4,9,53257838
Moscow,4,100,18,not_needs,good,1977,2,4,42699322
Moscow,4,111,15,absolutely_needs,medium,1978,4,37,26663444
Moscow,1,47,9,not_needs,medium,1957,1,8,11607007
Moscow,1,30,7,needs,very bad,1987,13,24,6783142
Moscow,1,56,9,needs,medium,2008,19,34,17854479
Moscow,1,56,11,not_needs,bad,1978,3,31,15399380
Moscow,5,131,15,not_needs,medium,1986,2,9,55867696
Moscow,4,92,12,needs,good,2022,14,20,44925290
Moscow,4,131,14,needs,medium,1958,7,13,32779413
Moscow,2,72,7,needs,bad,1966,9,16,15303100
Moscow,2,64,13,not_needs,bad,1955,7,17,15860197
Moscow,1,54,13,needs,very bad,2014,17,34,13772327
Moscow,1,44,13,needs,bad,1962,34,38,8723726
Moscow,1,48,8,needs,medium,1972,6,16,13571272
Moscow,1,53,8,absolutely_needs,bad,1962,4,5,10461156
Moscow,1,71,9,absolutely_needs,very good,2004,5,6,30796074
Moscow,2,67,12,not_needs,bad,2012,21,22,23293484
Moscow,2,46,11,needs,bad,2011,14,33,12582329
Moscow,1,71,7,needs,medium,1980,15,25,21333774
Moscow,4,88,14,needs,medium,1974,11,32,27590982
Moscow,2,66,13,absolutely_needs,very bad,1981,2,20,12606721
Moscow,2,83,10,not_needs,good,1992,24,31,37200182
Moscow,3,110,17,needs,very good,1982,11,12,42129119
Moscow,1,75,10,needs,good,1978,1,6,24256823
Moscow,1,59,6,needs,medium,2017,28,31,20055719
Moscow,1,51,5,not_needs,very good,1972,6,11,22372990
Moscow,2,74,6,needs,medium,2012,16,39,29416849
Moscow,3,106,6,not_needs,good,1964,3,7,36082048
Moscow,2,96,11,not_needs,medium,1991,7,7,30674835
Moscow,3,91,9,needs,medium,1996,1,8,25111032
Moscow,1,33,7,not_needs,medium,2022,11,20,16044506
Moscow,1,63,16,absolutely_needs,medium,1980,23,36,16268357
Moscow,5,155,17,not_needs,medium,2005,4,19,57883364
Moscow,4,94,16,not_needs,medium,2021,3,3,43049576
Moscow,2,69,13,needs,medium,2023,2,8,24317528
Moscow,5,143,20,not_needs,very good,1993,5,7,94870293
Moscow,1,60,11,not_needs,good,1993,14,34,27812093
Moscow,2,70,11,absolutely_needs,very bad,1968,5,13,12389480
Moscow,2,65,15,needs,bad,1957,2,17,15282561
Moscow,1,53,11,absolutely_needs,very bad,1957,36,36,6885951
Moscow,1,64,10,needs,medium,1993,3,11,21802446
Moscow,3,73,16,needs,bad,1962,3,7,17715619
Moscow,2,71,11,not_needs,medium,1967,3,6,22850312
Moscow,2,85,13,absolutely_needs,bad,2005,7,37,21565896
Moscow,2,72,10,needs,medium,2025,11,38,26619997
Moscow,1,39,13,needs,very good,1998,20,30,21028817
Moscow,2,70,12,needs,good,2001,3,4,28822095
Moscow,4,111,19,needs,very good,2010,13,19,61409986
Moscow,3,92,10,not_needs,bad,1987,14,28,24881219
Moscow,1,55,5,not_needs,bad,2007,10,11,16891362
Moscow,1,61,11,not_needs,good,2017,3,13,28116963
Moscow,2,57,12,needs,bad,1972,5,17,14033176
Moscow,1,42,10,needs,good,2008,9,14,18847108
Moscow,1,71,10,not_needs,bad,1979,6,11,19201674
Moscow,1,56,11,needs,medium,1976,12,17,16923227
Moscow,4,125,14,not_needs,medium,1999,3,3,55147785
Moscow,3,104,16,needs,medium,1956,29,40,24709391
Moscow,2,85,8,not_needs,good,2005,5,40,45406214
Moscow,4,106,17,not_needs,bad,1983,2,11,37356075
Moscow,2,64,12,not_needs,very bad,1970,2,11,13723536
Moscow,4,102,13,needs,good,1967,8,10,38875247
Moscow,1,46,6,needs,very good,2023,5,18,25304616
Moscow,2,74,11,not_needs,medium,2009,8,13,27504784
Moscow,1,68,5,not_needs,medium,1969,2,36,18908668
Moscow,2,54,5,needs,bad,1968,3,10,12183411
Moscow,4,107,13,not_needs,medium,1966,8,8,31922520
Moscow,3,91,16,needs,bad,1988,8,18,23420818
Moscow,1,58,9,needs,bad,2000,19,23,14646549
Moscow,5,134,24,absolutely_needs,medium,2015,6,13,41592476
Moscow,3,101,16,needs,good,1998,16,17,34696499
Moscow,4,95,13,not_needs,bad,2008,19,35,38967216
Moscow,3,103,13,not_needs,good,2024,6,10,50874701
Moscow,1,38,9,needs,medium,1990,21,31,12663280
Moscow,4,125,16,not_needs,bad,1972,10,14,41085751
Moscow,3,93,19,needs,medium,1979,9,22,30277959
Moscow,1,58,9,not_needs,medium,1991,2,6,23125838
Moscow,2,71,7,not_needs,medium,1998,8,32,23417788
Moscow,1,43,8,not_needs,medium,1988,13,26,13361762
Moscow,2,84,10,not_needs,bad,2008,2,5,30440417
Moscow,4,95,16,absolutely_needs,bad,2011,15,18,30229797
Moscow,3,93,7,needs,medium,1992,12,12,29337289
Moscow,1,54,8,not_needs,bad,2023,2,5,22054030
Moscow,4,103,16,absolutely_needs,very bad,1970,7,24,16471004
Moscow,5,141,17,not_needs,good,2007,20,23,80100431
Moscow,3,89,9,needs,medium,1986,11,25,24504198
Moscow,3,93,12,not_needs,medium,2011,8,31,41430375
Moscow,1,59,8,not_needs,good,1970,26,34,21049312
Moscow,2,87,13,absolutely_needs,medium,1986,9,13,24346769
Moscow,3,84,10,absolutely_needs,medium,1986,20,26,20705171
Moscow,2,107,10,not_needs,medium,2023,4,4,50169488
Moscow,2,76,8,needs,very bad,2007,20,20,17594337
Moscow,4,118,18,needs,bad,1991,38,39,30114901
Moscow,1,59,9,needs,very bad,2007,11,20,12849153
Moscow,5,122,16,not_needs,medium,1983,4,10,42049895
Moscow,4,109,15,needs,very good,2015,14,27,59658944
Moscow,1,58,8,not_needs,medium,1955,31,31,17299886
Moscow,4,124,16,needs,medium,2014,27,40,53867476
Moscow,5,125,18,needs,medium,1957,11,39,33195730
Moscow,3,88,17,absolutely_needs,medium,1978,13,15,20375901
Moscow,4,94,10,needs,very bad,2024,5,6,24400750
Moscow,3,88,15,absolutely_needs,medium,1958,1,24,19934490
Moscow,1,39,11,not_needs,good,1982,13,28,13903866
Moscow,1,64,8,not_needs,bad,1965,4,5,17479192
Moscow,2,61,7,needs,medium,2020,8,24,19729841
Moscow,2,68,11,not_needs,medium,1986,7,21,25590414
Moscow,3,98,15,absolutely_needs,bad,1999,17,35,22257608
Moscow,2,79,10,needs,very good,2013,4,25,46779235
Moscow,1,63,6,not_needs,very good,2016,1,22,42243359
Moscow,2,80,5,needs,medium,1998,2,31,26509133
Moscow,1,38,7,needs,medium,1968,22,29,9635392
Moscow,5,115,19,needs,bad,1967,34,35,31264089
Moscow,3,75,17,not_needs,bad,1969,11,27,22161524
Moscow,1,41,5,not_needs,very bad,1965,19,35,8330249
Moscow,1,80,9,needs,good,1991,3,8,32636367
Moscow,2,59,10,needs,good,1963,3,15,16472966
Moscow,1,47,11,needs,medium,1987,7,23,14361223
Moscow,1,57,14,absolutely_needs,medium,1981,3,8,12783328
Moscow,1,61,10,needs,medium,1955,26,32,12865739
Moscow,2,64,9,not_needs,good,1962,13,17,19871541
Moscow,3,93,14,not_needs,very good,1990,26,32,44051503
Moscow,2,79,12,absolutely_needs,very good,1978,22,27,29537216
Moscow,4,117,12,absolutely_needs,bad,1975,8,8,28818788
Moscow,1,55,8,needs,very good,1985,12,21,27843143
Moscow,1,55,6,needs,good,1964,5,9,17242205
Moscow,5,122,18,needs,medium,1957,3,13,33901032
Moscow,1,44,10,needs,good,1983,8,22,15053317
Moscow,4,117,16,absolutely_needs,medium,2018,1,16,38470327
Moscow,1,90,10,not_needs,medium,2019,12,14,40418439
Moscow,5,148,17,absolutely_needs,medium,1991,5,38,45230243
Moscow,1,62,9,needs,bad,2022,1,12,16298856
Moscow,1,40,9,needs,medium,1982,3,7,10479448
Moscow,1,42,10,needs,medium,1979,25,25,11164296
Moscow,3,94,14,not_needs,medium,2018,19,38,42971770
Moscow,2,64,7,not_needs,very bad,1986,38,38,13345244
Moscow,3,85,16,needs,very bad,2015,17,32,20824102
Moscow,1,66,10,needs,good,2015,16,39,31337483
Moscow,2,80,11,needs,bad,1984,1,19,17465633
Moscow,2,67,12,not_needs,very good,2023,18,21,49038873
Moscow,4,105,15,needs,good,1967,7,12,33786098
Moscow,4,142,16,not_needs,medium,1973,13,17,43594784
Moscow,2,73,13,not_needs,very good,1963,2,5,29972193
Moscow,2,64,13,not_needs,bad,1988,10,21,19084975
Moscow,4,117,16,not_needs,bad,1961,8,8,34294524
Moscow,2,63,8,needs,good,1976,13,31,22517594
Moscow,1,63,8,absolutely_needs,medium,1979,2,10,17928209
Moscow,3,92,13,needs,medium,2021,12,35,30046300
Moscow,2,74,12,not_needs,bad,1968,4,16,18915366
Moscow,2,67,11,needs,very good,1975,2,3,31261937
Moscow,3,99,12,needs,very good,2004,25,25,43259306
Moscow,2,74,11,not_needs,good,1960,3,4,26696227
Moscow,3,82,10,needs,medium,1957,2,30,22063803
Moscow,3,97,10,absolutely_needs,bad,2005,13,37,27167775
Moscow,3,81,12,not_needs,good,2024,6,29,40231288
Moscow,1,48,5,not_needs,good,2018,2,26,26008483
Moscow,2,45,14,needs,medium,1978,1,3,12559531
Moscow,4,81,13,needs,medium,1955,7,17,19309454
Moscow,3,69,12,needs,very bad,1957,8,9,10535236
Moscow,1,22,6,needs,medium,1964,2,7,5513883
Moscow,4,113,16,needs,good,2003,3,24,49923248
Moscow,1,61,12,absolutely_needs,good,2022,17,22,26307742
Moscow,4,103,14,needs,good,1958,12,13,33459383
Moscow,2,68,16,not_needs,bad,2018,3,4,21518537
Moscow,2,74,12,needs,bad,2003,37,40,20315134
Moscow,2,79,14,absolutely_needs,medium,2009,9,29,26525624
Moscow,3,94,15,absolutely_needs,bad,2015,12,12,21276089
Moscow,1,57,16,needs,very bad,1978,1,13,11591985
Moscow,2,71,13,needs,bad,2025,7,31,20507359
Moscow,2,81,13,needs,good,1988,22,29,30158856
Moscow,1,70,13,needs,very good,2003,20,36,35510402
Moscow,2,91,14,absolutely_needs,very good,1964,22,40,28681691
Moscow,3,111,12,not_needs,very bad,2006,5,5,30862639
Moscow,3,88,15,not_needs,good,1988,22,36,38365485
Moscow,3,105,13,needs,bad,2025,6,15,34052546
Moscow,2,60,10,not_needs,medium,2015,9,21,26417676
Moscow,3,83,11,needs,bad,1962,20,25,19794140
Moscow,3,81,17,needs,good,1956,2,9,24252680
Moscow,2,81,5,needs,medium,2006,2,30,24294973
Moscow,1,69,15,absolutely_needs,bad,1982,35,37,14553654
Moscow,3,93,12,not_needs,bad,2011,18,22,36094458
Moscow,2,85,11,needs,medium,2001,34,38,30523601
Moscow,2,69,10,needs,good,2022,17,22,27123843
Moscow,5,118,15,absolutely_needs,medium,2017,21,32,36317906
Moscow,1,40,9,needs,medium,1971,1,20,9434925
Moscow,2,81,11,not_needs,very good,1985,13,14,46020176
Moscow,3,67,13,not_needs,very bad,2004,5,8,18761436
Moscow,3,91,13,needs,medium,1977,17,33,24155687
Moscow,2,73,13,needs,medium,1967,10,22,19564417
Moscow,2,72,6,needs,very bad,1993,5,15,15744800
Moscow,1,70,12,not_needs,medium,2008,4,29,27235688
Moscow,1,76,10,not_needs,medium,1981,6,6,27184130
Moscow,2,53,11,not_needs,bad,2015,3,3,15883859
Moscow,4,132,16,absolutely_needs,medium,1997,1,16,38093202
Moscow,2,76,11,needs,bad,2001,15,19,23731815
Moscow,1,63,11,needs,good,1985,23,24,24201600
Moscow,1,52,14,needs,good,1971,15,18,18768071
Moscow,3,66,14,not_needs,bad,1964,2,6,18332560
Moscow,4,110,18,needs,very good,1971,8,21,47596853
Moscow,2,52,12,not_needs,medium,2025,7,28,23590368
Moscow,2,64,9,needs,good,1969,4,6,21836418
Moscow,3,96,14,not_needs,good,2013,4,13,49470497
Moscow,4,135,16,needs,good,2012,9,36,68645874
Moscow,2,51,14,needs,medium,1977,7,31,13522968
Moscow,2,62,11,needs,medium,1959,21,34,15934056
Moscow,2,69,6,not_needs,medium,1971,9,14,23280810
Moscow,2,65,15,needs,medium,1965,7,22,18049162
Moscow,1,46,9,not_needs,medium,1966,11,21,15869814
Moscow,4,118,18,not_needs,medium,1957,22,39,38162419
Moscow,2,72,9,needs,good,1956,18,24,19201106
Moscow,3,120,10,not_needs,bad,1972,7,20,30166343
Moscow,2,66,12,needs,good,1991,11,19,24086840
Moscow,1,38,8,not_needs,medium,1964,7,22,9922373
Moscow,1,64,13,needs,bad,1997,7,23,18549285
Moscow,2,52,12,needs,good,1967,11,20,17776659
Moscow,1,57,5,not_needs,good,2022,2,40,26236332
Moscow,4,105,18,needs,good,2004,6,11,47694672
Moscow,4,120,12,not_needs,medium,1996,1,4,50102201
Moscow,5,131,16,not_needs,very bad,2018,9,38,40244259
Moscow,3,92,13,not_needs,bad,1988,4,23,26666983
Moscow,1,58,8,needs,very good,1993,5,7,29895247
Moscow,1,41,6,needs,medium,1960,28,33,10797824
Moscow,3,121,16,absolutely_needs,medium,1959,16,25,24803323
Moscow,2,87,14,not_needs,good,1956,7,37,25918705
Moscow,1,36,10,not_needs,medium,1997,4,4,12367020
Moscow,3,102,11,needs,medium,2020,40,40,39422919
Moscow,3,113,15,not_needs,good,1987,17,31,49659984
Moscow,3,86,19,needs,medium,1968,2,26,21398197
Moscow,1,62,12,needs,good,1959,19,32,17965551
Moscow,2,68,15,needs,good,1974,18,23,24227562
Moscow,2,80,10,needs,bad,1977,9,38,17402430
Moscow,2,62,9,absolutely_needs,medium,2008,1,11,16702416
Moscow,1,48,8,absolutely_needs,medium,1983,4,26,11401561
Moscow,1,65,11,not_needs,very bad,1978,11,20,13552146
Moscow,1,54,14,not_needs,medium,1998,7,11,18157780
Moscow,5,139,14,absolutely_needs,very good,1963,11,24,57815029
Moscow,2,71,14,needs,very good,1959,11,17,28007353
Moscow,1,48,11,not_needs,bad,1978,4,7,11885804
Moscow,3,110,13,absolutely_needs,good,1966,7,8,31342286
Moscow,3,82,21,needs,bad,1991,12,16,23921660
Moscow,3,69,11,absolutely_needs,bad,1961,18,25,14794624
Moscow,1,49,7,not_needs,medium,2007,8,28,21870301
Moscow,4,113,16,needs,very good,1965,4,18,45711316
Moscow,1,54,8,needs,medium,2019,27,27,19386306
Moscow,2,67,8,not_needs,medium,1968,6,6,18150871
Moscow,4,110,12,not_needs,good,2003,7,10,57112503
Moscow,1,79,13,absolutely_needs,bad,1959,6,29,14959501
Moscow,1,40,8,needs,medium,1964,32,38,10290354
Moscow,3,83,15,needs,good,1961,11,14,23516588
Moscow,3,109,12,not_needs,very bad,1992,16,27,26248013
Moscow,4,112,19,not_needs,good,1974,4,7,41851373
Moscow,2,70,5,absolutely_needs,medium,1963,12,25,14889493
Moscow,4,94,15,needs,very bad,2011,12,24,23112685
Moscow,5,119,22,needs,medium,1976,1,37,38374834
Moscow,3,95,11,needs,very good,2000,4,10,51708687
Moscow,1,53,10,absolutely_needs,medium,2016,16,26,15554832
Moscow,1,72,11,needs,good,1972,3,21,23390156
Moscow,2,59,17,not_needs,very good,1977,3,5,30964115
Moscow,4,106,14,needs,medium,1998,1,3,32746549
Moscow,1,51,8,needs,bad,1993,26,34,13844657
Moscow,4,85,12,absolutely_needs,very bad,1988,2,15,16816969
Moscow,1,49,11,not_needs,good,1958,3,11,17689911
Moscow,2,78,14,needs,medium,2021,1,39,28942388
Moscow,3,107,13,needs,bad,2009,2,8,28683076
Moscow,2,84,15,needs,bad,1968,2,28,17175029
Moscow,3,78,12,not_needs,very bad,1993,10,11,21389758
Moscow,4,112,14,absolutely_needs,medium,1981,1,6,33505125
Moscow,1,66,10,needs,good,1959,3,4,17130910
Moscow,2,58,14,absolutely_needs,medium,1968,12,30,12040218
Moscow,4,118,12,not_needs,good,2022,7,7,67288412
Moscow,1,46,14,not_needs,very good,1997,7,8,27350366
Moscow,5,115,15,needs,very bad,2007,7,7,32253317
Moscow,1,40,7,not_needs,very bad,1959,1,16,8450792
Moscow,1,64,8,not_needs,good,1972,1,26,22578532
Moscow,2,80,12,not_needs,good,2021,14,24,45797916
Moscow,3,100,11,absolutely_needs,bad,1971,1,6,18651426
Moscow,3,98,18,needs,good,1965,4,5,26724413
Moscow,1,51,10,absolutely_needs,good,1957,19,23,14334329
Moscow,3,97,13,absolutely_needs,medium,1989,11,31,26442505
Moscow,1,47,9,needs,medium,1972,20,20,13848410
Moscow,2,66,9,needs,medium,1963,2,13,18337478
Moscow,4,119,10,absolutely_needs,medium,1984,13,22,36495441
Moscow,1,47,11,not_needs,very bad,1958,3,13,8378150
Moscow,2,57,8,absolutely_needs,very good,2024,4,21,31781021
Moscow,2,71,14,needs,good,2004,19,32,28950111
Moscow,2,79,10,needs,very bad,1957,1,21,13375203
Moscow,3,100,10,not_needs,medium,1985,2,13,35559986
Moscow,2,86,15,absolutely_needs,medium,2022,13,17,31507606
Moscow,2,73,13,needs,very bad,1959,20,21,11292733
Moscow,4,104,16,not_needs,very bad,1985,20,32,24482387
Moscow,1,59,10,not_needs,good,1985,14,14,24582025
Moscow,4,112,18,needs,very good,1996,19,36,50943957
Moscow,1,75,7,needs,good,1992,4,11,28370828
Moscow,2,68,12,not_needs,good,2004,2,10,32676637
Moscow,3,89,12,needs,very bad,1963,12,22,16003466
Moscow,2,69,15,needs,medium,1967,17,24,18695861
Moscow,2,86,10,absolutely_needs,medium,2004,17,28,25138420
Moscow,4,103,16,absolutely_needs,medium,1980,1,3,30028051
Moscow,2,85,14,needs,very good,2016,4,22,42281885
Moscow,3,86,12,not_needs,bad,1965,10,22,24957342
Moscow,1,47,12,not_needs,bad,1960,12,13,12120494
Moscow,1,66,10,needs,good,1958,20,21,18305617
Moscow,2,51,10,absolutely_needs,medium,1964,36,36,10700021
Moscow,1,36,8,needs,good,1959,2,30,11230623
Moscow,2,76,12,not_needs,good,1961,24,35,29122283
Moscow,2,69,5,needs,medium,2008,5,20,22651632
Moscow,1,28,10,needs,very bad,1968,4,5,5758493
Moscow,2,77,11,needs,good,2021,4,12,29634839
Moscow,1,63,9,absolutely_needs,very good,2021,11,34,33205946
Moscow,2,65,11,not_needs,good,2006,5,17,29227998
Moscow,2,53,9,needs,medium,1986,16,31,16222107
Moscow,2,51,10,not_needs,medium,1975,9,9,17563961
Moscow,2,82,15,needs,medium,1969,19,24,19127117
Moscow,4,85,15,needs,good,1971,20,24,32873589
Moscow,2,88,11,needs,good,2000,19,30,34714184
Moscow,3,96,14,not_needs,very good,1997,22,22,58269528
Moscow,3,76,14,needs,good,1993,3,29,31586229
Moscow,1,56,9,not_needs,bad,2003,18,40,18433280
Moscow,1,55,5,not_needs,good,1966,1,7,17766501
Moscow,2,76,9,needs,good,2007,14,15,29834706
Moscow,2,79,16,not_needs,good,1963,4,23,28714358
Moscow,2,70,14,not_needs,very good,2021,4,4,43907096
Moscow,3,92,12,not_needs,very good,1968,19,21,46876447
Moscow,2,82,12,needs,medium,2025,7,9,29498171
Moscow,2,91,11,not_needs,very bad,2007,6,8,27314416
Moscow,2,89,13,not_needs,medium,2025,30,37,36871653
Moscow,3,79,14,not_needs,very bad,1961,8,17,17865606
Moscow,4,114,14,needs,medium,1973,9,28,38001225
Moscow,1,52,5,not_needs,bad,1969,5,7,13165988
Moscow,3,90,17,needs,bad,1986,17,24,25943264
Moscow,3,87,15,needs,good,2014,3,16,40999656
Moscow,3,88,11,needs,medium,2008,2,10,31040086
Moscow,1,68,5,needs,medium,2012,11,39,20964745
Moscow,3,82,15,needs,medium,1974,22,28,25023108
Moscow,1,41,11,absolutely_needs,medium,1969,9,16,8835818
Moscow,2,73,10,not_needs,good,2019,3,11,34655671
Moscow,2,98,11,needs,medium,1981,36,37,29473639
Moscow,1,46,8,needs,medium,1981,29,32,11841681
Moscow,3,86,11,absolutely_needs,bad,1989,11,15,19028975
Moscow,5,145,17,needs,very bad,1971,2,29,31899282
Moscow,2,64,10,not_needs,medium,1956,13,25,16871879
Moscow,2,88,9,needs,good,2001,1,6,35272014
Moscow,4,109,20,not_needs,good,2008,9,15,59988371
Moscow,3,106,11,needs,good,1995,6,9,44072704
Moscow,3,75,9,not_needs,good,2005,13,22,39236273
Moscow,2,91,10,not_needs,good,1970,30,30,32787251
Moscow,1,63,10,not_needs,very bad,1991,10,12,14895390
Moscow,4,114,14,not_needs,medium,2007,3,35,48526853
Moscow,2,75,12,not_needs,bad,2020,1,22,24681387
Moscow,1,43,11,not_needs,medium,2014,16,19,18406197
Moscow,4,97,15,needs,good,2013,15,22,46959260
Moscow,1,54,5,needs,very good,1989,3,28,25086057
Moscow,4,95,15,needs,good,1979,32,34,33835714
Moscow,1,53,11,needs,good,1993,5,7,18853242
Moscow,1,46,7,absolutely_needs,very bad,1967,14,27,7854764
Moscow,3,100,15,absolutely_needs,medium,2014,22,38,30831167
Moscow,2,76,9,not_needs,good,2003,2,8,36670077
Moscow,2,68,15,not_needs,medium,1975,9,16,22882245
Moscow,2,107,10,needs,medium,1988,8,13,34328351
Moscow,1,48,9,not_needs,medium,2016,11,16,22524273
Moscow,2,58,12,needs,medium,1971,14,27,14882419
Moscow,2,73,14,not_needs,medium,1981,3,12,22008411
Moscow,2,79,12,needs,very good,1979,1,33,33001127
Moscow,1,33,10,absolutely_needs,bad,2014,3,8,9979658
Moscow,2,74,16,not_needs,medium,1956,2,10,23241965
Moscow,3,74,12,needs,very good,1961,24,24,24679121
Moscow,3,89,14,needs,medium,2020,30,35,31870151
Moscow,1,60,10,needs,medium,2008,25,30,21600761
Moscow,3,91,13,needs,medium,2013,21,29,35373223
Moscow,2,71,10,needs,good,2020,10,18,28990078
Moscow,4,135,14,needs,medium,1969,2,23,42623120
Moscow,1,52,9,needs,very bad,1971,20,33,9302640
Moscow,2,72,18,needs,very bad,1961,18,22,11716680
Moscow,3,87,13,needs,good,2007,4,15,35060625
Moscow,5,136,14,not_needs,medium,1959,1,6,45221082
Moscow,1,59,11,needs,bad,1964,3,23,11579183
Moscow,2,69,8,absolutely_needs,very good,1965,3,29,23963419
Moscow,1,59,12,not_needs,medium,2001,3,37,20187871
Moscow,2,59,8,needs,very bad,1981,1,8,11360704
Moscow,5,149,15,needs,medium,2006,10,23,47737317
Moscow,1,85,5,needs,good,1967,1,6,28077065
Moscow,1,50,6,not_needs,bad,2011,3,5,16207000
Moscow,1,59,9,needs,medium,1995,4,8,18603471
Moscow,1,38,6,not_needs,very good,1984,8,40,22067997
Moscow,3,94,16,needs,medium,2019,10,14,35681757
Moscow,2,63,13,needs,good,1992,29,34,25298760
Moscow,1,47,15,needs,bad,1973,9,17,10658578
Moscow,3,82,15,not_needs,good,1989,5,9,33222579
Moscow,5,125,14,absolutely_needs,good,2023,10,20,54601372
Moscow,1,58,10,needs,bad,2012,22,31,18049951
Moscow,2,83,12,needs,medium,1983,31,37,22323136
Moscow,2,60,12,not_needs,medium,1962,11,14,17970560
Moscow,3,99,11,not_needs,good,1962,7,14,32276761
Moscow,1,66,10,needs,very good,1978,5,8,29542091
Moscow,2,87,12,not_needs,good,1961,20,29,34102911
Moscow,2,92,14,needs,good,1998,28,36,36751278
Moscow,4,99,12,not_needs,good,2022,16,22,53699921
Moscow,5,122,18,not_needs,very good,1994,16,33,75302295
Moscow,2,71,11,not_needs,medium,1956,12,33,21202730
Moscow,3,90,11,needs,medium,1958,2,33,19495596
Moscow,3,98,14,needs,medium,1972,17,17,25928728
Moscow,2,72,12,needs,bad,2003,1,4,18330572
Moscow,4,109,14,needs,very bad,1972,1,20,21710312
Moscow,2,59,9,needs,good,1972,14,14,19423497
Moscow,5,128,16,not_needs,bad,2006,3,14,46294646
Moscow,4,119,20,absolutely_needs,medium,1966,5,37,31577481
Moscow,2,83,12,not_needs,bad,1991,5,5,22619298
Moscow,1,51,11,not_needs,good,1961,4,35,16518191
Moscow,1,48,11,needs,medium,2004,20,26,14504281
Moscow,2,65,9,needs,good,1968,2,15,18126999
Moscow,2,70,11,absolutely_needs,medium,2016,23,40,22560725
Moscow,1,43,8,absolutely_needs,very bad,1983,15,20,7614595
Moscow,4,107,15,needs,good,2010,21,32,48433616
Moscow,3,90,9,needs,good,2024,1,14,34950510
Moscow,1,60,13,needs,very bad,1960,7,10,11838249
Moscow,1,39,9,needs,good,1991,6,19,14281906
Moscow,3,99,13,not_needs,medium,2025,18,34,47595188
Moscow,1,60,10,absolutely_needs,good,2018,33,38,22218269
Moscow,3,91,14,needs,very good,1966,13,13,39402798
Moscow,3,101,14,needs,good,2009,1,10,39311765
Moscow,2,77,9,not_needs,good,1988,21,25,31499612
Moscow,1,56,12,needs,medium,2009,4,9,20943015
Moscow,1,54,13,not_needs,good,2021,17,38,27066175
Moscow,4,116,23,absolutely_needs,medium,2013,2,28,41647708
Moscow,4,120,18,needs,very bad,2021,7,10,36585963
Moscow,1,58,10,absolutely_needs,bad,1996,17,33,14219722
Moscow,1,43,7,needs,good,2009,33,33,18876720
Moscow,1,73,9,not_needs,good,1989,2,25,29749786
Moscow,2,87,15,not_needs,medium,1993,28,36,33944240
Moscow,1,66,8,absolutely_needs,medium,2005,3,19,19775814
Moscow,1,43,10,not_needs,bad,2006,9,19,12637940
Moscow,2,69,9,needs,very good,1962,6,11,23987999
Moscow,3,83,11,not_needs,medium,2008,5,34,31969279
Moscow,2,89,11,not_needs,good,2015,3,15,38742541
Moscow,1,69,7,not_needs,medium,2020,18,32,26838010
Moscow,2,78,5,needs,good,1999,2,11,26657566
Moscow,1,55,11,needs,medium,1967,8,12,14929863
Moscow,2,56,11,not_needs,medium,1975,2,8,19848611
Moscow,2,96,8,needs,bad,2013,4,4,26563245
Moscow,1,50,9,needs,medium,1994,26,28,15824229
Moscow,2,78,9,not_needs,medium,2024,4,7,34278796
Moscow,2,75,7,needs,medium,2005,1,14,23025844
Moscow,5,132,17,not_needs,medium,1966,21,34,40478558
Moscow,4,107,14,needs,medium,2021,1,5,37767479
Moscow,4,83,11,needs,good,2000,19,21,38824840
Moscow,1,61,8,not_needs,medium,2009,10,32,27785861
Moscow,1,58,13,not_needs,medium,1989,23,23,21548359
Moscow,1,50,7,needs,medium,1955,15,32,11078854
Moscow,3,107,12,absolutely_needs,good,1991,6,7,31653035
Moscow,2,82,9,needs,very bad,2024,20,26,23129626
Moscow,4,123,17,needs,good,2006,1,12,52289146
Moscow,3,75,12,not_needs,very bad,1990,17,35,20712807
Moscow,1,78,11,needs,very good,1957,5,22,27623483
Moscow,1,30,9,not_needs,very bad,1987,6,7,6426397
Moscow,3,92,11,absolutely_needs,good,2009,12,13,35558038
Moscow,5,120,16,not_needs,good,1962,30,36,40422483
Moscow,2,85,12,needs,bad,2017,1,9,27154692
Moscow,1,46,14,not_needs,good,1996,17,34,22510847
Moscow,5,132,17,not_needs,very good,1990,1,5,80495018
Moscow,1,76,7,needs,very good,1983,1,4,29345758
Moscow,2,77,8,not_needs,very good,2020,4,11,51966235
Moscow,2,87,8,needs,good,1962,4,30,27889178
Moscow,2,81,10,needs,medium,1964,23,39,21057390
Moscow,1,65,9,not_needs,medium,1990,35,38,22319833
Moscow,1,54,9,needs,medium,1986,2,7,16943741
Moscow,1,73,12,absolutely_needs,bad,2024,2,9,20408038
Moscow,1,59,7,needs,bad,2020,8,11,18270599
Moscow,4,116,15,not_needs,good,2002,4,28,52051487
Moscow,2,65,9,absolutely_needs,medium,2020,15,18,21527836
Moscow,2,83,8,needs,bad,2004,15,17,20821655
Moscow,1,62,10,absolutely_needs,bad,1962,1,13,12390189
Moscow,5,133,16,needs,medium,2009,12,15,49151582
Moscow,4,114,12,not_needs,good,1972,30,40,45870673
Moscow,3,93,16,needs,very good,2018,7,12,48646357
Moscow,2,71,13,absolutely_needs,medium,1961,27,32,15209380
Moscow,3,101,15,needs,bad,1986,18,19,26536613
Moscow,2,73,12,not_needs,bad,1993,5,24,20131082
Moscow,2,68,11,not_needs,medium,2009,4,5,26222279
Moscow,1,43,16,absolutely_needs,very bad,2003,14,18,9214143
Moscow,1,78,10,needs,very bad,1994,5,16,17869039
Moscow,4,99,12,needs,medium,1992,2,5,37301040
Moscow,2,66,15,needs,medium,2020,2,18,27004763
Moscow,2,64,12,needs,medium,2001,21,38,22362441
Moscow,3,93,13,needs,very bad,2022,2,3,21509716
Moscow,1,62,8,needs,very good,2025,2,3,39476656
Moscow,4,100,8,needs,very bad,1987,6,8,25748607
Moscow,2,83,9,not_needs,good,1989,10,21,34989148
Moscow,1,48,8,needs,medium,2023,17,20,17633222
Moscow,2,77,9,needs,very good,1991,26,30,31351074
Moscow,1,56,11,not_needs,bad,1980,21,37,16911990
Moscow,2,69,9,not_needs,good,1984,30,30,28483270
Moscow,1,48,13,absolutely_needs,very bad,2003,3,9,8925523
Moscow,1,55,8,needs,medium,1974,22,34,14510939
Moscow,1,52,9,not_needs,good,1957,25,31,16019235
Moscow,1,66,11,needs,very bad,1999,7,10,15133356
Moscow,4,107,15,needs,medium,2019,24,35,41640261
Moscow,3,98,9,needs,medium,2004,4,7,33484341
Moscow,1,49,10,not_needs,medium,1997,14,36,17610300
Moscow,4,122,11,not_needs,medium,2004,1,8,45376706
Moscow,1,63,9,needs,bad,1969,20,28,15885096
Moscow,3,106,11,not_needs,good,1967,19,21,39889169
Moscow,4,133,16,needs,medium,2011,5,20,56237256
Moscow,2,78,13,needs,medium,2020,5,7,26105979
Moscow,1,55,12,not_needs,medium,2015,4,10,21578090
Moscow,3,92,12,absolutely_needs,medium,1972,3,11,21472908
Moscow,3,90,14,not_needs,medium,1982,16,18,30993782
Moscow,3,84,12,needs,good,2001,5,5,34443203
Moscow,1,42,7,needs,bad,1985,9,38,11317970
Moscow,1,58,7,absolutely_needs,bad,1972,20,35,11527806
Moscow,2,81,9,not_needs,medium,2012,16,24,33866723
Moscow,2,88,7,not_needs,very good,2012,4,5,50043445
Moscow,2,81,12,not_needs,bad,1997,4,10,23113689
Moscow,1,41,10,needs,medium,1980,14,27,10848536
Moscow,2,80,12,absolutely_needs,good,1991,4,15,23171920
Moscow,2,69,12,needs,medium,2004,24,28,23435747
Moscow,1,42,7,not_needs,medium,2015,2,5,17178352
Moscow,4,85,15,not_needs,medium,1999,11,22,34266133
Moscow,2,62,10,needs,very bad,2015,1,7,15218694
Moscow,1,57,5,needs,good,2017,20,35,22463195
Moscow,2,76,8,absolutely_needs,good,1997,8,8,28431055
Moscow,1,64,7,needs,good,1963,9,11,20010752
Moscow,2,53,13,absolutely_needs,medium,2006,5,24,17707469
Moscow,2,96,15,needs,medium,1974,4,9,25628251
Moscow,2,73,7,needs,bad,1983,6,26,19430017
Moscow,1,48,11,needs,very good,1958,8,21,19164093
Moscow,2,60,10,needs,medium,1956,15,34,16539400
Moscow,2,66,11,needs,good,2013,19,31,26525394
Moscow,1,35,14,needs,medium,2015,5,11,13658356
Moscow,1,37,9,not_needs,bad,2021,4,9,13871071
Moscow,3,101,13,needs,medium,1994,19,29,32503762
Moscow,1,36,5,needs,very good,2020,11,14,18148608
Moscow,1,39,13,not_needs,bad,1971,2,22,10838136
Moscow,2,64,14,not_needs,good,1978,2,4,25422272
Moscow,4,107,17,absolutely_needs,bad,2024,1,8,26826465
Moscow,2,56,13,not_needs,very good,1976,2,21,24807092
Moscow,2,78,7,needs,bad,1976,9,22,19803165
Moscow,3,104,14,needs,very bad,1967,24,31,16745095
Moscow,2,70,10,absolutely_needs,good,1996,9,23,26112156
Moscow,1,52,10,not_needs,medium,1995,1,3,16478934
Moscow,3,91,18,needs,good,1974,13,28,28453523
Moscow,1,47,7,absolutely_needs,very bad,1967,6,16,8564837
Moscow,1,44,7,needs,very good,1965,9,36,16995604
Moscow,2,80,10,needs,bad,1963,3,39,15622036
Moscow,1,75,12,needs,bad,1958,6,38,17036706
Moscow,4,117,14,needs,medium,2005,3,3,37186570
Moscow,2,83,11,needs,bad,1962,12,39,18740670
Moscow,2,67,15,absolutely_needs,medium,2013,10,14,19582444
Moscow,3,92,13,needs,medium,1980,25,40,27769112
Moscow,2,79,11,needs,very bad,1981,16,19,17744736
Moscow,4,129,13,needs,good,1997,24,27,57721750
Moscow,2,81,9,needs,very good,2006,20,34,46746358
Moscow,2,56,15,not_needs,medium,1998,8,9,20200854
Moscow,2,100,13,not_needs,medium,2009,23,24,37471933
Moscow,1,81,13,absolutely_needs,medium,2008,4,5,25474477
Moscow,5,132,14,needs,medium,1975,29,30,38358519
Moscow,3,79,13,needs,medium,1960,1,23,16789506
Moscow,3,77,11,not_needs,bad,1965,13,37,22066408
Moscow,2,54,11,needs,bad,1975,9,12,13818263
Moscow,3,85,12,absolutely_needs,medium,1974,3,12,22923712
Moscow,2,81,13,needs,good,2008,21,29,37173514
Moscow,3,88,14,needs,very good,2019,25,31,47231910
Moscow,2,66,11,not_needs,very good,2015,1,4,43819866
Moscow,2,83,13,not_needs,bad,1977,1,8,19367454
Moscow,2,77,9,not_needs,bad,2007,4,14,24096065
Moscow,3,97,10,absolutely_needs,good,1971,9,30,25687465
Moscow,2,80,9,needs,medium,2013,8,19,27676092
Moscow,2,87,10,needs,good,1957,4,40,24844273
Moscow,1,50,14,not_needs,bad,1966,8,22,12178568
Moscow,3,80,11,absolutely_needs,medium,2006,7,9,26971305
Moscow,1,85,10,not_needs,very bad,2009,20,40,24872570
Moscow,5,118,19,needs,medium,1997,5,32,42921227
Moscow,2,90,13,absolutely_needs,very good,1988,19,22,32802040
Moscow,3,101,16,not_needs,bad,2023,3,10,35789958
Moscow,2,63,11,not_needs,bad,1991,3,4,19531529
Moscow,1,60,10,absolutely_needs,good,1959,5,31,14175438
Moscow,3,95,16,absolutely_needs,medium,1987,7,8,26343880
Moscow,1,41,13,needs,bad,2003,8,8,11172060
Moscow,2,64,11,not_needs,good,2021,7,18,36321118
Moscow,1,57,14,needs,good,1977,9,16,18537365
Moscow,4,110,19,absolutely_needs,bad,1971,5,14,24326087
Moscow,1,55,9,needs,good,1983,2,3,17464574
Moscow,2,78,15,needs,bad,1969,2,16,16143481
Moscow,2,56,7,not_needs,medium,2002,19,40,20535095
Moscow,1,63,12,needs,medium,1988,11,30,21001160
Moscow,3,94,16,not_needs,very bad,1981,17,34,22617899
Moscow,2,89,10,not_needs,medium,1958,7,24,25270327
Moscow,1,41,12,not_needs,good,1967,25,39,14343944
Moscow,2,65,11,absolutely_needs,bad,1973,12,12,14575163
Moscow,1,44,8,absolutely_needs,good,1968,12,16,10834614
Moscow,2,58,13,not_needs,good,1962,1,3,20913309
Moscow,3,93,12,not_needs,good,2005,39,40,44702937
Moscow,1,33,12,absolutely_needs,medium,1998,8,18,9636590
Moscow,3,80,14,needs,medium,1995,6,33,22605606
Moscow,4,104,16,needs,medium,1959,11,19,29572524
Moscow,1,44,11,needs,medium,2001,5,5,13902289
Moscow,4,132,13,not_needs,medium,1974,12,27,40108427
Moscow,3,101,14,needs,medium,1959,2,14,23045384
Moscow,2,47,8,absolutely_needs,good,1991,13,18,15751875
Moscow,2,79,12,needs,medium,1981,1,12,22393990
Moscow,1,51,8,needs,medium,1964,36,40,12472844
Moscow,1,46,11,needs,good,1964,4,19,12459953
Moscow,2,73,9,not_needs,good,2022,28,40,41161002
Moscow,3,65,14,not_needs,medium,1993,8,12,21688329
Moscow,2,73,15,needs,bad,1992,30,34,19041602
Moscow,1,62,8,needs,good,2009,17,17,22383156
Moscow,2,57,15,absolutely_needs,good,1996,2,9,21043729
Moscow,1,41,9,not_needs,medium,1993,25,37,16374660
Moscow,1,69,9,absolutely_needs,good,1977,20,36,19094781
Moscow,4,128,12,absolutely_needs,good,1962,39,40,33049053
Moscow,4,98,15,needs,very good,2025,21,32,56364929
Moscow,4,101,15,not_needs,very good,1966,12,15,52208715
Moscow,4,108,12,not_needs,good,2016,3,4,51800523
Moscow,1,47,13,needs,very bad,2023,2,32,13143865
Moscow,3,97,19,absolutely_needs,bad,2008,2,11,22250911
Moscow,4,57,16,needs,medium,1980,20,21,19034865
Moscow,3,91,7,not_needs,very bad,1977,22,40,21310256
Moscow,3,100,17,not_needs,medium,2025,10,11,40856984
Moscow,3,92,14,not_needs,good,2025,26,32,43675248
Moscow,1,52,9,not_needs,very good,1991,14,20,27441439
Moscow,2,86,11,not_needs,good,1998,17,30,42391999
Moscow,1,56,9,not_needs,good,1960,18,22,19739128
Moscow,3,102,12,not_needs,good,1977,6,15,42796547
Moscow,1,72,11,needs,bad,2003,9,18,22084298
Moscow,3,99,18,not_needs,very bad,1999,10,15,26411855
Moscow,2,81,11,needs,bad,1978,22,23,19514867
Moscow,4,100,17,not_needs,very good,2023,3,29,61395638
Moscow,1,50,12,needs,medium,1996,27,32,15005555
Moscow,3,93,13,not_needs,medium,2025,22,29,43116758
Moscow,1,72,9,absolutely_needs,bad,1975,16,28,13789205
Moscow,2,87,13,needs,medium,2024,3,3,34105116
Moscow,5,109,15,not_needs,bad,1973,6,13,28592205
Moscow,5,117,17,absolutely_needs,good,1992,20,23,45713434
Moscow,2,66,16,not_needs,bad,1956,3,4,15721397
Moscow,4,111,18,absolutely_needs,very good,2009,8,25,55363559
Moscow,1,58,13,not_needs,good,2011,6,8,26760701
Moscow,2,73,16,not_needs,bad,1977,11,34,22220686
Moscow,4,104,18,needs,medium,1972,16,24,28942364
Moscow,2,64,12,needs,good,2023,18,27,26010479
Moscow,3,80,13,needs,good,1959,6,34,24912638
Moscow,2,84,13,needs,medium,1992,2,34,23358765
Moscow,3,76,13,needs,medium,1966,2,19,21022450
Moscow,1,51,8,absolutely_needs,medium,1998,10,16,14759138
Moscow,5,139,15,absolutely_needs,medium,2008,23,33,47621376
Moscow,2,79,15,absolutely_needs,medium,1999,9,26,22044584
Moscow,5,140,18,not_needs,very good,2003,14,28,89883781
Moscow,2,87,14,absolutely_needs,medium,1980,5,5,21990436
Moscow,1,48,5,not_needs,good,2001,21,34,24242946
Moscow,3,121,13,absolutely_needs,very bad,1993,6,9,25583621
Moscow,3,105,16,not_needs,bad,2018,4,7,41123848
Moscow,4,114,20,needs,medium,1969,23,24,29792530
Moscow,1,70,9,needs,medium,2019,5,9,25109893
Moscow,2,74,10,needs,medium,2010,34,34,22324447
Moscow,1,56,7,needs,good,1993,4,23,18534245
Moscow,1,54,11,needs,medium,1962,10,12,12516472
Moscow,2,94,18,needs,bad,1989,12,36,22205883
Moscow,4,117,15,not_needs,medium,1962,1,4,34235356
Moscow,1,42,11,absolutely_needs,medium,1957,6,33,8114960
Moscow,3,58,16,absolutely_needs,very bad,1957,13,35,9061456
Moscow,3,100,8,absolutely_needs,medium,1993,2,30,28204190
Moscow,1,38,12,absolutely_needs,very good,2017,13,30,17555399
Moscow,3,82,13,needs,very good,1973,19,39,36399575
Moscow,2,73,14,not_needs,medium,1971,1,20,21038837
Moscow,1,73,9,needs,bad,1992,5,5,19577733
Moscow,3,94,12,needs,bad,1974,9,34,21930432
Moscow,1,58,13,not_needs,medium,2000,19,39,23773223
Moscow,2,81,5,needs,medium,1975,26,32,22251251
Moscow,1,64,11,not_needs,very good,1955,9,30,27383429
Moscow,2,86,11,needs,medium,2000,23,35,29791440
Moscow,5,133,17,not_needs,medium,1985,20,25,52778431
Moscow,2,91,12,not_needs,good,2024,1,3,41623566
Moscow,3,117,13,not_needs,medium,1999,17,23,40139940
Moscow,1,49,11,needs,bad,1988,3,7,14392729
Moscow,2,81,10,needs,medium,2003,27,32,23742541
Moscow,4,111,16,not_needs,medium,1974,10,37,35636856
Moscow,2,60,8,needs,bad,1995,3,8,14610903
Moscow,2,63,16,not_needs,medium,1987,9,20,20603663
Moscow,2,57,13,needs,good,2002,31,37,23620054
Moscow,1,51,8,not_needs,very good,1990,2,8,28356485
Moscow,2,70,9,not_needs,medium,1985,3,6,27101822
Moscow,3,121,16,absolutely_needs,bad,1961,8,30,24219850
Moscow,2,91,8,absolutely_needs,very bad,2011,6,36,19477584
Moscow,1,67,9,not_needs,bad,1982,1,5,19705087
Moscow,1,53,9,not_needs,very bad,1982,23,30,12874822
Moscow,2,61,6,not_needs,very good,1990,16,17,37196401
Moscow,1,67,8,not_needs,bad,2000,29,30,20049843
Moscow,2,70,9,not_needs,good,2014,11,15,33356561
Moscow,3,87,10,not_needs,bad,2022,1,6,30376094
Moscow,2,93,12,not_needs,medium,2024,17,27,36359093
Moscow,2,70,8,needs,medium,1996,9,11,22110857
Moscow,5,128,10,needs,medium,2016,27,35,45158124
Moscow,3,74,13,needs,medium,2017,2,17,27774301
Moscow,5,112,16,needs,medium,1962,24,26,30873352
Moscow,2,65,11,not_needs,medium,1988,27,32,23200922
Moscow,1,36,13,not_needs,medium,1971,12,26,12557521
Moscow,1,70,12,needs,bad,1975,9,10,18357051
Moscow,1,66,8,absolutely_needs,good,1980,7,8,22299627
Moscow,1,55,12,not_needs,bad,1969,12,28,13891985
Moscow,1,77,9,not_needs,medium,1987,16,20,24715700
Moscow,1,55,8,not_needs,good,1968,2,8,18871396
Moscow,3,113,14,needs,very good,1992,14,18,48296557
Moscow,2,60,11,needs,medium,2004,12,19,21119131
Moscow,3,84,13,absolutely_needs,medium,1971,2,13,19721538
Moscow,2,49,12,needs,medium,1997,10,18,15054456
Moscow,4,121,9,needs,good,1999,27,29,46560316
Moscow,3,106,11,needs,medium,2009,13,34,36640539
Moscow,1,49,6,not_needs,medium,1962,15,31,13461603
Moscow,3,83,12,needs,good,1994,2,30,33595680
Moscow,5,106,16,absolutely_needs,medium,2009,4,5,30747191
Moscow,3,98,17,needs,good,1979,17,40,37221746
Moscow,3,75,12,not_needs,very bad,1955,10,37,13796286
Moscow,3,104,13,needs,very bad,2015,10,28,25880218
Moscow,2,51,12,not_needs,good,1973,2,5,17256864
Moscow,5,118,14,absolutely_needs,good,1995,23,25,39385257
Moscow,3,96,11,needs,bad,2019,20,27,33584872
Moscow,2,87,9,needs,very good,1979,3,27,32878167
Moscow,2,67,10,needs,very bad,1976,19,19,11726287
Moscow,1,50,10,needs,good,2007,27,29,22870756
Moscow,2,73,10,needs,good,1958,2,39,23775152
Moscow,1,37,8,not_needs,medium,1966,20,24,10232568
Moscow,4,132,14,needs,very good,1962,8,20,57344850
Moscow,2,74,8,needs,good,2018,6,7,33570363
Moscow,3,84,17,not_needs,very good,1984,29,38,44779117
Moscow,3,90,18,not_needs,very bad,1973,29,39,22195387
Moscow,2,73,15,needs,very good,1976,8,18,28823364
Moscow,1,45,10,needs,bad,1956,19,33,8474394
Moscow,3,105,15,not_needs,very bad,1993,2,7,25181275
Moscow,2,94,15,not_needs,medium,1963,6,7,26169522
Moscow,1,52,10,not_needs,very bad,1955,1,12,10070163
Moscow,2,89,14,not_needs,very bad,2003,13,19,24738326
Moscow,3,93,19,absolutely_needs,medium,1978,27,38,25465301
Moscow,1,45,9,absolutely_needs,very bad,1962,4,33,7874897
Moscow,2,69,15,needs,medium,1990,18,26,21930514
Moscow,5,140,15,absolutely_needs,good,1978,10,22,50063733
Moscow,1,66,10,needs,good,1960,19,39,18958128
Moscow,2,85,10,not_needs,medium,1964,1,10,21300650
Moscow,2,78,11,needs,bad,1957,13,21,18193556
Moscow,4,122,17,not_needs,very bad,1987,21,34,35292140
Moscow,2,78,14,needs,medium,1990,3,21,24940222
Moscow,5,144,14,needs,bad,1990,27,30,42082526
Moscow,1,64,12,not_needs,medium,1960,12,36,19873917
Moscow,4,110,12,needs,medium,1982,22,26,31491781
Moscow,2,71,10,not_needs,medium,1965,4,12,21770042
Moscow,4,117,18,needs,very bad,2024,19,31,35811289
Moscow,2,91,8,absolutely_needs,very bad,2009,1,14,19034253
Moscow,2,50,10,not_needs,bad,1956,1,3,12666962
Moscow,2,77,9,absolutely_needs,bad,1975,13,14,16578754
Moscow,4,103,14,needs,good,2000,15,18,47657939
Moscow,2,81,12,needs,medium,2019,17,36,28811839
Moscow,2,44,8,not_needs,medium,1982,12,40,13271193
Moscow,3,91,16,needs,good,2005,20,27,35288825
Moscow,3,83,13,needs,good,1994,7,31,32079822
Moscow,1,51,8,not_needs,good,2015,7,14,25632913
Moscow,5,136,18,needs,medium,1966,13,17,34580432
Moscow,2,64,11,not_needs,very good,1963,5,25,32000918
Moscow,2,79,15,not_needs,very bad,1994,3,7,21032592
Moscow,3,121,6,absolutely_needs,medium,2011,2,7,32966844
Moscow,3,81,12,not_needs,very good,2004,30,40,45489525
Moscow,3,90,12,needs,very good,1982,6,25,41910552
Moscow,2,70,7,needs,medium,1971,32,39,17121838
Moscow,1,61,6,needs,medium,1987,2,6,16280493
Moscow,3,103,11,needs,medium,1995,9,23,30496985
Moscow,2,68,10,not_needs,very bad,2023,21,30,20095245
Moscow,3,80,10,not_needs,bad,1985,7,7,23755817
Moscow,3,105,11,not_needs,bad,1970,7,31,24435521
Moscow,3,71,15,needs,good,1992,7,8,26551352
Moscow,3,113,15,not_needs,good,2001,33,33,52796058
Moscow,3,98,14,not_needs,medium,1974,2,17,34154247
Moscow,2,72,9,needs,very good,1979,2,11,35063207
Moscow,1,74,12,not_needs,medium,2004,4,12,32065565
Moscow,2,96,11,needs,medium,2021,9,12,34393578
Moscow,3,77,16,needs,good,2005,21,21,34133087
Moscow,1,55,6,needs,medium,1973,2,4,16868910
Moscow,2,66,13,needs,very bad,1983,6,13,13813936
Moscow,1,79,8,not_needs,bad,2018,24,30,28846168
Moscow,1,63,11,not_needs,good,2010,13,16,34380636
Moscow,1,60,8,absolutely_needs,very bad,1968,26,40,8721016
Moscow,1,57,8,not_needs,good,1991,7,25,26294373
Moscow,2,88,6,needs,medium,1961,14,18,24604073
Moscow,2,60,12,absolutely_needs,medium,1955,10,37,14404710
Moscow,1,77,7,absolutely_needs,very bad,1991,33,34,15016907
Moscow,5,91,20,needs,bad,1989,16,17,26384121
Moscow,1,40,8,absolutely_needs,bad,1997,1,33,8387261
Moscow,3,76,17,not_needs,very good,2017,3,11,44071963
Moscow,1,63,6,needs,medium,1965,39,40,15535986
Moscow,5,137,14,needs,bad,1985,17,17,40058321
Moscow,1,65,8,absolutely_needs,bad,2016,4,19,16967403
Moscow,3,79,12,not_needs,good,1985,2,3,30531669
Moscow,2,69,8,absolutely_needs,very good,2012,8,17,36052795
Moscow,3,81,15,not_needs,medium,1969,10,11,26940713
Moscow,1,48,11,not_needs,good,2005,9,17,23720375
Moscow,1,40,13,needs,very bad,1971,2,24,7140777
Moscow,2,57,11,needs,medium,2022,1,16,18242013
Moscow,5,145,15,not_needs,good,1992,2,27,66280293
Moscow,3,67,11,not_needs,very good,2000,13,32,36264813
Moscow,5,137,21,needs,medium,2015,3,3,53668007
Moscow,1,51,11,not_needs,bad,1995,14,20,14605367
Moscow,2,91,12,not_needs,good,1961,4,8,30748802
Moscow,3,109,10,needs,very good,1960,6,10,44472428
Moscow,3,73,17,needs,bad,1968,14,30,16337469
Moscow,2,60,13,needs,bad,1979,3,5,12830985
Moscow,2,82,14,absolutely_needs,medium,2001,6,30,21482249
Moscow,5,117,15,needs,good,2014,5,19,47797046
Moscow,2,71,7,needs,medium,1966,6,19,17535594
Moscow,2,91,12,not_needs,good,1998,14,14,42044912
Moscow,2,55,11,needs,medium,2024,4,7,20900643
Moscow,1,53,14,not_needs,medium,2024,13,24,25058847
Moscow,1,69,6,needs,bad,1974,30,32,15024933
Moscow,2,75,13,needs,medium,2007,4,29,29037343
Moscow,2,97,13,not_needs,medium,1981,3,4,31722568
Moscow,3,104,11,not_needs,good,1962,23,39,36652203
Moscow,5,126,18,needs,medium,2010,12,14,47593217
Moscow,4,82,16,not_needs,very good,1977,2,26,38628666
Moscow,4,120,17,absolutely_needs,medium,1956,5,20,26505600
Moscow,3,79,9,needs,very bad,1997,12,13,18871221
Moscow,3,89,14,not_needs,good,1998,20,37,35884506
Moscow,1,54,10,needs,bad,1979,9,9,11766209
Moscow,2,76,7,not_needs,medium,1965,27,33,24188005
Moscow,1,63,10,needs,good,2008,5,10,26266434
Moscow,2,64,10,needs,medium,1963,22,28,15496809
Moscow,2,104,9,needs,very good,2014,5,25,53013246
Moscow,1,66,9,needs,good,2021,35,36,32935807
Moscow,2,68,13,not_needs,medium,1960,6,25,19263518
Moscow,4,111,12,needs,very good,1964,2,36,43932066
Moscow,4,119,16,needs,medium,1956,17,30,28225962
Moscow,1,50,13,needs,medium,1995,11,15,16851437
Moscow,1,53,10,not_needs,good,2006,12,24,23048604
Moscow,1,45,8,needs,very good,2019,15,32,26936417
Moscow,2,89,10,needs,very good,1959,5,28,31973375
Moscow,2,74,10,not_needs,bad,1959,2,6,18458276
Moscow,1,52,6,not_needs,bad,1969,10,37,15103834
Moscow,4,108,13,needs,good,2025,2,3,49401600
Moscow,2,71,9,needs,medium,1956,1,33,15169296
Moscow,3,104,10,not_needs,medium,1997,7,39,35983365
Moscow,4,132,14,needs,medium,1992,1,8,45267281
Moscow,1,40,10,not_needs,very good,1997,4,10,23406282
Moscow,3,90,13,needs,medium,2025,9,19,37745808
Moscow,4,124,18,not_needs,very bad,1965,5,6,29496593
Moscow,2,66,13,not_needs,medium,2000,6,23,28276712
Moscow,2,61,10,needs,medium,1963,12,14,15990614
Moscow,1,50,12,not_needs,bad,2003,1,16,16110223
Moscow,1,68,14,needs,medium,1987,9,11,20548605
Moscow,1,53,9,not_needs,medium,1973,12,23,16089787
Moscow,3,90,13,not_needs,very bad,1966,18,37,21801454
Moscow,3,83,12,not_needs,medium,2020,21,28,30968758
Moscow,2,59,11,not_needs,medium,1986,6,15,23236654
Moscow,4,119,18,not_needs,very bad,2004,5,7,37212031
Moscow,2,103,10,absolutely_needs,very bad,1980,21,23,17721134
Moscow,2,68,9,needs,good,1995,2,7,23785932
Moscow,1,71,8,not_needs,medium,1958,23,32,20445589
Moscow,4,110,15,not_needs,medium,2001,19,20,46278748
Moscow,2,69,10,not_needs,very bad,1962,5,17,14969025
Petersburg,1,72,11,not_needs,medium,1956,34,36,15467936
Petersburg,4,97,10,not_needs,medium,1986,1,14,21027722
Petersburg,3,86,16,needs,very bad,1964,5,7,9323081
Petersburg,5,126,15,needs,medium,1956,28,39,24892517
Petersburg,1,66,7,not_needs,very good,1956,15,39,18943208
Petersburg,2,70,6,not_needs,medium,2012,1,8,17707676
Petersburg,3,86,15,needs,medium,1962,4,4,16185739
Petersburg,5,130,16,not_needs,good,1977,16,40,40716264
Petersburg,3,88,12,not_needs,good,1979,30,36,26530189
Petersburg,2,47,14,absolutely_needs,medium,1964,10,14,8261925
Petersburg,4,116,12,needs,good,1995,11,21,29635707
Petersburg,1,27,7,absolutely_needs,medium,1995,17,29,5803300
Petersburg,2,67,9,needs,medium,1988,2,6,14832969
Petersburg,3,72,14,not_needs,bad,1957,5,5,12545486
Petersburg,3,96,11,not_needs,medium,1966,14,32,18256790
Petersburg,2,67,14,not_needs,medium,1999,17,40,15978891
Petersburg,4,115,17,not_needs,very good,1974,3,4,46642711
Petersburg,5,114,20,not_needs,very bad,2015,7,13,24626661
Petersburg,3,65,12,needs,medium,1960,1,4,9953786
Petersburg,2,65,9,absolutely_needs,medium,1962,5,19,10132649
Petersburg,2,72,13,needs,medium,1968,17,32,13795149
Petersburg,2,79,10,absolutely_needs,bad,1971,3,9,11219022
Petersburg,4,106,13,needs,very bad,1995,4,19,19261622
Petersburg,2,58,11,not_needs,bad,1997,33,35,12512377
Petersburg,2,93,12,absolutely_needs,medium,1994,10,23,17609298
Petersburg,2,82,13,needs,good,2019,21,31,25028046
Petersburg,3,96,11,not_needs,very good,2011,17,19,39474839
Petersburg,4,125,16,needs,medium,1979,4,13,29899785
Petersburg,1,53,9,not_needs,medium,2014,1,14,15048743
Petersburg,1,34,12,needs,good,2022,21,30,9596890
Petersburg,4,98,18,needs,medium,1969,4,5,18931912
Petersburg,5,123,19,not_needs,bad,1993,10,14,28441023
Petersburg,1,64,9,needs,good,1958,6,8,12271267
Petersburg,1,49,5,not_needs,bad,1989,9,12,10995868
Petersburg,2,82,10,needs,good,2016,5,33,24711393
Petersburg,2,71,10,not_needs,medium,2024,10,25,21735261
Petersburg,2,73,16,not_needs,bad,2020,6,26,16700751
Petersburg,5,118,18,needs,medium,2004,14,33,27630714
Petersburg,3,55,9,needs,very bad,1983,34,38,7016376
Petersburg,1,56,10,needs,good,1970,6,13,13640631
Petersburg,2,86,11,not_needs,bad,1977,27,33,17661354
Petersburg,3,84,13,needs,good,1990,9,10,18701261
Petersburg,1,51,7,absolutely_needs,bad,2025,2,35,10032768
Petersburg,1,58,11,needs,very good,2023,1,4,18576002
Petersburg,2,82,13,not_needs,bad,2011,10,27,20323799
Petersburg,2,71,5,not_needs,medium,1965,10,14,15129847
Petersburg,1,49,7,not_needs,very good,2004,6,16,22154926
Petersburg,1,71,12,not_needs,medium,1991,1,26,15175455
Petersburg,2,49,10,not_needs,very bad,2006,32,32,8876740
Petersburg,3,90,11,needs,good,1995,34,36,21723036
Petersburg,2,73,13,absolutely_needs,very bad,1960,10,33,8040589
Petersburg,2,84,13,absolutely_needs,medium,1970,2,24,13284328
Petersburg,3,94,8,needs,medium,2007,3,8,24523768
Petersburg,3,68,13,not_needs,good,1959,2,38,15644043
Petersburg,1,62,6,not_needs,good,1975,5,29,15157519
Petersburg,3,90,10,not_needs,very bad,1961,10,12,11554572
Petersburg,2,71,11,not_needs,very good,2012,26,28,29512377
Petersburg,2,69,10,needs,good,2024,14,34,23914165
Petersburg,5,121,14,needs,very bad,1978,2,13,16259460
Petersburg,2,57,13,needs,good,1994,35,35,12651690
Petersburg,3,80,10,not_needs,medium,1983,9,11,20012303
Petersburg,3,108,13,not_needs,good,1972,20,34,27142138
Petersburg,3,100,12,needs,bad,1962,13,13,14033506
Petersburg,3,106,10,needs,medium,1996,1,18,21172749
Petersburg,1,27,9,absolutely_needs,good,2021,2,4,7090551
Petersburg,4,117,16,not_needs,good,1969,5,6,32975209
Petersburg,3,94,13,needs,very good,2008,36,39,34087009
Petersburg,2,59,11,needs,bad,2000,3,29,12116829
Petersburg,4,107,15,needs,very good,2015,8,19,43064179
Petersburg,1,65,8,needs,very bad,1989,1,7,10306888
Petersburg,5,120,13,not_needs,bad,2001,2,14,32513235
Petersburg,1,75,7,needs,very bad,1979,4,24,11760972
Petersburg,1,66,12,needs,very good,1979,18,34,17947657
Petersburg,3,61,14,not_needs,bad,1956,10,20,10354411
Petersburg,3,83,13,not_needs,bad,1966,36,37,15139041
Petersburg,2,69,7,not_needs,medium,1981,12,30,14789449
Petersburg,5,108,19,not_needs,medium,1970,23,32,27918020
Petersburg,3,101,13,absolutely_needs,medium,1984,2,26,19551952
Petersburg,2,81,11,needs,medium,2003,5,16,17435718
Petersburg,1,51,5,needs,medium,1991,9,15,12044638
Petersburg,3,73,18,needs,medium,2008,6,27,17536827
Petersburg,1,75,9,not_needs,good,2002,5,12,22028091
Petersburg,2,94,10,not_needs,very bad,1968,7,11,14489135
Petersburg,2,78,11,needs,good,1973,20,23,15592767
Petersburg,2,66,18,not_needs,good,1984,14,21,16906237
Petersburg,4,112,16,needs,bad,1999,24,33,21292352
Petersburg,1,33,10,needs,medium,2019,18,29,7937728
Petersburg,3,77,11,not_needs,good,2024,2,14,25773265
Petersburg,1,73,6,not_needs,medium,2011,3,7,19487200
Petersburg,4,112,15,not_needs,bad,2004,27,33,28791013
Petersburg,1,36,9,not_needs,bad,2020,9,14,9035253
Petersburg,3,67,12,needs,very good,2023,2,36,28868741
Petersburg,1,60,12,absolutely_needs,medium,1957,9,21,9477974
Petersburg,4,128,18,not_needs,bad,2009,3,4,33090237
Petersburg,2,80,12,not_needs,very good,2020,17,18,32381241
Petersburg,3,100,9,not_needs,very good,1966,11,28,29544733
Petersburg,2,81,17,needs,medium,2011,30,32,18958977
Petersburg,2,86,13,needs,very good,1983,3,15,24506145
Petersburg,3,100,15,not_needs,medium,1987,1,31,21679063
Petersburg,1,77,12,needs,bad,1982,5,29,14120996
Petersburg,1,64,12,needs,good,1962,11,27,11795856
Petersburg,2,82,10,needs,good,2020,15,39,24413772
Petersburg,1,67,8,not_needs,bad,1989,31,32,14242480
Petersburg,3,83,11,needs,very bad,2000,4,35,12138431
Petersburg,3,79,15,needs,bad,1983,3,6,14290762
Petersburg,2,58,11,absolutely_needs,bad,1999,10,30,8606913
Petersburg,4,107,13,not_needs,good,1992,7,31,31158898
Petersburg,4,116,14,needs,medium,2018,16,22,31797679
Petersburg,5,140,16,needs,medium,1977,8,23,27248305
Petersburg,2,72,12,needs,good,2006,2,7,19822012
Petersburg,2,76,7,not_needs,medium,1997,11,34,20043051
Petersburg,2,81,12,not_needs,medium,1985,2,9,17129158
Petersburg,2,66,12,absolutely_needs,medium,2017,36,36,14380063
Petersburg,4,100,18,not_needs,good,1968,10,33,28945665
Petersburg,3,92,13,not_needs,good,1976,8,27,27256800
Petersburg,2,84,12,not_needs,medium,2014,1,6,21745462
Petersburg,2,68,13,absolutely_needs,very bad,1996,24,24,9906055
Petersburg,3,92,12,not_needs,good,1984,8,25,23972874
Petersburg,3,77,10,needs,very bad,2020,9,20,14284805
Petersburg,1,44,6,not_needs,bad,1961,21,35,6955617
Petersburg,1,71,9,not_needs,very good,2004,16,23,29844270
Petersburg,4,113,15,needs,medium,1982,1,23,22572649
Petersburg,2,69,13,not_needs,bad,1965,1,33,11456806
Petersburg,1,44,9,needs,good,1967,11,13,10317918
Petersburg,4,107,17,not_needs,bad,1963,12,14,19655155
Petersburg,4,128,14,needs,very good,1966,1,29,30940235
Petersburg,1,49,8,needs,bad,1983,22,36,7890758
Petersburg,5,111,18,not_needs,medium,1992,8,28,29159390
Petersburg,2,64,10,needs,medium,1956,23,40,12051380
Petersburg,2,72,6,not_needs,good,2013,1,7,21763334
Petersburg,3,94,11,absolutely_needs,bad,1956,37,39,13207091
Petersburg,1,54,12,not_needs,medium,1955,18,31,9980141
Petersburg,2,59,10,not_needs,medium,2007,28,37,17423767
Petersburg,3,94,12,needs,good,2003,10,28,28555875
Petersburg,2,47,16,not_needs,medium,1994,3,9,11767724
Petersburg,3,94,13,needs,good,2022,13,18,32286812
Petersburg,2,68,11,needs,medium,1955,9,13,11400528
Petersburg,1,79,5,needs,medium,1964,4,8,14588283
Petersburg,2,76,15,not_needs,good,1970,8,16,20499947
Petersburg,2,79,10,not_needs,medium,1958,4,5,16282442
Petersburg,2,87,10,not_needs,good,1972,6,35,20273717
Petersburg,1,54,11,not_needs,bad,2003,4,8,13694789
Petersburg,3,103,12,not_needs,medium,2013,10,29,28444989
Petersburg,4,109,16,absolutely_needs,medium,1955,2,4,17146707
Petersburg,1,58,8,absolutely_needs,very good,1964,1,9,12358839
Petersburg,2,72,9,not_needs,medium,1972,2,13,15042426
Petersburg,5,144,18,needs,bad,1976,4,11,26103593
Petersburg,2,70,12,absolutely_needs,very good,2025,10,10,24282475
Petersburg,2,75,8,not_needs,medium,1961,11,12,13885609
Petersburg,1,62,10,not_needs,good,2002,2,5,17859308
Petersburg,3,94,18,needs,good,2007,5,20,23262358
Petersburg,4,111,18,not_needs,very bad,1955,2,7,16145681
Petersburg,1,80,10,needs,medium,1985,2,11,15808913
Petersburg,2,83,11,needs,very bad,1957,8,13,10378420
Petersburg,1,52,6,absolutely_needs,bad,2004,1,17,8644289
Petersburg,1,67,5,needs,good,2006,4,4,20333284
Petersburg,5,116,16,needs,medium,1962,15,39,21869841
Petersburg,3,98,15,not_needs,good,1978,9,11,23367438
Petersburg,3,95,18,not_needs,good,2006,20,35,33307020
Petersburg,2,91,9,absolutely_needs,good,2011,15,18,21578072
Petersburg,1,58,9,needs,bad,2019,3,11,12948797
Petersburg,2,68,14,absolutely_needs,medium,2024,23,25,13848368
Petersburg,5,129,17,not_needs,medium,1959,5,6,30446889
Petersburg,1,33,10,not_needs,bad,2023,6,9,7770244
Petersburg,3,95,10,needs,good,2012,29,35,29409187
Petersburg,2,47,9,needs,bad,1997,22,36,8115976
Petersburg,1,56,11,not_needs,very bad,1969,14,17,9330175
Petersburg,4,123,12,not_needs,very good,1996,8,23,48570098
Petersburg,4,103,13,not_needs,medium,1959,27,30,23552774
Petersburg,4,110,17,not_needs,bad,2022,9,17,26496716
Petersburg,2,67,8,not_needs,medium,1979,14,35,14082945
Petersburg,3,84,13,not_needs,medium,1965,3,6,17959783
Petersburg,3,112,11,absolutely_needs,bad,1974,9,9,15996582
Petersburg,2,70,11,needs,bad,2022,1,17,13347337
Petersburg,2,60,7,needs,very bad,1990,1,3,8275170
Petersburg,3,99,6,needs,very bad,2009,1,20,17267562
Petersburg,3,92,17,needs,very bad,2011,13,13,13659101
Petersburg,1,39,10,not_needs,good,1957,15,27,9789254
Petersburg,1,58,6,absolutely_needs,medium,1994,6,24,10234734
Petersburg,4,104,17,needs,bad,2022,5,14,26435900
Petersburg,2,57,8,needs,medium,1973,7,13,10158788
Petersburg,2,68,10,not_needs,medium,2008,24,26,16253471
Petersburg,2,88,10,needs,medium,2006,9,12,21217383
Petersburg,1,52,12,needs,very good,2012,25,39,16470533
Petersburg,2,81,11,not_needs,good,1973,1,14,17968948
Petersburg,3,85,14,needs,medium,1975,8,32,18439205
Petersburg,2,48,15,needs,medium,1995,21,32,10187981
Petersburg,3,83,15,needs,medium,1966,1,3,15823791
Petersburg,2,91,11,absolutely_needs,medium,2015,33,39,17295681
Petersburg,4,103,15,not_needs,medium,1992,4,5,30261470
Petersburg,2,53,13,not_needs,medium,1960,37,37,9440318
Petersburg,1,23,8,needs,good,2021,4,4,7663068
Petersburg,3,73,17,not_needs,very bad,1990,2,4,11348988
Petersburg,2,79,10,not_needs,good,1986,3,4,21625885
Petersburg,5,147,15,needs,good,1999,3,6,48457976
Petersburg,4,116,19,not_needs,good,1992,7,30,32855880
Petersburg,1,64,10,needs,medium,1961,8,20,12333115
Petersburg,2,52,13,needs,bad,1962,33,36,7977682
Petersburg,2,54,11,absolutely_needs,medium,1987,3,6,10158795
Petersburg,4,119,18,not_needs,medium,2020,15,40,33060425
Petersburg,4,124,16,not_needs,bad,1967,11,21,23174052
Petersburg,2,68,8,not_needs,medium,1970,21,32,15392339
Petersburg,3,91,16,needs,medium,2008,14,19,20757806
Petersburg,1,62,9,not_needs,bad,1961,1,4,10196550
Petersburg,2,68,11,needs,medium,1960,9,39,11399700
Petersburg,2,95,10,not_needs,medium,1991,11,11,24325880
Petersburg,3,107,15,needs,very good,2019,12,14,40352913
Petersburg,2,80,15,not_needs,medium,1966,3,17,18368279
Petersburg,3,101,9,needs,very good,1965,14,40,27989209
Petersburg,1,53,7,needs,medium,2007,2,35,10909860
Petersburg,3,100,13,not_needs,medium,2021,10,31,27387448
Petersburg,3,88,17,needs,medium,1971,4,8,14800333
Petersburg,2,43,11,needs,very good,2006,10,10,13124192
Petersburg,1,50,12,needs,good,2016,18,20,14819612
Petersburg,2,53,6,absolutely_needs,good,1974,10,30,9768102
Petersburg,4,91,19,absolutely_needs,good,1990,1,9,20619711
Petersburg,1,59,6,not_needs,good,1964,9,11,15637940
Petersburg,3,67,11,needs,bad,1991,38,40,11050190
Petersburg,2,89,9,needs,very good,1988,16,31,26957817
Petersburg,1,73,9,not_needs,bad,1984,9,9,16015034
Petersburg,2,75,8,not_needs,very good,2011,1,7,32158597
Petersburg,1,25,5,absolutely_needs,good,1978,3,31,5657956
Petersburg,5,125,15,needs,good,2020,6,13,45432932
Petersburg,1,61,12,not_needs,good,2003,2,5,18504775
Petersburg,2,74,17,not_needs,medium,1988,6,10,19641802
Petersburg,1,44,8,needs,good,2010,18,20,12780944
Petersburg,4,107,17,not_needs,good,1985,18,18,29215854
Petersburg,3,97,14,absolutely_needs,good,2019,4,7,27583996
Petersburg,4,120,18,needs,very bad,2002,1,3,21960493
Petersburg,5,107,14,absolutely_needs,medium,1967,2,35,20399380
Petersburg,2,68,8,absolutely_needs,good,1962,16,38,11483318
Petersburg,2,96,10,not_needs,very bad,2001,5,35,17135785
Petersburg,1,41,10,needs,very good,1993,15,32,13842587
Petersburg,1,50,9,not_needs,bad,1995,32,35,11950350
Petersburg,2,79,12,not_needs,bad,1965,6,7,13883969
Petersburg,2,70,13,not_needs,medium,1958,7,13,12164758
Petersburg,2,64,12,needs,medium,1984,8,9,12454947
Petersburg,1,55,11,needs,medium,1969,7,18,9893996
Petersburg,4,97,14,not_needs,medium,1985,4,5,26325415
Petersburg,2,52,12,needs,very bad,1998,13,22,8022112
Petersburg,3,94,13,not_needs,good,1983,2,4,28579974
Petersburg,4,130,13,needs,medium,2023,5,29,40856705
Petersburg,1,75,10,not_needs,medium,1980,17,35,17276535
Petersburg,2,76,10,not_needs,very bad,1972,5,18,12736236
Petersburg,2,86,7,not_needs,good,1979,7,10,24811476
Petersburg,3,84,12,not_needs,good,1987,16,24,24383081
Petersburg,1,33,9,not_needs,bad,2004,10,28,8265294
Petersburg,2,77,9,absolutely_needs,very good,1992,11,16,19230185
Petersburg,2,87,5,not_needs,medium,1993,31,39,23856326
Petersburg,2,99,8,needs,good,1987,6,8,23356190
Petersburg,3,94,11,needs,good,1967,6,9,21699704
Petersburg,1,61,10,not_needs,medium,1972,10,39,12489065
Petersburg,3,100,12,needs,bad,1997,1,5,20202601
Petersburg,4,104,14,needs,very good,1966,2,10,28044091
Petersburg,3,99,15,absolutely_needs,very bad,2025,17,24,15291392
Petersburg,5,134,17,not_needs,good,1977,4,6,37936591
Petersburg,5,127,14,not_needs,medium,2024,11,40,45562997
Petersburg,2,87,11,absolutely_needs,very bad,1996,12,27,10525135
Petersburg,1,62,5,needs,medium,2006,14,19,14828209
Petersburg,3,83,13,needs,very bad,2006,13,27,13377502
Petersburg,1,68,7,needs,medium,2013,21,22,14965337
Petersburg,4,110,14,needs,very bad,1991,30,36,17854981
Petersburg,1,43,9,needs,very good,1955,10,17,11905274
Petersburg,2,83,6,not_needs,very bad,2005,7,27,17610414
Petersburg,2,78,6,needs,good,1975,2,4,16358094
Petersburg,4,86,15,absolutely_needs,bad,1962,1,28,11182655
Petersburg,3,89,11,not_needs,very bad,1970,18,26,14017368
Petersburg,2,93,12,absolutely_needs,medium,1960,3,8,14752630
Petersburg,2,59,12,absolutely_needs,good,1997,4,6,12297933
Petersburg,3,72,15,not_needs,good,2013,5,8,23307824
Petersburg,2,70,12,not_needs,very good,1987,23,31,25421566
Petersburg,2,59,13,needs,medium,2006,5,6,12698761
Petersburg,3,95,11,not_needs,medium,1986,23,24,22080617
Petersburg,5,117,17,needs,very bad,1971,10,22,14423417
Petersburg,1,45,12,not_needs,very good,2007,1,4,18869850
Petersburg,3,110,9,not_needs,good,2022,9,30,44062752
Petersburg,1,43,9,not_needs,good,2025,1,14,13973033
Petersburg,3,88,12,needs,good,1962,24,24,17633626
Petersburg,2,60,8,not_needs,bad,2018,4,4,15740724
Petersburg,3,100,11,needs,medium,2021,24,33,27179770
Petersburg,1,38,6,not_needs,very good,1973,26,35,13829210
Petersburg,1,46,7,absolutely_needs,medium,1992,22,39,8952502
Petersburg,3,100,12,needs,very good,1974,14,23,25981065
Petersburg,1,76,6,needs,bad,1961,2,4,10309239
Petersburg,3,99,10,absolutely_needs,medium,2015,7,16,19894703
Petersburg,1,86,11,absolutely_needs,medium,1974,1,20,14731391
Petersburg,4,116,12,not_needs,good,1990,20,24,32236339
Petersburg,2,75,7,not_needs,very bad,2015,11,18,16962036
Petersburg,2,49,9,not_needs,bad,1959,30,37,9264357
Petersburg,1,55,12,needs,very bad,1967,5,12,6125492
Petersburg,1,22,11,not_needs,medium,1987,7,13,5766691
Petersburg,3,99,12,not_needs,bad,2014,8,17,26426294
Petersburg,2,76,7,absolutely_needs,medium,2024,12,27,16130288
Petersburg,4,117,21,needs,medium,1975,29,31,22746776
Petersburg,3,85,15,needs,good,1995,14,36,24046668
Petersburg,1,88,8,needs,good,2004,26,31,24560869
Petersburg,3,60,13,needs,medium,1986,3,4,13785848
Petersburg,1,41,11,not_needs,bad,1958,10,11,6002232
Petersburg,1,67,11,not_needs,good,1993,1,15,17825339
Petersburg,4,119,11,needs,good,1986,1,26,29446495
Petersburg,3,98,11,needs,very bad,1969,3,15,13975012
Petersburg,3,86,12,absolutely_needs,medium,1986,3,4,17450081
Petersburg,2,92,11,not_needs,good,1968,11,13,25712080
Petersburg,1,40,11,needs,very good,2015,1,11,12960690
Petersburg,1,58,6,needs,medium,2024,14,24,13130347
Petersburg,1,67,5,absolutely_needs,bad,1966,26,34,9464064
Petersburg,3,94,13,not_needs,very bad,1996,2,7,14893123
Petersburg,2,74,10,absolutely_needs,very good,1966,8,22,19207200
Petersburg,3,78,10,needs,bad,2002,7,8,14115149
Petersburg,1,58,11,not_needs,good,1971,13,35,16258067
Petersburg,1,51,12,needs,good,1955,16,31,11046900
Petersburg,3,82,15,needs,bad,2020,1,3,17693330
Petersburg,2,108,14,not_needs,medium,2025,2,3,29159413
Petersburg,3,90,13,needs,medium,1978,32,32,16785903
Petersburg,1,52,12,absolutely_needs,very bad,1994,15,27,7881776
Petersburg,3,86,15,not_needs,very bad,1991,12,25,14971773
Petersburg,1,55,11,not_needs,good,1955,3,8,14099005
Petersburg,1,66,6,not_needs,very bad,1976,6,13,9700025
Petersburg,3,97,13,not_needs,medium,1978,24,24,21374029
Petersburg,3,90,16,needs,medium,1978,4,33,16033716
Petersburg,5,128,16,needs,bad,2001,2,5,28322007
Petersburg,1,69,6,not_needs,bad,2000,18,26,16802494
Petersburg,1,55,10,not_needs,medium,1980,1,29,13583764
Petersburg,4,100,19,needs,medium,1978,23,40,20520845
Petersburg,1,69,12,needs,medium,2006,1,3,16254661
Petersburg,3,106,12,needs,bad,1976,7,9,19725535
Petersburg,1,36,5,not_needs,bad,1956,3,5,5322921
Petersburg,3,94,13,needs,bad,2006,3,4,17777472
Petersburg,5,106,16,not_needs,good,1967,9,9,28764406
Petersburg,3,75,14,not_needs,very good,2025,6,9,35016904
Petersburg,2,84,12,needs,medium,1979,5,10,16519580
Petersburg,3,98,14,absolutely_needs,very bad,2005,1,26,14059449
Petersburg,2,58,9,not_needs,good,2018,1,28,21175610
Petersburg,2,69,10,needs,very good,1995,5,17,25502925
Petersburg,1,48,8,absolutely_needs,good,1985,22,24,11155617
Petersburg,2,65,13,needs,medium,2005,9,14,13656927
Petersburg,5,124,15,needs,bad,2018,17,23,29751823
Petersburg,1,58,10,absolutely_needs,good,2016,4,34,17094114
Petersburg,1,32,12,not_needs,good,1984,24,31,8611480
Petersburg,2,83,7,needs,medium,1980,11,38,15793488
Petersburg,4,112,13,needs,medium,1964,26,27,19106619
Petersburg,1,47,9,absolutely_needs,medium,1966,9,23,8390626
Petersburg,1,54,9,needs,good,1989,4,32,12650732
Petersburg,3,90,9,needs,good,1955,19,21,16213710
Petersburg,2,65,12,needs,good,1984,1,6,16784684
Petersburg,1,78,14,not_needs,medium,1979,2,18,17081240
Petersburg,3,87,16,not_needs,bad,1991,7,16,20382239
Petersburg,4,112,15,not_needs,medium,1990,10,23,27430320
Petersburg,1,46,6,not_needs,good,1988,17,22,13866770
Petersburg,1,50,9,needs,medium,1961,10,13,8112244
Petersburg,1,63,15,not_needs,very bad,1967,8,26,8333858
Petersburg,3,90,12,needs,good,2001,16,20,24501115
Petersburg,3,105,12,absolutely_needs,medium,2025,4,19,23504373
Petersburg,1,43,6,absolutely_needs,good,1994,4,12,8764009
Petersburg,3,101,14,not_needs,good,2013,18,26,36451984
Petersburg,1,48,13,needs,good,1992,14,29,11671918
Petersburg,3,102,9,needs,very bad,2025,12,29,17734034
Petersburg,2,83,13,not_needs,very bad,1982,12,14,14694412
Petersburg,5,130,19,needs,good,1967,13,18,29676319
Petersburg,4,124,13,needs,bad,1959,2,14,19126582
Petersburg,2,81,12,not_needs,good,2005,6,25,25267735
Petersburg,1,57,12,not_needs,very bad,1988,4,29,10183091
Petersburg,4,122,10,not_needs,good,1978,5,25,36133240
Petersburg,1,68,9,absolutely_needs,medium,2015,6,10,15414426
Petersburg,3,98,11,not_needs,medium,2012,36,36,27089743
Petersburg,4,98,15,absolutely_needs,good,1963,6,12,17307111
Petersburg,2,60,5,needs,medium,1960,9,12,11676723
Petersburg,2,95,11,needs,medium,1970,31,35,15347257
Petersburg,1,44,6,needs,good,2008,9,10,10869575
Petersburg,1,51,17,not_needs,medium,2020,12,17,16062760
Petersburg,5,131,12,needs,medium,2023,2,4,34988823
Petersburg,4,108,13,needs,good,1994,9,34,32005789
Petersburg,2,78,9,needs,medium,1985,27,37,16851002
Petersburg,1,39,8,not_needs,medium,1985,13,34,8680368
Petersburg,1,65,6,needs,medium,2018,11,14,16359748
Petersburg,1,67,11,not_needs,good,1956,26,32,14838639
Petersburg,3,123,13,needs,very good,1992,8,38,40482751
Petersburg,3,104,16,not_needs,very good,1983,12,28,41061134
Petersburg,1,55,5,not_needs,good,1964,1,3,13479526
Petersburg,1,56,8,needs,medium,1964,2,10,11212225
Petersburg,2,48,11,needs,bad,2023,12,16,9824297
Petersburg,3,95,10,not_needs,medium,2010,6,9,22941521
Petersburg,3,87,20,not_needs,bad,1992,10,31,20567141
Petersburg,2,66,11,needs,medium,2025,1,40,14266772
Petersburg,4,131,13,not_needs,good,1992,11,37,39075974
Petersburg,2,72,12,not_needs,medium,1967,9,21,17147802
Petersburg,3,93,18,needs,medium,1990,8,31,19627259
Petersburg,1,40,5,needs,good,2009,1,35,9611302
Petersburg,2,77,9,not_needs,very bad,1967,33,36,11843707
Petersburg,1,54,9,not_needs,very good,1959,11,40,15070897
Petersburg,2,82,9,not_needs,medium,2010,30,33,23786348
Petersburg,3,115,15,not_needs,medium,1967,33,36,25983475
Petersburg,2,79,10,absolutely_needs,good,1957,18,23,13762463
Petersburg,4,103,18,not_needs,medium,2001,8,23,32573122
Petersburg,3,89,16,not_needs,very good,1978,13,14,27346314
Petersburg,2,89,12,absolutely_needs,good,1979,16,19,17908873
Petersburg,3,88,13,absolutely_needs,medium,1992,18,18,17399363
Petersburg,1,71,6,needs,medium,1982,3,38,15976676
Petersburg,1,39,11,absolutely_needs,medium,1996,7,9,8210648
Petersburg,4,125,15,not_needs,bad,2012,9,37,31683595
Petersburg,1,69,12,needs,medium,1987,13,13,13609358
Petersburg,3,98,12,absolutely_needs,bad,1984,10,24,16152992
Petersburg,2,73,8,not_needs,medium,1973,4,9,14572608
Petersburg,2,62,10,not_needs,medium,1998,14,28,15902288
Petersburg,1,49,8,not_needs,good,1970,11,12,13697693
Petersburg,2,93,6,not_needs,very good,2021,29,30,37949511
Petersburg,1,56,9,not_needs,medium,1958,13,22,12417251
Petersburg,3,118,14,needs,medium,2019,11,17,31129799
Petersburg,1,49,14,not_needs,medium,1999,16,26,13253727
Petersburg,3,101,15,needs,medium,2018,1,9,25275630
Petersburg,4,115,16,not_needs,medium,1968,16,24,24813243
Petersburg,1,51,8,needs,bad,2012,4,15,9852951
Petersburg,3,93,15,not_needs,good,1998,5,9,31112710
Petersburg,1,77,11,absolutely_needs,bad,1957,8,8,8684965
Petersburg,3,82,13,not_needs,medium,1968,19,20,15600298
Petersburg,2,52,9,not_needs,good,2012,13,24,17695831
Petersburg,4,130,10,absolutely_needs,medium,2007,14,14,26212518
Petersburg,3,83,15,not_needs,good,1997,1,36,26132740
Petersburg,2,71,10,needs,very good,1955,6,30,18378479
Petersburg,3,104,14,not_needs,bad,1990,11,24,20664650
Petersburg,2,70,12,absolutely_needs,bad,1955,10,17,7949495
Petersburg,5,147,15,not_needs,good,1998,1,9,47224588
Petersburg,1,44,14,needs,medium,1988,6,23,9793071
Petersburg,2,60,11,not_needs,good,1956,12,20,14064108
Petersburg,2,51,12,not_needs,bad,1958,3,17,7833526
Petersburg,3,105,16,not_needs,very good,1989,11,14,35449845
Petersburg,3,73,8,needs,bad,1963,3,4,11849050
Petersburg,3,96,10,absolutely_needs,medium,1985,3,14,16687908
Petersburg,4,97,18,needs,medium,2015,5,10,24078859
Petersburg,5,145,14,absolutely_needs,very bad,1964,2,20,19223968
Petersburg,3,90,14,needs,bad,1981,2,8,17163589
Petersburg,4,98,16,needs,medium,1994,10,24,21823457
Petersburg,1,49,10,absolutely_needs,good,2006,12,19,10759533
Petersburg,3,85,12,absolutely_needs,very good,1980,10,14,20538412
Petersburg,2,69,11,needs,medium,1977,18,26,14424266
Petersburg,1,62,11,needs,very bad,1978,15,23,9023499
Petersburg,1,43,8,needs,good,1964,12,18,10184916
Petersburg,3,82,14,needs,medium,1990,6,12,17949672
Petersburg,3,94,12,needs,good,1962,8,12,19220363
Petersburg,3,88,9,absolutely_needs,bad,1993,12,29,12596758
Petersburg,3,80,17,not_needs,bad,1999,6,37,18056785
Petersburg,1,75,12,not_needs,bad,2010,5,34,18996472
Petersburg,4,115,11,absolutely_needs,medium,2008,3,5,24503969
Petersburg,1,66,13,needs,very good,2003,8,35,24374959
Petersburg,1,72,10,needs,medium,2003,8,23,14662877
Petersburg,3,88,15,needs,good,2020,18,18,26988260
Petersburg,3,94,10,absolutely_needs,good,1997,15,34,22258985
Petersburg,3,114,16,needs,bad,1975,21,26,20769948
Petersburg,4,86,15,needs,medium,1998,22,27,18684701
Petersburg,3,115,13,not_needs,medium,2020,5,30,33545983
Petersburg,2,59,10,needs,medium,1998,26,27,12779976
Petersburg,4,116,15,not_needs,very good,2020,1,34,53201016
Petersburg,2,85,14,needs,good,2019,8,38,23149134
Petersburg,2,67,14,not_needs,medium,1983,16,39,17573838
Petersburg,2,62,12,needs,medium,2021,14,29,15083283
Petersburg,1,58,9,absolutely_needs,bad,2005,5,11,11466684
Petersburg,1,54,15,not_needs,bad,1997,23,32,12877630
Petersburg,2,71,11,absolutely_needs,good,2019,4,24,20805797
Petersburg,5,111,13,not_needs,medium,1996,16,19,31284936
Petersburg,4,103,16,needs,medium,2024,20,27,27990498
Petersburg,1,60,6,needs,good,2003,17,18,17527857
Petersburg,1,63,11,needs,medium,2021,5,39,18126854
Petersburg,2,57,12,not_needs,medium,1986,10,18,15434422
Petersburg,2,43,10,not_needs,good,1998,19,20,13212408
Petersburg,2,74,11,needs,medium,1971,2,5,14757251
Petersburg,1,56,8,needs,medium,1960,18,36,8982992
Petersburg,1,51,7,needs,medium,2018,14,15,14337924
Petersburg,1,43,7,absolutely_needs,medium,2022,12,19,9741762
Petersburg,1,55,11,needs,good,2004,28,40,17309601
Petersburg,3,86,10,needs,medium,1996,5,10,19894859
Petersburg,2,81,13,needs,bad,2004,1,14,16591863
Petersburg,1,47,6,not_needs,bad,2016,26,28,11333307
Petersburg,2,102,11,not_needs,medium,2002,16,30,27098276
Petersburg,1,42,10,needs,very good,2002,7,7,14643117
Petersburg,1,42,11,not_needs,very bad,1955,3,8,5280614
Petersburg,1,66,5,not_needs,very good,2010,4,11,30518478
Petersburg,2,68,15,absolutely_needs,very bad,1980,2,6,8780799
Petersburg,1,47,13,absolutely_needs,bad,2004,16,30,7571162
Petersburg,3,105,11,needs,bad,1970,32,35,15238334
Petersburg,3,92,15,absolutely_needs,medium,2013,20,36,21774124
Petersburg,3,87,14,needs,very good,2020,11,15,33075513
Petersburg,2,63,14,absolutely_needs,bad,1997,28,33,10824131
Petersburg,4,117,16,needs,bad,1980,11,11,20277857
Petersburg,1,46,6,absolutely_needs,medium,2000,7,22,8380406
Petersburg,1,79,5,absolutely_needs,bad,2015,2,11,13270266
Petersburg,2,73,6,not_needs,medium,1964,28,28,13918435
Petersburg,1,48,13,not_needs,medium,2022,15,16,13759604
Petersburg,3,75,17,needs,bad,1961,3,17,11744326
Petersburg,3,115,11,not_needs,good,1994,14,14,34747339
Petersburg,2,74,6,absolutely_needs,good,1964,4,5,13950623
Petersburg,3,80,10,needs,bad,2015,10,38,16577063
Petersburg,3,113,9,needs,very bad,1988,15,21,15979064
Petersburg,2,71,13,absolutely_needs,medium,1988,26,29,11886627
Petersburg,2,68,10,needs,medium,1968,10,23,13998844
Petersburg,1,49,13,needs,medium,1992,5,32,9414032
Petersburg,3,92,11,not_needs,medium,2016,5,7,29486488
Petersburg,2,90,15,needs,medium,2015,5,13,24224643
Petersburg,3,92,10,not_needs,medium,2000,3,9,27120024
Petersburg,4,112,13,needs,very bad,2024,6,21,21306685
Petersburg,2,67,12,needs,bad,1962,32,36,8701765
Petersburg,3,74,14,absolutely_needs,good,2018,7,19,18762952
Petersburg,3,85,10,not_needs,medium,2023,20,22,24773629
Petersburg,2,92,12,needs,medium,1992,2,7,20423841
Petersburg,1,64,8,not_needs,medium,2004,6,21,15182595
Petersburg,2,88,10,needs,bad,2011,11,25,16377404
Petersburg,2,76,14,needs,good,1962,4,4,17103665
Petersburg,2,74,13,not_needs,medium,1968,4,21,14387048
Petersburg,2,73,9,not_needs,very bad,1959,28,33,9636371
Petersburg,2,67,12,needs,medium,1987,5,21,13069070
Petersburg,1,45,9,needs,medium,1975,10,20,9145192
Petersburg,2,58,10,not_needs,bad,1974,32,37,11799528
Petersburg,2,72,12,not_needs,medium,1998,29,30,18056614
Petersburg,2,57,10,not_needs,medium,1958,1,10,11409130
Petersburg,3,93,10,absolutely_needs,good,2021,13,34,26022860
Petersburg,1,45,12,not_needs,very bad,2021,12,14,8390568
Petersburg,1,69,8,needs,medium,1991,3,9,13751276
Petersburg,3,99,16,needs,very bad,1996,2,5,13374969
Petersburg,3,90,14,not_needs,good,1993,7,13,26238987
Petersburg,1,42,12,needs,very bad,1959,2,25,4939451
Petersburg,3,86,12,not_needs,good,1980,29,37,23267977
Petersburg,2,83,13,not_needs,bad,1982,1,12,16984331
Petersburg,4,91,19,needs,good,1963,2,3,20959691
Petersburg,5,112,12,absolutely_needs,very bad,2018,3,3,16532192
Petersburg,3,81,13,needs,medium,2025,3,6,21131918
Petersburg,2,62,7,absolutely_needs,medium,1971,30,33,11230797
Petersburg,2,68,6,needs,bad,1996,13,14,12267895
Petersburg,5,141,18,not_needs,very bad,1961,14,24,18779993
Petersburg,4,124,13,not_needs,good,2006,5,18,44614380
Petersburg,1,65,5,absolutely_needs,medium,1973,1,5,11152074
Petersburg,3,83,11,needs,good,1985,5,12,21605819
Petersburg,2,90,10,needs,good,1982,8,12,19578939
Petersburg,3,98,16,needs,good,2023,3,8,33017210
Petersburg,2,89,12,not_needs,medium,2004,3,18,23563216
Petersburg,2,78,5,not_needs,very good,1977,14,19,23510992
Petersburg,2,85,12,needs,good,1973,13,23,18791908
Petersburg,4,91,14,needs,bad,1970,13,21,15231945
Petersburg,1,58,11,needs,medium,2019,11,26,15421360
Petersburg,1,66,9,needs,very good,1973,12,13,16828900
Petersburg,3,95,11,needs,medium,2001,1,16,22052224
Petersburg,4,105,16,needs,medium,1965,2,6,21906802
Petersburg,2,60,13,not_needs,bad,1968,4,4,10037021
Petersburg,3,79,13,needs,bad,1971,3,14,12626923
Petersburg,3,77,11,needs,very bad,1981,13,13,10804730
Petersburg,2,84,9,not_needs,medium,1979,12,30,18930253
Petersburg,2,57,9,not_needs,medium,1969,7,32,11081197
Petersburg,5,120,14,not_needs,medium,1976,2,25,30431380
Petersburg,3,94,10,needs,medium,1988,17,24,21212015
Petersburg,1,36,7,needs,medium,2022,4,19,8966724
Petersburg,2,63,8,needs,bad,1979,6,7,10883446
Petersburg,3,81,17,needs,bad,1969,7,34,13896423
Petersburg,3,85,15,needs,good,2025,12,14,26500539
Petersburg,1,62,9,not_needs,medium,1960,11,17,12819947
Petersburg,1,72,6,not_needs,medium,2015,26,30,21012364
Petersburg,5,117,15,absolutely_needs,medium,1997,20,36,21807234
Petersburg,2,80,9,not_needs,medium,1990,2,7,17766791
Petersburg,4,113,12,not_needs,medium,2012,4,35,35054523
Petersburg,2,94,10,absolutely_needs,medium,1969,15,34,14544414
Petersburg,3,125,15,not_needs,medium,1999,27,37,34128626
Petersburg,5,114,17,absolutely_needs,medium,2006,7,11,23047246
Petersburg,4,119,17,needs,very bad,2008,1,19,19584031
Petersburg,2,79,11,needs,very bad,1995,5,21,11693577
Petersburg,5,136,17,not_needs,good,1996,3,3,38114888
Petersburg,3,81,14,not_needs,medium,1987,2,8,17952409
Petersburg,3,105,16,needs,bad,1979,4,30,18928471
Petersburg,2,67,14,needs,medium,1977,16,23,12045934
Petersburg,4,127,19,needs,very good,2021,25,28,55430428
Petersburg,3,98,15,not_needs,medium,1959,18,39,20318594
Petersburg,3,84,10,absolutely_needs,bad,1967,22,32,10329041
Petersburg,1,71,11,not_needs,medium,1997,6,21,18978998
Petersburg,1,58,11,needs,medium,2000,33,35,13058019
Petersburg,3,94,14,needs,bad,2015,1,17,20641593
Petersburg,1,77,11,needs,medium,1993,3,7,18705816
Petersburg,5,136,19,not_needs,medium,2006,12,31,36463564
Petersburg,1,41,6,needs,very bad,2003,14,25,6390794
Petersburg,3,83,11,needs,good,1987,18,29,23288639
Petersburg,2,70,16,absolutely_needs,good,1962,21,25,12950236
Petersburg,1,50,9,absolutely_needs,very good,2018,8,29,16210494
Petersburg,2,70,11,not_needs,medium,2005,8,17,18453329
Petersburg,3,94,16,not_needs,very good,1969,15,16,32637001
Petersburg,3,115,11,not_needs,good,2007,9,13,40274906
Petersburg,1,38,8,not_needs,good,1993,15,20,11777464
Petersburg,1,56,10,not_needs,good,2000,12,30,16992029
Petersburg,3,83,12,not_needs,bad,1984,5,17,15185160
Petersburg,2,70,11,absolutely_needs,medium,2015,10,12,17187645
Petersburg,4,108,15,needs,bad,1968,1,6,15801969
Petersburg,3,76,13,needs,good,1962,14,32,16081625
Petersburg,2,80,15,needs,bad,1958,26,27,10258293
Petersburg,2,73,12,needs,bad,1991,11,15,12216035
Petersburg,1,62,5,not_needs,good,1999,5,22,18172567
Petersburg,4,137,15,needs,very bad,2012,15,38,27219381
Petersburg,3,95,10,needs,bad,1974,3,36,14377357
Petersburg,4,108,11,not_needs,very bad,2022,27,40,21399818
Petersburg,2,89,17,needs,bad,1991,4,4,15506827
Petersburg,2,75,12,needs,very good,1998,14,25,24109493
Petersburg,2,60,11,not_needs,medium,1964,15,19,12431321
Petersburg,2,59,11,not_needs,good,1959,3,8,12423213
Petersburg,1,48,6,needs,good,1998,12,31,11643551
Petersburg,1,48,8,not_needs,medium,1994,18,23,11802608
Petersburg,2,89,14,needs,medium,1981,8,11,16298224
Petersburg,5,145,18,needs,bad,2005,31,33,27231998
Petersburg,2,58,13,not_needs,medium,1968,13,13,13189471
Petersburg,2,66,10,absolutely_needs,medium,2009,2,7,12288557
Petersburg,3,92,19,needs,medium,1973,8,26,16970690
Petersburg,1,74,6,needs,medium,1965,13,17,13637422
Petersburg,3,88,10,needs,very bad,1975,1,4,11072893
Petersburg,3,100,13,not_needs,medium,1976,14,14,19379522
Petersburg,2,70,11,needs,good,1986,28,29,18191588
Petersburg,1,38,10,not_needs,medium,1967,4,40,8829988
Petersburg,2,65,11,not_needs,medium,2003,3,3,18458638
Petersburg,1,57,12,needs,good,1984,4,32,14167908
Petersburg,1,52,10,not_needs,bad,2000,10,19,12276061
Petersburg,1,38,8,not_needs,bad,1999,1,29,7097544
Petersburg,1,71,12,not_needs,medium,1978,8,26,15317100
Petersburg,2,87,14,needs,good,1986,11,26,20977463
Petersburg,2,64,14,absolutely_needs,medium,1994,2,3,11245108
Petersburg,1,34,9,needs,very bad,1964,8,26,3956907
Petersburg,1,58,10,not_needs,good,1999,13,24,18795675
Petersburg,4,113,15,needs,medium,1984,2,31,22661197
Petersburg,3,86,10,needs,very bad,1983,33,38,11740707
Petersburg,5,122,19,not_needs,good,1991,8,21,34792575
Petersburg,1,54,9,not_needs,medium,2000,15,16,12948724
Petersburg,1,62,10,not_needs,bad,2003,10,26,15083698
Petersburg,3,126,13,needs,medium,1974,28,34,25397908
Petersburg,2,81,13,absolutely_needs,good,1963,31,35,13348977
Petersburg,4,123,15,needs,medium,2004,10,32,30422110
Petersburg,1,74,6,absolutely_needs,bad,1991,6,32,10751985
Petersburg,4,96,14,not_needs,medium,1980,2,8,25071619
Petersburg,2,72,13,needs,very good,2022,26,30,28544794
Petersburg,1,39,10,not_needs,good,2002,7,7,11171098
Petersburg,3,95,12,needs,very bad,2025,8,15,15632689
Petersburg,1,34,9,needs,medium,2005,12,25,8622121
Petersburg,3,102,12,needs,bad,1990,25,28,19312663
Petersburg,2,83,12,needs,medium,1998,2,4,16598025
Petersburg,2,77,10,needs,bad,1996,7,35,14690920
Petersburg,1,53,11,absolutely_needs,medium,1962,3,8,8233637
Petersburg,3,111,5,needs,good,2017,4,6,30092804
Petersburg,1,62,6,not_needs,medium,2014,27,30,16296263
Petersburg,2,67,16,absolutely_needs,very good,2020,21,22,22598263
Petersburg,1,83,13,needs,bad,1980,10,11,13082622
Petersburg,4,94,14,needs,bad,1955,17,38,12724875
Petersburg,4,112,15,needs,good,1956,4,5,24726713
Petersburg,2,85,9,needs,good,2008,14,19,24283153
Petersburg,3,98,10,absolutely_needs,medium,1955,4,10,14706862
Petersburg,3,97,12,not_needs,very good,1983,4,11,34640787
Petersburg,1,59,10,not_needs,very good,1961,23,33,18517448
Petersburg,5,129,17,needs,bad,2000,29,32,25345338
Petersburg,2,72,9,not_needs,good,2018,1,32,23526254
Petersburg,1,44,11,needs,good,2024,4,27,12172627
Petersburg,1,51,8,needs,medium,1978,27,32,9986587
Petersburg,1,47,6,needs,medium,2012,15,27,12403628
Petersburg,3,78,11,not_needs,medium,1966,34,38,14779662
Petersburg,3,72,13,not_needs,good,1960,10,11,16361376
Petersburg,1,71,12,absolutely_needs,bad,1993,7,9,11837155
Petersburg,3,95,10,not_needs,medium,2023,9,11,29444530
Petersburg,1,65,15,not_needs,medium,2015,25,37,17179864
Petersburg,1,56,14,not_needs,medium,2013,9,9,15182849
Petersburg,2,64,9,not_needs,bad,1984,28,37,13206074
Petersburg,1,50,9,absolutely_needs,good,2015,2,6,12007003
Petersburg,1,48,9,absolutely_needs,medium,2023,16,21,10013216
Petersburg,2,85,14,absolutely_needs,good,1972,16,22,17948194
Petersburg,1,57,11,needs,medium,1995,7,36,11877384
Petersburg,5,122,19,needs,good,2015,5,24,39475944
Petersburg,1,60,7,absolutely_needs,bad,1986,14,18,9060062
Petersburg,2,74,11,needs,very good,1990,21,35,21003450
Petersburg,2,86,11,not_needs,good,1990,6,22,24494984
Petersburg,1,48,7,not_needs,medium,2025,6,15,16062560
Petersburg,3,112,8,needs,very good,2005,8,19,38801529
Petersburg,1,65,12,needs,medium,2008,6,19,13594112
Petersburg,2,74,12,needs,good,2019,2,3,23125709
Petersburg,3,77,13,not_needs,medium,2001,21,36,22576921
Petersburg,4,101,13,needs,very good,1995,29,38,39245854
Petersburg,3,109,13,not_needs,bad,2004,20,26,25291767
Petersburg,2,77,13,needs,good,2010,19,26,24724493
Petersburg,2,76,11,needs,good,1975,27,32,18656554
Petersburg,5,110,12,needs,good,2004,16,24,32919740
Petersburg,2,70,8,not_needs,medium,1974,2,3,14057201
Petersburg,2,79,10,not_needs,bad,2001,2,10,16647739
Petersburg,2,58,10,not_needs,bad,2022,16,31,13952337
Petersburg,2,66,9,needs,good,1970,14,30,16279945
Petersburg,1,48,10,needs,medium,1998,2,5,9570945
Petersburg,3,113,11,absolutely_needs,very bad,2017,28,28,15133759
Petersburg,2,55,10,needs,medium,1965,2,15,10069089
Petersburg,4,117,15,not_needs,good,1971,5,5,32365414
Petersburg,2,88,9,not_needs,medium,2002,13,29,21748803
Petersburg,1,73,9,needs,medium,1989,7,10,14013795
Petersburg,1,58,7,needs,bad,1983,4,11,8952703
Petersburg,1,66,6,needs,good,1983,5,38,16757399
Petersburg,4,103,19,not_needs,good,2016,24,36,36478265
Petersburg,5,112,15,needs,bad,2017,30,33,27932154
Petersburg,1,79,7,not_needs,medium,1983,7,9,16837202
Petersburg,2,69,9,needs,medium,1963,5,6,11893301
Petersburg,3,100,15,absolutely_needs,medium,2006,10,11,18495457
Petersburg,2,71,9,needs,very bad,1971,3,8,8208667
Petersburg,2,77,8,not_needs,bad,2009,19,29,18512246
Petersburg,2,99,9,needs,good,2015,15,21,30450483
Petersburg,1,36,9,not_needs,medium,1968,29,32,6750837
Petersburg,2,73,10,not_needs,bad,1992,6,9,14355861
Petersburg,4,99,11,not_needs,good,1975,5,6,25182746
Petersburg,1,64,5,needs,medium,2009,35,36,13998385
Petersburg,1,53,10,not_needs,good,2001,19,35,15286365
Petersburg,3,93,16,needs,bad,1964,16,31,12687498
Petersburg,4,120,15,needs,medium,2025,1,4,35614244
Petersburg,1,51,8,not_needs,very bad,1986,10,22,9085563
Petersburg,5,123,17,not_needs,very bad,1957,9,33,18555796
Petersburg,2,74,8,needs,good,1964,2,10,16582674
Petersburg,1,61,10,not_needs,very bad,1963,6,26,8447088
Petersburg,2,80,13,not_needs,bad,2006,15,23,17603712
Petersburg,4,102,20,not_needs,bad,1977,1,14,19943259
Petersburg,3,78,12,needs,medium,1969,1,3,14004163
Petersburg,3,127,17,not_needs,good,2006,1,26,35688250
Petersburg,4,113,11,needs,medium,1994,5,13,25140392
Petersburg,4,105,17,needs,good,1990,1,3,28498083
Petersburg,2,81,9,not_needs,very bad,2006,3,10,13619537
Petersburg,1,66,7,not_needs,medium,1995,16,39,19029381
Petersburg,1,50,7,needs,good,2013,15,19,15033050
Petersburg,4,107,13,needs,medium,1973,8,16,23983932
Petersburg,2,73,8,needs,medium,1970,19,34,13251925
Petersburg,5,116,16,not_needs,good,1998,34,37,38910797
Petersburg,3,108,18,needs,very bad,2004,1,16,18084864
Petersburg,4,113,16,absolutely_needs,medium,2002,15,17,26630442
Petersburg,1,35,6,absolutely_needs,very good,1978,16,40,9421286
Petersburg,1,36,11,not_needs,bad,1982,14,29,6954329
Petersburg,4,97,11,not_needs,good,1971,16,28,27246076
Petersburg,2,86,13,needs,good,1985,4,17,21012318
Petersburg,3,116,13,needs,good,2008,8,34,31998111
Petersburg,1,52,7,absolutely_needs,bad,1998,8,9,7709215
Petersburg,2,60,15,absolutely_needs,medium,1983,13,36,9702315
Petersburg,1,49,9,not_needs,very bad,1999,3,3,9787791
Petersburg,2,97,9,not_needs,medium,1968,18,18,22598103
Petersburg,1,52,7,needs,medium,1965,7,32,8696280
Petersburg,1,64,9,needs,very good,1974,3,5,20639505
Petersburg,2,74,12,not_needs,very bad,2013,11,14,15279243
Petersburg,1,61,15,not_needs,medium,2005,1,11,16601721
Petersburg,5,121,18,needs,medium,1975,34,35,26733216
Petersburg,2,74,17,needs,good,1994,12,14,20721350
Petersburg,2,67,10,needs,good,1967,11,16,12834160
Petersburg,1,50,6,needs,good,1990,3,8,13792134
Petersburg,1,46,6,absolutely_needs,very bad,1958,31,31,5104058
Petersburg,2,82,10,needs,medium,2007,24,37,21532364
Petersburg,4,96,11,absolutely_needs,medium,2000,9,10,21526698
Petersburg,3,69,12,needs,bad,1997,2,9,12333749
Petersburg,4,101,15,needs,good,1968,33,38,20991105
Petersburg,5,133,17,needs,good,1967,5,20,32721148
Petersburg,4,123,14,absolutely_needs,good,1986,15,31,25465256
Petersburg,1,64,8,needs,bad,1961,2,6,9390122
Petersburg,1,79,8,absolutely_needs,medium,2015,8,26,15411125
Petersburg,2,96,15,absolutely_needs,very good,2001,39,40,26458334
Petersburg,2,76,10,not_needs,very bad,1961,16,20,10135370
Petersburg,5,120,15,not_needs,good,2012,11,28,38045050
Petersburg,2,66,11,needs,bad,1992,12,22,11834944
Petersburg,2,71,10,needs,medium,1959,27,29,11818039
Petersburg,4,118,13,needs,medium,1996,19,30,28555824
Petersburg,3,99,7,needs,medium,1958,20,34,15408646
Petersburg,3,79,16,not_needs,medium,2002,12,16,19359989
Petersburg,1,63,6,not_needs,medium,1999,2,17,14952225
Petersburg,1,63,11,absolutely_needs,good,1971,1,7,12699211
Petersburg,1,48,5,not_needs,medium,1960,27,38,8471249
Petersburg,4,100,16,needs,medium,1971,3,3,19697296
Petersburg,3,100,11,not_needs,medium,2004,32,40,24897793
Petersburg,3,98,14,needs,medium,2024,12,14,24036449
Petersburg,1,28,5,not_needs,very good,2002,13,13,11023960
Petersburg,5,126,17,absolutely_needs,bad,2001,10,27,21705296
Petersburg,2,69,12,not_needs,good,2011,14,20,25570654
Petersburg,3,99,16,needs,bad,1967,25,27,15628502
Petersburg,3,93,15,needs,medium,1955,4,21,16520686
Petersburg,1,45,10,not_needs,very good,2010,2,14,19228762
Petersburg,4,110,13,needs,medium,2003,17,33,26031603
Petersburg,2,72,8,absolutely_needs,bad,1957,3,12,8047022
Petersburg,1,51,11,not_needs,medium,1976,22,26,12229440
Petersburg,4,137,19,needs,medium,2012,5,32,31879565
Petersburg,2,91,10,needs,very good,1958,1,35,20542246
Petersburg,2,66,10,needs,very bad,2000,9,14,9161553
Petersburg,3,100,12,not_needs,good,2025,7,34,33861266
Petersburg,2,85,10,needs,medium,2001,11,31,21127252
Petersburg,2,61,10,absolutely_needs,bad,1992,8,9,10941434
Petersburg,1,59,14,needs,bad,1970,29,32,8990485
Petersburg,3,101,9,needs,bad,1977,5,25,18140938
Petersburg,1,62,8,not_needs,medium,1971,17,26,13130389
Petersburg,1,53,9,needs,medium,1963,27,33,8979925
Petersburg,5,117,19,needs,very good,2023,16,40,46729364
Petersburg,3,66,11,absolutely_needs,medium,2016,10,28,15474831
Petersburg,1,57,10,absolutely_needs,very good,1975,3,14,16025564
Petersburg,1,64,10,needs,bad,1973,3,8,9339354
Petersburg,3,76,17,needs,medium,1958,7,23,12124629
Petersburg,3,104,10,not_needs,bad,1992,6,7,23472870
Petersburg,1,56,11,not_needs,medium,1997,3,8,15434580
Petersburg,5,119,18,not_needs,medium,2020,9,33,36211075
Petersburg,1,54,13,not_needs,good,1968,8,8,13042192
Petersburg,3,79,13,not_needs,good,1987,10,22,21814978
Petersburg,2,89,11,not_needs,bad,2002,2,6,18886716
Petersburg,3,76,16,not_needs,bad,1978,13,16,14138952
Petersburg,1,63,7,needs,good,1998,13,22,15657633
Petersburg,1,68,12,not_needs,medium,1963,3,22,12382789
Petersburg,1,58,13,not_needs,good,1987,1,26,15025889
Petersburg,4,91,18,not_needs,very bad,1965,4,21,16186541
Petersburg,1,40,9,absolutely_needs,good,1965,13,13,8285263
Petersburg,4,100,15,absolutely_needs,good,1997,9,9,21802019
Petersburg,3,92,12,absolutely_needs,medium,2007,34,35,18531977
Petersburg,4,120,12,not_needs,medium,1968,17,17,26154376
Petersburg,5,143,18,not_needs,bad,1981,5,28,31753181
Petersburg,2,60,8,absolutely_needs,medium,2021,9,11,14013953
Petersburg,3,122,16,not_needs,medium,2013,13,28,35590201
Petersburg,1,49,6,not_needs,very bad,2010,2,7,9276724
Petersburg,1,60,11,not_needs,good,1998,7,27,16849990
Petersburg,1,78,9,not_needs,medium,1978,29,40,20165714
Petersburg,1,81,11,needs,good,1976,15,26,17188887
Petersburg,4,119,16,needs,very bad,1989,16,20,20826284
Petersburg,1,54,6,needs,bad,1983,1,11,9569751
Petersburg,3,90,8,absolutely_needs,bad,1993,19,40,14167946
Petersburg,2,85,15,absolutely_needs,medium,1989,11,33,16317081
Petersburg,2,65,10,not_needs,medium,1994,32,40,17018621
Petersburg,3,91,11,needs,bad,1969,9,14,16180666
Petersburg,2,56,9,absolutely_needs,bad,1962,3,34,7800233
Petersburg,2,75,12,needs,medium,1977,7,9,12728212
Petersburg,3,65,11,needs,bad,1964,8,40,9170599
Petersburg,1,68,8,absolutely_needs,medium,1961,9,15,11199735
Petersburg,1,69,11,not_needs,medium,2008,4,23,18405390
Petersburg,3,87,12,absolutely_needs,medium,1972,10,10,14143894
Petersburg,1,44,5,not_needs,very bad,2010,17,36,8832373
Petersburg,2,78,11,needs,good,2014,11,28,22137036
Petersburg,5,126,15,needs,good,1990,17,27,38229960
Petersburg,4,124,17,needs,medium,1995,19,26,32454847
Petersburg,1,63,5,needs,bad,1982,33,35,10700530
Petersburg,2,76,12,not_needs,medium,2001,6,19,19427190
Petersburg,2,100,13,not_needs,medium,1977,15,37,21913405
Petersburg,2,87,11,not_needs,medium,1997,9,26,23772043
Petersburg,1,43,13,not_needs,bad,1996,18,31,9225120
Petersburg,4,111,14,absolutely_needs,medium,1972,4,11,19384530
Petersburg,1,71,7,needs,medium,1980,24,30,12364493
Petersburg,1,59,7,not_needs,very bad,2023,3,7,12953715
Petersburg,3,90,14,not_needs,bad,1989,16,31,21273789
Petersburg,4,105,17,needs,good,1961,5,34,24697919
Petersburg,2,72,15,not_needs,good,2025,2,38,28047416
Petersburg,3,85,13,not_needs,medium,1963,17,19,17968581
Petersburg,3,110,12,needs,bad,1979,9,39,18466650
Petersburg,1,76,11,needs,very good,1995,1,36,23826720
Petersburg,4,103,17,absolutely_needs,bad,2014,4,8,21023017
Petersburg,4,111,16,not_needs,medium,1980,4,19,30702963
Petersburg,2,69,10,not_needs,medium,1966,11,39,13314202
Petersburg,2,68,11,not_needs,very good,1995,1,32,25991297
Petersburg,1,60,9,not_needs,bad,1999,16,18,12923481
Petersburg,2,76,10,not_needs,good,1978,14,21,20896467
Petersburg,1,60,8,not_needs,medium,2025,11,23,15748564
Petersburg,4,92,13,not_needs,medium,1994,6,20,26888266
Petersburg,2,64,16,needs,medium,1955,22,32,11213659
Petersburg,2,64,14,not_needs,medium,1996,2,22,16044482
Petersburg,4,121,19,not_needs,medium,2010,34,37,33521462
Petersburg,1,65,6,needs,very good,1956,23,32,18088646
Petersburg,3,94,15,needs,bad,1980,34,34,16498703
Petersburg,1,47,12,not_needs,medium,2017,16,26,15241676
Petersburg,2,86,8,absolutely_needs,medium,2013,10,12,18131131
Petersburg,1,46,9,not_needs,very good,2022,16,34,21022149
Petersburg,1,49,12,not_needs,very bad,2009,13,13,10032634
Petersburg,1,40,9,needs,medium,1994,1,17,7728129
Petersburg,1,51,5,not_needs,good,1974,8,16,12676016
Petersburg,1,81,13,not_needs,very good,2024,16,24,40260083
Petersburg,2,82,7,needs,medium,1995,24,30,17365344
Petersburg,4,101,15,needs,medium,1994,6,18,25256320
Petersburg,3,91,13,needs,medium,1972,12,16,18035981
Petersburg,4,104,20,not_needs,medium,1977,5,12,27014723
Petersburg,4,101,15,absolutely_needs,medium,2007,3,3,20826951
Petersburg,4,99,13,needs,very bad,1983,5,38,14731045
Petersburg,1,78,10,needs,medium,1982,8,38,16182797
Petersburg,5,128,17,not_needs,good,2007,18,31,45335107
Petersburg,2,82,12,needs,medium,1992,11,40,17672935
Petersburg,1,60,9,absolutely_needs,medium,2005,14,16,10958143
Petersburg,2,88,5,not_needs,medium,1994,27,40,20878446
Petersburg,4,106,18,not_needs,very good,1972,2,4,41292238
Petersburg,2,72,14,needs,very good,1965,4,9,19362949
Petersburg,1,63,8,not_needs,very bad,2015,16,29,11849736
Petersburg,2,70,10,needs,very good,1977,9,16,20991460
Petersburg,4,116,17,needs,good,2022,4,27,40693279
Petersburg,2,52,6,absolutely_needs,medium,2015,2,4,11720858
Petersburg,3,85,12,not_needs,very good,1980,5,33,31922677
Petersburg,1,69,7,not_needs,good,2021,2,37,26733655
Petersburg,3,84,17,not_needs,good,1999,10,18,23537007
Petersburg,2,62,11,needs,good,2009,7,12,18271390
Petersburg,2,91,7,needs,good,1993,28,32,21041690
Petersburg,2,58,9,needs,bad,1966,11,33,8765370
Petersburg,3,82,10,not_needs,good,2011,6,37,30459694
Petersburg,3,97,10,not_needs,medium,1970,8,8,22365719
Petersburg,3,90,15,absolutely_needs,very good,2008,21,25,26120275
Petersburg,3,87,12,not_needs,medium,1999,11,38,23699011
Petersburg,3,94,14,not_needs,good,1977,9,15,25087722
Petersburg,5,130,19,needs,very good,1968,28,35,41682365
Petersburg,1,63,8,not_needs,medium,2022,9,16,16260049
Petersburg,1,59,13,needs,medium,2004,10,38,13336361
Petersburg,1,50,14,not_needs,very good,1956,9,15,12655641
Petersburg,2,62,10,absolutely_needs,bad,1974,22,40,9353648
Petersburg,3,96,16,not_needs,medium,1999,9,26,27079124
Petersburg,4,95,16,not_needs,bad,2015,27,37,24460804
Petersburg,2,90,15,absolutely_needs,medium,2004,6,29,18652634
Petersburg,1,42,6,not_needs,medium,1989,16,18,10113248
Petersburg,4,108,18,not_needs,medium,1961,15,18,24573322
Petersburg,3,89,11,needs,very good,2011,11,23,31060324
Petersburg,1,61,9,absolutely_needs,very good,1989,3,13,17591680
Petersburg,3,111,14,needs,good,2021,6,10,33502133
Petersburg,3,70,12,needs,bad,2023,23,29,15769136
Petersburg,1,53,7,needs,good,1984,3,19,12777345
Petersburg,3,97,14,needs,medium,1982,3,19,17061090
Petersburg,4,122,20,absolutely_needs,medium,1961,1,13,21432907
Petersburg,3,86,15,absolutely_needs,medium,1963,4,31,12159936
Petersburg,5,137,16,not_needs,very good,1955,18,22,47438856
Petersburg,3,103,11,needs,bad,1963,23,36,14589339
Petersburg,3,87,9,absolutely_needs,good,2012,22,39,19620255
Petersburg,3,83,12,not_needs,very bad,1978,19,19,12613469
Petersburg,2,70,9,needs,bad,1996,9,39,13890448
Petersburg,1,61,10,not_needs,very good,2007,10,27,23781848
Petersburg,3,92,16,not_needs,very bad,1965,2,4,11937796
Petersburg,2,46,16,not_needs,bad,1984,2,3,9465833
Petersburg,2,62,8,needs,bad,2005,15,33,12924933
Petersburg,2,80,13,not_needs,very bad,2017,1,7,13934185
Petersburg,3,114,17,absolutely_needs,bad,2019,3,12,22148802
Petersburg,2,89,10,not_needs,good,1999,7,27,30942810
Petersburg,1,44,5,needs,bad,1999,5,23,8110949
Petersburg,3,105,11,not_needs,good,1972,6,13,24915473
Petersburg,1,60,6,absolutely_needs,bad,2020,4,11,11078905
Petersburg,3,98,14,not_needs,medium,1958,3,3,19655120
Petersburg,4,113,15,needs,good,1983,11,16,26580082
Petersburg,3,61,13,not_needs,bad,2018,3,9,17068315
Petersburg,1,44,10,not_needs,medium,1991,2,12,11298072
Petersburg,3,90,15,not_needs,very good,1999,25,38,39646700
Petersburg,3,90,12,absolutely_needs,very bad,1975,5,7,11051969
Petersburg,2,79,9,not_needs,very good,2011,14,26,37078265
Petersburg,4,121,16,needs,medium,1974,2,7,27774058
Petersburg,3,101,11,not_needs,good,2022,4,6,40539677
Petersburg,3,92,15,absolutely_needs,very bad,2006,23,40,11608056
Petersburg,1,47,9,not_needs,medium,2012,18,22,11573460
Petersburg,4,107,14,not_needs,very good,2004,12,22,49454004
Petersburg,2,70,11,not_needs,very good,1974,4,38,22251094
Petersburg,1,72,5,absolutely_needs,very bad,1981,2,8,8395711
Petersburg,3,81,15,needs,good,2001,12,27,23476360
Petersburg,1,57,8,not_needs,good,1986,26,28,14889956
Petersburg,3,79,14,not_needs,good,1992,25,40,26059819
Petersburg,2,60,12,not_needs,medium,2011,27,31,18910802
Petersburg,1,71,8,absolutely_needs,good,1975,11,11,13526293
Petersburg,3,99,14,not_needs,very good,2016,6,9,48215556
Petersburg,1,57,10,needs,medium,2005,4,22,11670428
Petersburg,4,95,13,needs,medium,2021,15,23,28729059
Petersburg,3,76,14,not_needs,bad,2006,14,31,16569967
Petersburg,4,108,15,not_needs,medium,2002,10,16,27554262
Petersburg,1,74,12,not_needs,bad,1979,2,7,14372089
Petersburg,3,89,12,absolutely_needs,good,1973,14,27,16559147
Petersburg,2,82,13,absolutely_needs,very good,1987,2,5,23113070
Petersburg,3,92,13,not_needs,very good,1976,22,25,30239863
Petersburg,4,85,13,not_needs,good,2009,4,32,27111179
Petersburg,3,86,13,needs,good,1972,10,14,19714645
Petersburg,5,124,15,absolutely_needs,bad,1956,1,9,15260179
Petersburg,2,78,14,needs,very good,2016,8,40,30191625
Petersburg,1,50,6,not_needs,medium,1957,23,25,9085832
Petersburg,3,117,14,not_needs,bad,2018,23,31,28838636
Petersburg,3,69,12,needs,good,2007,18,23,20781819
Petersburg,2,87,9,needs,good,1965,12,19,20924174
Petersburg,3,99,10,needs,good,2022,10,22,28540129
Petersburg,2,73,8,absolutely_needs,good,1959,18,22,12972551
Petersburg,2,73,16,absolutely_needs,good,1969,9,13,14250180
Petersburg,1,69,10,not_needs,medium,1987,27,38,14891454
Petersburg,3,91,11,not_needs,medium,1999,17,20,21312581
Petersburg,2,83,11,not_needs,good,1985,3,5,26310312
Petersburg,4,111,15,not_needs,bad,1989,19,24,25708084
Petersburg,1,61,7,needs,good,2003,1,10,13903964
Petersburg,2,75,9,absolutely_needs,good,1973,13,26,13473683
Petersburg,2,75,9,needs,very bad,1969,7,13,9393705
Petersburg,4,130,15,needs,very bad,2015,13,16,26734624
Petersburg,2,88,13,needs,medium,1985,2,6,17314357
Petersburg,2,65,9,not_needs,medium,1984,16,36,13562210
Petersburg,1,74,6,not_needs,medium,1985,10,38,18591895
Petersburg,1,44,5,needs,bad,1998,7,8,8304273
Petersburg,1,44,12,needs,bad,1996,7,40,7168552
Petersburg,2,67,10,needs,good,2021,5,8,19995892
Petersburg,3,90,18,not_needs,very bad,2002,1,10,14151463
Petersburg,1,61,11,not_needs,good,1994,1,32,17421895
Petersburg,5,142,15,absolutely_needs,good,2018,15,17,36404135
Petersburg,1,47,11,needs,very bad,1983,18,18,6232266
Petersburg,3,93,18,needs,bad,2018,2,3,20379836
Petersburg,2,67,16,not_needs,bad,2010,19,27,15704017
Petersburg,2,69,11,needs,good,1956,1,3,14257432
Petersburg,2,78,12,absolutely_needs,good,1969,2,6,16885124
Petersburg,1,54,8,not_needs,medium,1958,25,31,11093063
Petersburg,1,49,8,not_needs,medium,1955,3,11,9277489
Petersburg,3,75,13,absolutely_needs,medium,2022,2,4,16095952
Petersburg,4,117,17,not_needs,very bad,1964,13,30,18478349
Petersburg,3,95,12,not_needs,good,1983,24,30,26457157
Petersburg,4,92,18,not_needs,good,1995,29,39,26561404
Petersburg,3,100,13,needs,good,2006,29,33,27913347
Petersburg,4,115,16,not_needs,medium,1967,18,34,28893347
Petersburg,2,62,13,needs,bad,1971,27,31,10687171
Petersburg,2,61,12,needs,medium,2022,5,16,14151659
Petersburg,2,64,11,not_needs,medium,2023,17,37,16715324
Petersburg,2,90,12,not_needs,good,2008,35,36,31351119
Petersburg,1,35,10,absolutely_needs,medium,1980,9,15,5689480
Petersburg,4,109,11,not_needs,medium,1958,26,36,22687775
Petersburg,4,123,15,needs,very bad,1966,3,5,17526844
Petersburg,5,144,13,not_needs,medium,1991,34,36,42488204
Petersburg,3,107,13,needs,very good,1978,5,37,28873902
Petersburg,2,71,7,needs,very bad,2012,12,14,10503524
Petersburg,4,103,15,absolutely_needs,medium,2003,4,6,21779907
Petersburg,2,80,12,absolutely_needs,good,1977,20,30,17734487
Petersburg,1,61,13,needs,good,2012,6,8,19888135
Petersburg,3,112,11,needs,medium,1970,1,11,21091999
Kazan,1,42,10,not_needs,medium,2023,6,13,7352340
Kazan,2,52,12,absolutely_needs,medium,1957,7,12,5480600
Kazan,2,68,11,needs,good,1970,4,7,9837710
Kazan,4,114,13,absolutely_needs,good,1984,1,8,17399409
Kazan,2,67,10,needs,good,2004,2,28,12037702
Kazan,5,139,18,not_needs,bad,1980,6,12,21122908
Kazan,2,85,14,needs,bad,1965,13,13,8639855
Kazan,2,88,11,needs,bad,1965,7,34,9091803
Kazan,2,74,9,not_needs,bad,1958,3,11,7699775
Kazan,3,91,10,needs,good,1958,24,27,10384455
Kazan,2,55,13,not_needs,medium,2002,7,8,9213197
Kazan,1,38,6,needs,very bad,1967,31,33,2940807
Kazan,2,67,11,needs,bad,1963,33,35,5722939
Kazan,2,90,10,needs,good,2000,2,6,16581141
Kazan,3,72,19,needs,medium,1976,3,4,9543819
Kazan,1,55,11,needs,good,2000,7,13,9607079
Kazan,2,86,12,needs,good,1985,13,16,13563031
Kazan,1,65,11,needs,good,1999,7,27,11470403
Kazan,3,74,10,needs,good,1959,19,21,9900129
Kazan,1,55,8,absolutely_needs,bad,2016,35,39,5752825
Kazan,3,104,11,needs,very good,1974,6,34,17801522
Kazan,1,53,6,absolutely_needs,very bad,1962,5,14,3476562
Kazan,3,103,10,not_needs,bad,2016,25,40,17572428
Kazan,5,119,19,needs,good,2022,27,36,22849443
Kazan,4,102,14,not_needs,very bad,2023,9,20,14687016
Kazan,4,124,20,not_needs,very bad,1968,25,30,11436396
Kazan,1,50,14,not_needs,medium,1999,3,12,8614817
Kazan,1,67,7,needs,good,1980,15,28,10324646
Kazan,3,97,10,needs,medium,2020,2,15,13851892
Kazan,4,98,14,needs,medium,1962,25,30,12897004
Kazan,3,91,11,needs,medium,2022,1,3,15555177
Kazan,2,56,9,needs,bad,1993,3,3,7150592
Kazan,2,80,8,not_needs,medium,1958,9,29,10689478
Kazan,1,60,9,needs,good,1976,5,9,9702494
Kazan,2,65,11,needs,good,1972,3,3,8601285
Kazan,1,55,6,not_needs,medium,2021,31,37,9866644
Kazan,5,133,18,absolutely_needs,good,1971,2,7,18520347
Kazan,1,69,13,needs,medium,1963,7,37,8494737
Kazan,2,91,12,needs,very good,1976,5,6,15936026
Kazan,2,66,8,needs,good,1994,4,13,10032615
Kazan,2,66,14,needs,good,1959,21,28,7816240
Kazan,2,57,7,needs,good,1955,5,33,7313811
Kazan,1,57,9,not_needs,very bad,1984,6,6,6312960
Kazan,3,104,15,needs,medium,1970,19,30,12336520
Kazan,5,143,18,not_needs,bad,1963,37,39,16442342
Kazan,2,57,14,not_needs,medium,1973,11,29,8834187
Kazan,1,74,5,needs,medium,1990,23,29,10487229
Kazan,2,78,13,not_needs,very bad,2013,4,16,8633720
Kazan,1,47,6,needs,good,2001,10,23,8237411
Kazan,2,80,16,needs,very bad,1976,18,27,7078929
Kazan,1,66,11,not_needs,medium,1961,2,14,8962742
Kazan,1,58,10,not_needs,good,1976,5,26,9464387
Kazan,2,81,15,absolutely_needs,very good,1988,14,14,14994250
Kazan,4,117,17,not_needs,very bad,1978,10,18,14571739
Kazan,2,66,11,not_needs,bad,1964,7,12,6576341
Kazan,3,86,13,needs,good,2000,8,24,16033497
Kazan,2,78,13,not_needs,very good,1963,7,7,13277705
Kazan,2,78,14,needs,medium,2021,6,6,11354116
Kazan,2,61,7,not_needs,good,2023,10,18,14632807
Kazan,2,84,11,not_needs,medium,2003,16,16,12935910
Kazan,1,70,13,needs,very good,1958,15,16,12339232
Kazan,3,89,10,not_needs,bad,1955,10,26,8733124
Kazan,3,92,14,needs,medium,1970,24,24,9380978
Kazan,1,33,8,absolutely_needs,medium,2011,1,4,3997136
Kazan,1,53,8,not_needs,medium,2006,1,27,7636711
Kazan,1,77,5,needs,bad,2002,13,23,9997267
Kazan,1,45,10,needs,bad,2015,10,38,5433949
Kazan,2,75,12,not_needs,good,1998,21,22,13693634
Kazan,1,58,9,absolutely_needs,good,1976,5,10,7681249
Kazan,2,65,12,not_needs,bad,1992,9,14,9396075
Kazan,4,118,18,needs,very bad,1964,2,4,9697910
Kazan,1,61,9,not_needs,good,1990,14,17,10501919
Kazan,3,90,18,needs,medium,2021,11,34,15649411
Kazan,3,88,11,not_needs,very good,1996,1,4,18735482
Kazan,3,106,10,absolutely_needs,good,2019,4,14,18591508
Kazan,2,67,12,not_needs,very bad,2012,9,15,8915159
Kazan,3,100,14,not_needs,medium,1970,3,3,12641238
Kazan,1,47,13,not_needs,medium,1966,7,7,6714915
Kazan,3,95,13,not_needs,very good,1962,10,16,17511207
Kazan,4,109,18,needs,very good,1997,3,7,21655635
Kazan,5,131,18,absolutely_needs,medium,2023,20,27,22170986
Kazan,2,60,17,not_needs,good,1956,11,25,9969918
Kazan,1,45,10,needs,medium,1966,9,9,4582524
Kazan,3,82,11,absolutely_needs,very good,1979,32,40,13655081
Kazan,2,70,11,needs,bad,1994,23,37,8689440
Kazan,2,71,13,needs,medium,1990,1,5,8566255
Kazan,1,75,11,needs,very good,1973,9,32,13652859
Kazan,2,78,11,not_needs,medium,2015,7,14,15925319
Kazan,1,64,12,not_needs,very bad,1973,10,20,6431252
Kazan,2,71,10,needs,bad,1990,1,35,6759572
Kazan,5,140,18,not_needs,good,1957,14,17,20762762
Kazan,2,83,9,not_needs,very bad,2005,3,30,10579514
Kazan,2,70,14,absolutely_needs,good,2012,28,37,10064407
Kazan,1,58,13,absolutely_needs,very good,1978,25,33,10316128
Kazan,2,77,10,needs,medium,1964,25,33,8976535
Kazan,2,61,8,absolutely_needs,good,2017,31,32,11037863
Kazan,2,62,8,not_needs,bad,2012,1,4,10030932
Kazan,3,97,11,not_needs,very bad,1985,1,30,9382144
Kazan,2,79,6,not_needs,bad,2003,20,21,11189061
Kazan,5,132,17,not_needs,good,1961,3,16,21273863
Kazan,4,114,12,absolutely_needs,medium,1966,25,37,12142784
Kazan,4,126,10,not_needs,good,1962,5,6,22044664
Kazan,4,96,14,needs,medium,1972,31,39,13533084
Kazan,3,103,14,absolutely_needs,very good,1961,2,4,14482157
Kazan,3,81,12,needs,bad,1965,7,8,6927402
Kazan,2,72,9,not_needs,very good,2014,26,34,16949764
Kazan,2,67,11,needs,medium,2016,9,19,10956482
Kazan,5,132,20,not_needs,bad,1970,15,38,14461493
Kazan,3,76,15,not_needs,good,1978,18,28,12844926
Kazan,1,54,12,needs,very good,1960,17,35,7727904
Kazan,4,117,17,needs,medium,2005,2,13,19730328
Kazan,1,39,9,not_needs,bad,1975,15,18,4811675
Kazan,1,48,6,not_needs,good,1964,5,10,7142453
Kazan,1,55,14,needs,very good,1999,24,36,12750483
Kazan,2,91,10,not_needs,good,1990,4,5,16974153
Kazan,2,73,7,not_needs,very bad,2017,1,14,7821274
Kazan,1,61,11,needs,good,2016,8,28,10196260
Kazan,2,63,9,needs,medium,1962,3,8,7181294
Kazan,5,143,15,absolutely_needs,very bad,2008,14,37,16125676
Kazan,3,108,14,needs,medium,2005,9,11,16935410
Kazan,1,58,10,not_needs,good,2016,1,30,11070566
Kazan,3,114,12,not_needs,very good,2023,20,29,36778395
Kazan,3,84,11,not_needs,bad,2008,5,37,11612551
Kazan,2,71,8,needs,medium,2023,2,14,10900276
Kazan,3,93,12,not_needs,good,1965,4,12,14590015
Kazan,5,147,17,not_needs,good,2023,35,37,38739951
Kazan,2,73,9,not_needs,medium,1987,18,30,10262477
Kazan,4,103,13,needs,medium,1957,10,17,11378200
Kazan,3,80,12,needs,very bad,1976,12,34,7288723
Kazan,3,115,13,absolutely_needs,medium,1993,6,6,14104929
Kazan,1,55,6,needs,very good,2019,1,4,12191627
Kazan,1,53,12,needs,medium,2004,4,4,7305359
Kazan,3,92,14,not_needs,very good,1996,5,7,22708286
Kazan,3,80,12,not_needs,bad,1984,29,36,11470500
Kazan,3,93,14,not_needs,medium,2014,1,20,17621568
Kazan,2,71,9,needs,good,1956,5,10,8353582
Kazan,2,92,14,needs,very good,1975,7,30,16329802
Kazan,1,38,13,needs,very bad,1970,9,9,2851542
Kazan,1,62,12,not_needs,medium,1997,15,39,9514822
Kazan,4,106,11,not_needs,bad,1967,14,21,11847661
Kazan,1,45,5,not_needs,very good,1992,25,31,9542818
Kazan,2,86,14,not_needs,good,2007,11,12,16938134
Kazan,4,116,11,absolutely_needs,very bad,2017,10,21,12559618
Kazan,3,80,14,not_needs,very bad,1974,1,4,8091434
Kazan,2,61,14,needs,medium,2024,3,8,10178254
Kazan,2,96,8,needs,very good,1992,3,10,20461138
Kazan,1,34,9,not_needs,good,1987,5,22,6574354
Kazan,2,74,13,needs,medium,1971,3,3,9301738
Kazan,2,82,13,absolutely_needs,very good,1991,16,17,16172297
Kazan,1,65,14,needs,good,1961,8,12,7749463
Kazan,5,135,17,needs,bad,1963,21,24,14073783
Kazan,1,54,12,needs,good,1967,3,3,6454036
Kazan,1,59,13,absolutely_needs,good,1991,2,16,9387715
Kazan,5,122,19,absolutely_needs,good,1974,34,34,17871080
Kazan,4,84,22,absolutely_needs,bad,1986,1,4,7732990
Kazan,4,100,18,needs,good,2024,11,28,21133624
Kazan,3,80,10,needs,medium,1978,8,14,9447989
Kazan,1,54,8,not_needs,bad,1985,4,4,6285840
Kazan,2,87,14,not_needs,good,1960,17,37,13403131
Kazan,2,82,12,not_needs,good,2005,16,18,19026625
Kazan,1,26,9,not_needs,good,1961,3,5,3695574
Kazan,3,91,10,absolutely_needs,medium,1996,2,15,10064398
Kazan,1,78,8,absolutely_needs,medium,2018,25,31,12093745
Kazan,2,44,11,absolutely_needs,medium,2002,20,31,5833442
Kazan,1,47,8,needs,very bad,1967,25,25,3479107
Kazan,4,83,16,needs,medium,2009,8,17,15117597
Kazan,1,43,10,needs,very bad,2020,7,13,4845173
Kazan,2,68,13,not_needs,good,2000,5,15,14171488
Kazan,3,95,14,needs,very good,1956,1,16,15807905
Kazan,1,70,7,not_needs,medium,1969,1,16,9059586
Kazan,4,105,10,needs,bad,1956,37,37,10183505
Kazan,2,58,12,needs,good,1974,5,5,8206467
Kazan,1,63,10,not_needs,bad,1964,18,23,7356451
Kazan,5,131,15,needs,good,1989,11,21,20651561
Kazan,5,137,21,needs,bad,2013,14,28,17547213
Kazan,1,52,9,not_needs,good,1971,26,30,7883841
Kazan,3,98,11,not_needs,medium,1996,20,40,14830839
Kazan,4,97,14,absolutely_needs,bad,1987,17,17,9533754
Kazan,3,67,10,not_needs,good,2014,19,39,16074174
Kazan,4,101,15,absolutely_needs,bad,2018,3,6,12375160
Kazan,3,105,16,not_needs,medium,2025,11,30,18611851
Kazan,5,125,16,not_needs,medium,2013,6,13,23424863
Kazan,3,100,15,not_needs,very good,1970,8,36,23292167
Kazan,2,73,6,not_needs,medium,1958,30,39,8225198
Kazan,1,68,10,absolutely_needs,good,1988,8,8,8418344
Kazan,3,105,15,needs,bad,1975,12,12,9536487
Kazan,1,54,8,needs,medium,1994,24,31,7574227
Kazan,2,67,13,absolutely_needs,good,1966,4,7,8118385
Kazan,2,68,8,absolutely_needs,medium,1959,3,30,7079808
Kazan,4,119,14,needs,good,1984,4,4,17469642
Kazan,5,105,17,needs,medium,1966,16,17,12074263
Kazan,2,93,7,needs,very bad,2014,5,21,10231115
Kazan,1,58,9,not_needs,medium,1991,2,3,9616923
Kazan,1,58,9,not_needs,medium,1958,3,5,7688342
Kazan,1,62,12,absolutely_needs,medium,2022,1,14,9074690
Kazan,4,108,16,not_needs,very bad,2024,3,6,17651172
Kazan,3,92,13,needs,bad,1982,22,30,9721315
Kazan,2,86,13,needs,medium,2005,7,14,11484469
Kazan,1,56,5,not_needs,very bad,1996,10,10,5987827
Kazan,2,92,10,not_needs,good,1980,13,13,17384574
Kazan,3,86,14,absolutely_needs,good,1960,5,10,10535320
Kazan,1,47,16,absolutely_needs,very bad,1956,10,29,2696677
Kazan,1,67,10,needs,bad,1997,8,8,7667917
Kazan,2,103,10,not_needs,medium,2000,4,33,16254340
Kazan,4,103,16,absolutely_needs,medium,1975,23,29,12952328
Kazan,2,81,11,not_needs,very bad,1986,10,33,8104806
Kazan,2,77,14,needs,medium,1992,15,20,11838677
Kazan,4,122,8,not_needs,very good,1991,26,27,30339994
Kazan,4,109,14,needs,medium,1991,5,8,17308445
Kazan,5,130,16,not_needs,bad,2006,13,16,21112477
Kazan,1,24,8,not_needs,good,1997,5,25,4576104
Kazan,1,37,9,needs,medium,1981,10,10,4545080
Kazan,3,104,12,absolutely_needs,medium,2024,20,40,13681031
Kazan,2,71,11,not_needs,bad,1981,3,20,8704683
Kazan,1,61,8,not_needs,good,2025,25,27,12562791
Kazan,2,78,19,not_needs,very good,1982,5,10,19647587
Kazan,4,100,17,absolutely_needs,medium,1982,18,27,12520871
Kazan,1,62,10,needs,bad,1994,15,36,7011136
Kazan,3,84,10,not_needs,good,2021,5,9,20245278
Kazan,2,82,10,not_needs,bad,2025,3,20,13104661
Kazan,1,74,8,not_needs,medium,1993,17,17,12039787
Kazan,2,78,9,absolutely_needs,good,1998,3,8,10678107
Kazan,2,81,7,not_needs,bad,2003,1,3,11302874
Kazan,2,83,10,needs,medium,1995,28,31,11379672
Kazan,2,65,13,not_needs,bad,2014,8,37,10331369
Kazan,1,53,7,not_needs,very good,2021,18,30,15206743
Kazan,4,107,15,needs,good,2017,4,21,24873593
Kazan,3,86,13,absolutely_needs,good,1994,13,37,13517378
Kazan,3,93,12,needs,good,1983,3,22,14481922
Kazan,2,64,14,needs,medium,1976,15,34,8237699
Kazan,3,94,13,not_needs,medium,2009,2,17,16731880
Kazan,1,55,10,not_needs,bad,1982,8,9,6100392
Kazan,3,85,13,needs,good,2000,3,26,14262631
Kazan,2,64,11,needs,good,2022,5,7,14022327
Kazan,3,75,12,needs,medium,2021,1,11,10111612
Kazan,3,93,12,not_needs,good,1973,13,14,13958631
Kazan,3,90,15,not_needs,very bad,2002,6,14,11488371
Kazan,5,120,19,needs,very bad,1964,2,10,11271237
Kazan,1,72,12,needs,good,2019,36,40,13364670
Kazan,2,70,11,absolutely_needs,bad,1985,19,20,5970501
Kazan,1,59,8,not_needs,good,1982,11,13,11880102
Kazan,1,55,10,needs,bad,2018,25,31,7504771
Kazan,3,81,12,not_needs,very bad,2011,7,12,10335563
Kazan,1,38,7,needs,very good,2015,17,35,8284944
Kazan,1,78,7,absolutely_needs,medium,1991,33,33,8282443
Kazan,2,80,12,needs,good,2020,17,35,17036047
Kazan,2,43,12,not_needs,medium,1995,12,28,7846234
Kazan,4,104,20,not_needs,very bad,1965,2,3,11554688
Kazan,5,139,18,needs,medium,2002,2,12,19592654
Kazan,2,62,14,not_needs,medium,1984,2,5,9845842
Kazan,1,56,7,needs,medium,1997,27,35,7130780
Kazan,1,77,9,needs,good,1968,4,10,11186484
Kazan,1,47,9,absolutely_needs,good,1958,33,33,5591492
Kazan,2,78,5,absolutely_needs,very bad,1999,8,26,7436897
Kazan,1,54,10,not_needs,good,1964,2,4,7502285
Kazan,2,67,7,absolutely_needs,very good,2008,12,25,12097616
Kazan,3,76,12,not_needs,good,1996,4,27,13281513
Kazan,4,107,14,not_needs,bad,1991,1,4,13937246
Kazan,2,89,12,not_needs,medium,2002,17,18,13620653
Kazan,3,77,13,needs,medium,1975,9,18,8233986
Kazan,1,40,13,needs,medium,1984,1,22,4385151
Kazan,3,77,12,needs,medium,2011,1,13,12515438
Kazan,4,110,19,absolutely_needs,good,2015,3,7,21896071
Kazan,3,100,7,needs,medium,2007,3,22,16425935
Kazan,5,119,18,needs,very bad,2009,4,4,14544215
Kazan,1,50,12,absolutely_needs,good,1992,37,40,7806893
Kazan,1,61,10,needs,good,2003,1,10,9564451
Kazan,2,53,12,not_needs,medium,2022,7,39,9695464
Kazan,1,47,8,not_needs,bad,2013,34,35,7494104
Kazan,1,67,7,needs,very bad,2017,6,6,6369108
Kazan,3,103,16,not_needs,bad,1976,2,4,11162917
Kazan,3,76,19,not_needs,medium,1991,1,12,12856387
Kazan,2,69,11,not_needs,good,1958,4,8,9349293
Kazan,1,64,8,needs,good,2004,3,5,10588579
Kazan,2,62,13,not_needs,very bad,2020,16,21,7710611
Kazan,4,126,15,not_needs,medium,1993,7,35,19528408
Kazan,1,57,9,not_needs,bad,2017,11,40,9076814
Kazan,1,58,10,not_needs,very bad,2017,1,14,6439727
Kazan,1,39,9,not_needs,good,1977,2,18,7286501
Kazan,2,84,8,not_needs,medium,1990,15,36,11746810
Kazan,2,71,10,needs,good,1985,5,18,10889618
Kazan,2,63,10,not_needs,good,1968,5,12,10920073
Kazan,2,87,8,needs,very bad,1991,4,6,8534440
Kazan,1,58,12,absolutely_needs,very bad,1977,11,14,4285364
Kazan,3,92,18,needs,good,2006,3,3,15933743
Kazan,2,93,13,absolutely_needs,medium,1999,7,10,11978659
Kazan,3,100,13,absolutely_needs,good,1960,4,11,11543616
Kazan,2,75,10,absolutely_needs,medium,1981,16,32,7456890
Kazan,4,121,15,not_needs,medium,1996,3,3,19914518
Kazan,2,74,10,absolutely_needs,bad,2025,5,9,10244291
Kazan,2,79,12,needs,medium,1964,1,31,8412435
Kazan,4,114,11,not_needs,good,2023,6,13,29590553
Kazan,1,67,10,needs,good,1982,2,3,10027190
Kazan,5,125,13,needs,bad,2024,34,36,19094049
Kazan,4,109,17,needs,medium,1975,2,13,15752857
Kazan,1,53,11,absolutely_needs,medium,1999,6,17,6808895
Kazan,2,97,12,needs,medium,2016,1,6,13149303
Kazan,1,59,10,not_needs,bad,1992,6,13,9047914
Kazan,2,79,18,needs,very bad,1990,33,37,6725128
Kazan,3,88,14,needs,medium,1956,1,38,8839651
Kazan,2,58,14,not_needs,very good,1998,14,32,15277171
Kazan,2,81,14,absolutely_needs,good,2021,26,30,12195246
Kazan,3,98,9,needs,medium,1977,31,31,10343042
Kazan,2,76,11,absolutely_needs,good,2015,12,23,13762869
Kazan,3,113,11,needs,bad,1959,2,4,11682238
Kazan,3,107,15,not_needs,bad,1955,15,26,10982976
Kazan,1,53,7,needs,medium,1965,17,31,5286404
Kazan,4,114,15,needs,medium,1996,9,24,15781115
Kazan,1,65,11,absolutely_needs,medium,1988,33,39,8432417
Kazan,1,79,13,needs,good,2004,19,21,13399346
Kazan,1,69,12,absolutely_needs,very good,1962,10,29,9569594
Kazan,4,131,11,not_needs,very bad,2001,3,3,15080175
Kazan,5,116,17,not_needs,medium,1994,21,37,18657032
Kazan,5,118,16,not_needs,medium,1998,5,8,22416838
Kazan,3,82,19,not_needs,bad,2025,10,24,14890268
Kazan,1,58,9,not_needs,good,1994,5,5,11537622
Kazan,3,95,13,absolutely_needs,good,1974,6,20,11412677
Kazan,2,64,8,not_needs,medium,1995,35,38,10793940
Kazan,1,66,12,needs,medium,1985,31,37,8912685
Kazan,1,51,9,needs,good,1981,4,11,7820485
Kazan,3,102,16,needs,good,2014,12,28,18394603
Kazan,3,90,11,not_needs,bad,1972,21,38,11284133
Kazan,1,52,9,needs,medium,1961,34,35,5954206
Kazan,1,47,8,needs,bad,1993,5,9,4977270
Kazan,2,72,13,absolutely_needs,good,2008,2,28,11915506
Kazan,1,50,9,needs,medium,1998,20,36,6638649
Kazan,2,76,13,not_needs,medium,1963,18,38,10165273
Kazan,2,84,11,needs,medium,1998,4,9,13473672
Kazan,2,76,9,needs,very bad,2014,28,28,7287960
Kazan,3,101,7,needs,very good,1994,21,35,18522880
Kazan,5,124,14,absolutely_needs,bad,2001,22,40,12870906
Kazan,2,80,11,absolutely_needs,medium,2004,2,12,10493220
Kazan,1,37,11,not_needs,bad,1958,9,13,3643303
Kazan,1,50,12,not_needs,very good,2003,23,37,12463219
Kazan,4,98,14,not_needs,bad,2016,19,34,18646689
Kazan,3,103,12,not_needs,good,2023,13,34,26270520
Kazan,2,72,11,needs,medium,1986,6,28,10262443
Kazan,1,52,6,not_needs,bad,2015,7,22,8239617
Kazan,2,76,14,not_needs,bad,1991,11,31,9443624
Kazan,1,72,7,needs,good,1991,3,10,11719491
Kazan,2,71,18,not_needs,medium,1989,8,23,11124538
Kazan,4,106,14,needs,medium,2018,7,35,17076861
Kazan,1,46,10,needs,very good,1979,1,10,8242488
Kazan,4,126,16,not_needs,medium,2006,3,3,25678300
Kazan,1,52,7,not_needs,bad,1991,16,39,7408168
Kazan,5,118,15,not_needs,medium,1991,19,23,20117753
Kazan,2,57,15,needs,good,1967,20,28,7447501
Kazan,3,62,11,needs,medium,2025,3,4,9094972
Kazan,3,97,14,needs,good,1966,20,20,13134242
Kazan,1,67,11,not_needs,medium,2017,4,7,13706914
Kazan,3,96,14,needs,very good,2022,7,14,22855751
Kazan,3,107,13,not_needs,very bad,1972,15,15,10160713
Kazan,4,115,14,needs,medium,1967,7,21,14589585
Kazan,4,119,14,needs,good,1971,14,17,18791908
Kazan,2,48,10,not_needs,bad,1975,5,22,5802406
Kazan,1,53,8,not_needs,bad,2014,18,36,7168430
Kazan,1,54,8,absolutely_needs,medium,1970,14,27,6033098
Kazan,2,77,12,not_needs,bad,2007,21,38,10404222
Kazan,4,94,16,needs,medium,1990,26,30,14972603
Kazan,2,95,18,not_needs,medium,1986,32,36,13392764
Kazan,2,86,9,needs,medium,1970,16,17,9918578
Kazan,3,86,14,not_needs,medium,1964,10,11,9876529
Kazan,2,62,16,needs,good,1958,1,10,8161202
Kazan,2,81,14,needs,medium,1961,9,18,9307032
Kazan,1,38,5,absolutely_needs,medium,1966,3,8,4071908
Kazan,4,95,15,needs,very good,1993,2,30,20054430
Kazan,1,67,9,not_needs,medium,2006,8,8,10056713
Kazan,1,58,9,needs,medium,1965,19,37,6315849
Kazan,2,74,11,not_needs,good,1989,6,12,13424281
Kazan,1,51,8,not_needs,bad,1970,4,33,6677564
Kazan,1,51,8,needs,very good,2021,17,34,13276215
Kazan,1,56,10,not_needs,very good,2008,9,21,15613394
Kazan,1,35,11,needs,medium,2013,2,3,5207878
Kazan,1,48,12,needs,very good,1990,16,22,9460711
Kazan,4,109,14,needs,very good,1961,7,15,19538706
Kazan,1,51,10,absolutely_needs,medium,2009,4,6,5929814
Kazan,1,49,13,not_needs,bad,1958,3,8,5884883
Kazan,3,79,15,not_needs,bad,2025,15,23,14384530
Kazan,3,113,13,needs,very good,1981,14,14,22448088
Kazan,4,116,16,not_needs,good,1958,8,17,17710910
Kazan,4,103,15,absolutely_needs,good,2002,11,18,19336997
Kazan,2,70,11,absolutely_needs,medium,2000,26,40,8357131
Kazan,3,120,13,absolutely_needs,medium,2000,8,34,13537254
Kazan,3,110,9,not_needs,bad,1977,11,28,15263085
Kazan,2,49,12,absolutely_needs,bad,1971,21,22,4688470
Kazan,4,121,14,not_needs,medium,1959,16,19,16117520
Kazan,3,96,12,not_needs,good,1985,21,25,19562209
Kazan,2,81,14,not_needs,bad,2002,2,10,10807040
Kazan,4,119,15,needs,good,2001,8,14,19920853
Kazan,4,121,15,absolutely_needs,bad,2018,15,26,15741597
Kazan,3,88,15,absolutely_needs,very bad,1972,10,35,5980918
Kazan,1,67,11,absolutely_needs,good,2013,34,40,12056663
Kazan,2,93,14,needs,very good,2019,3,12,23610545
Kazan,5,108,17,needs,good,1987,10,22,18534827
Kazan,1,62,10,not_needs,good,2009,19,31,11918815
Kazan,1,59,10,not_needs,good,1981,31,39,10072646
Kazan,2,79,11,needs,good,1961,8,31,10179726
Kazan,3,86,13,absolutely_needs,medium,1969,14,23,8794807
Kazan,2,90,15,needs,medium,1983,16,16,9972610
Kazan,1,56,14,needs,good,2004,28,28,9626752
Kazan,1,55,10,needs,very good,1970,7,23,9934811
Kazan,1,64,12,needs,bad,2023,9,12,10053627
Kazan,2,66,11,not_needs,very bad,1968,19,38,5896570
Kazan,3,79,18,absolutely_needs,good,2016,13,39,11599057
Kazan,2,98,9,needs,very good,1970,4,5,18738072
Kazan,3,101,13,not_needs,very bad,1975,11,30,10654260
Kazan,3,84,12,needs,very good,1997,13,16,15593877
Kazan,1,35,12,needs,medium,2015,2,38,5493980
Kazan,4,111,14,not_needs,medium,1961,8,22,17201435
Kazan,1,42,10,absolutely_needs,medium,1976,11,24,4047565
Kazan,4,95,17,absolutely_needs,bad,2014,8,24,11522453
Kazan,4,117,16,not_needs,bad,1957,4,14,12346789
Kazan,1,56,11,not_needs,good,1991,8,20,9624558
Kazan,4,87,16,absolutely_needs,medium,1958,11,11,9206459
Kazan,1,39,10,not_needs,good,1988,21,28,7542710
Kazan,2,78,13,needs,medium,1958,24,27,7723394
Kazan,3,85,11,needs,bad,1960,27,29,8039270
Kazan,1,49,8,needs,medium,1989,8,13,7014072
Kazan,3,93,17,needs,good,1973,10,20,13279811
Kazan,1,50,7,needs,bad,2025,6,20,6530919
Kazan,1,52,13,needs,bad,1990,6,33,6689936
Kazan,2,67,15,absolutely_needs,good,1986,6,13,10270353
Kazan,2,53,10,needs,very good,1989,3,7,10247530
Kazan,3,110,16,needs,bad,1964,26,40,11293255
Kazan,3,70,12,needs,bad,2010,17,40,9309159
Kazan,1,64,12,needs,very good,1956,6,12,8888058
Kazan,4,103,18,needs,medium,1982,12,26,14526178
Kazan,1,73,7,not_needs,medium,2010,16,16,11734812
Kazan,2,88,13,not_needs,medium,1981,32,39,11989411
Kazan,2,68,12,absolutely_needs,good,2001,17,21,9930249
Kazan,2,66,13,absolutely_needs,very bad,2019,13,28,6071234
Kazan,1,37,14,needs,very bad,1997,7,15,3317304
Kazan,2,93,13,needs,good,1983,1,14,15427038
Kazan,2,72,10,not_needs,medium,2003,8,16,13559055
Kazan,1,61,11,not_needs,bad,1984,4,5,7447033
Kazan,3,73,18,not_needs,bad,1971,11,25,8257097
Kazan,4,129,12,needs,good,2001,16,17,21644720
Kazan,1,79,15,absolutely_needs,medium,1981,19,19,8918336
Kazan,3,94,14,not_needs,good,1974,6,10,14275167
Kazan,4,101,13,absolutely_needs,good,1982,5,13,16575646
Kazan,4,112,14,needs,medium,1956,23,36,14120729
Kazan,3,73,12,not_needs,bad,1970,1,25,7491364
Kazan,1,46,12,needs,very bad,1968,1,3,3423628
Kazan,1,60,10,not_needs,very good,2014,15,21,17363488
Kazan,2,67,11,needs,medium,1995,2,5,10060707
Kazan,2,72,15,needs,medium,2015,10,17,12073558
Kazan,4,112,14,not_needs,medium,2007,5,19,18895437
Kazan,3,79,11,needs,good,2003,19,38,15267194
Kazan,1,65,8,not_needs,very bad,1992,10,33,6916334
Kazan,3,111,12,needs,medium,2019,22,37,19158198
Kazan,3,68,11,needs,medium,2024,3,4,12542801
Kazan,2,74,14,not_needs,medium,1971,17,31,10834650
Kazan,5,124,18,absolutely_needs,very good,2003,12,29,26263734
Kazan,2,75,13,not_needs,very bad,1999,1,6,9190398
Kazan,1,83,11,not_needs,good,1967,3,31,12475057
Kazan,3,110,18,not_needs,good,1993,14,14,18475466
Kazan,3,99,15,not_needs,bad,1967,6,8,12379421
Kazan,4,109,18,needs,good,1977,4,15,18661978
Kazan,2,72,14,not_needs,bad,2025,20,33,11701160
Kazan,3,117,12,needs,medium,2003,21,26,17817994
Kazan,1,62,11,not_needs,bad,1982,3,12,7707482
Kazan,1,46,10,needs,very bad,1961,20,32,3388473
Kazan,2,46,8,absolutely_needs,medium,1956,1,12,3959008
Kazan,4,108,14,absolutely_needs,medium,2002,8,9,16126176
Kazan,3,80,9,not_needs,medium,1975,21,35,11560630
Kazan,2,72,7,needs,good,1992,29,29,12459174
Kazan,1,40,9,needs,bad,1988,3,7,4916865
Kazan,1,64,6,not_needs,good,1957,3,19,10335151
Kazan,3,102,11,needs,good,2006,3,16,18768940
Kazan,2,53,10,not_needs,bad,1965,2,5,6424643
Kazan,4,100,15,needs,very bad,2004,16,25,11213384
Kazan,2,98,10,needs,medium,2002,3,34,13486224
Kazan,4,121,15,not_needs,bad,1969,34,36,17034794
Kazan,1,56,8,not_needs,medium,2012,16,28,10476730
Kazan,1,58,10,needs,good,2019,7,28,9801598
Kazan,1,41,8,not_needs,medium,1988,5,6,5993208
Kazan,3,67,12,needs,very good,1968,9,15,10498081
Kazan,2,66,14,needs,good,2018,12,29,12444620
Kazan,1,47,13,needs,bad,1988,17,18,4860137
Kazan,4,115,16,not_needs,very bad,2014,17,22,16589894
Kazan,1,54,8,absolutely_needs,very good,2016,9,9,10104205
Kazan,3,81,15,needs,very bad,2009,27,38,9619020
Kazan,2,66,10,needs,medium,1977,9,24,8968193
Kazan,4,106,11,needs,medium,2000,1,7,14655802
Kazan,1,52,10,needs,medium,1955,15,20,5075455
Kazan,4,123,20,needs,medium,1988,7,14,17980316
Kazan,2,66,11,needs,medium,1975,11,39,9080892
Kazan,1,62,7,absolutely_needs,good,1966,3,3,8258569
Kazan,4,130,12,not_needs,bad,1975,19,30,15560124
Kazan,2,58,7,absolutely_needs,very bad,1969,2,40,4048255
Kazan,2,77,12,not_needs,medium,2009,1,12,13758367
Kazan,4,123,16,absolutely_needs,good,2019,19,34,23183881
Kazan,3,94,13,needs,bad,1960,4,4,8722542
Kazan,2,61,10,not_needs,good,2017,19,22,13557980
Kazan,1,37,6,not_needs,medium,1978,2,3,5266546
Kazan,2,58,10,not_needs,good,1986,2,5,11961603
Kazan,1,50,13,needs,good,1991,6,9,8301484
Kazan,5,106,19,not_needs,bad,2005,8,29,18330106
Kazan,3,91,12,needs,bad,1957,19,27,7215795
Kazan,3,102,10,absolutely_needs,very bad,1993,3,7,8654524
Kazan,2,85,16,not_needs,medium,2019,5,11,16136115
Kazan,1,45,10,not_needs,medium,1959,14,25,5117898
Kazan,4,106,18,not_needs,medium,2018,24,26,19772336
Kazan,1,72,9,needs,very bad,2013,16,40,7126276
Kazan,2,86,9,absolutely_needs,good,1958,27,27,9212105
Kazan,3,93,14,not_needs,very bad,2020,4,33,11178607
Kazan,1,64,11,not_needs,medium,1972,3,4,9125621
Kazan,2,73,12,not_needs,bad,2003,10,31,9885149
Kazan,5,129,18,not_needs,medium,1983,5,15,21969129
Kazan,1,59,8,not_needs,medium,2018,1,24,9085813
Kazan,3,84,11,absolutely_needs,medium,1994,1,9,8878873
Kazan,3,82,9,needs,good,2023,4,29,16208630
Kazan,1,44,8,needs,medium,1970,2,20,4726283
Kazan,4,117,15,absolutely_needs,very bad,1996,4,7,11886890
Kazan,2,82,9,needs,medium,2017,19,36,13343674
Kazan,3,86,13,not_needs,medium,1988,1,8,13087317
Kazan,1,36,13,not_needs,good,1962,10,35,5730217
Kazan,1,48,11,not_needs,medium,2002,4,24,7447784
Kazan,2,100,13,needs,good,2023,1,3,19436693
Kazan,2,61,11,absolutely_needs,bad,1961,10,11,5513165
Kazan,3,91,11,needs,medium,1957,13,15,8738835
Kazan,2,76,10,needs,good,1976,14,40,10629219
Kazan,4,100,16,absolutely_needs,medium,2014,4,11,15276681
Kazan,3,91,13,needs,medium,1995,15,24,12096475
Kazan,2,83,15,needs,good,1971,37,37,12331562
Kazan,4,111,13,not_needs,very good,2021,13,17,30698738
Kazan,1,65,12,needs,medium,2020,3,34,11104551
Kazan,1,74,11,needs,medium,1997,7,17,10294281
Kazan,4,120,13,needs,medium,1962,15,21,14420317
Kazan,1,59,9,not_needs,medium,1984,1,9,7502269
Kazan,1,46,10,needs,bad,1970,16,19,4800899
Kazan,2,65,9,not_needs,medium,2003,4,10,10455175
Kazan,2,83,14,absolutely_needs,good,2009,1,17,11909787
Kazan,1,60,10,needs,good,2014,5,7,10471903
Kazan,3,115,16,not_needs,good,2013,2,27,23276628
Kazan,3,101,13,needs,good,2004,8,29,16232389
Kazan,2,85,11,not_needs,good,2024,20,30,20981864
Kazan,1,41,10,absolutely_needs,medium,2010,13,40,5801509
Kazan,2,78,9,not_needs,good,1995,8,9,14240535
Kazan,2,71,15,not_needs,bad,2004,2,22,9566761
Kazan,2,86,13,not_needs,good,1979,9,17,16257913
Kazan,3,99,11,not_needs,medium,1992,36,36,17086693
Kazan,2,74,15,needs,good,2017,7,9,13322223
Kazan,3,89,11,needs,good,1955,3,17,12671667
Kazan,3,74,17,not_needs,very good,1994,8,16,18836275
Kazan,5,119,13,not_needs,medium,1957,18,22,15202533
Kazan,2,66,6,not_needs,good,1998,19,25,13322945
Kazan,4,94,16,needs,bad,2003,4,6,13056019
Kazan,3,79,11,absolutely_needs,bad,1970,20,25,7069632
Kazan,3,75,11,needs,medium,1973,1,25,7937558
Kazan,1,47,9,needs,medium,1994,26,27,6785251
Kazan,2,88,9,needs,medium,2022,1,11,11893449
Kazan,1,39,14,absolutely_needs,very bad,1991,8,31,3198447
Kazan,2,69,10,needs,good,1987,4,10,10236995
Kazan,4,103,20,not_needs,very bad,1977,10,34,11529777
Kazan,1,52,9,needs,medium,1973,6,8,6932553
Kazan,3,96,15,needs,medium,2004,35,37,12885664
Kazan,3,105,17,not_needs,good,2013,26,40,22291053
Kazan,1,55,8,needs,bad,2001,19,30,6914834
Kazan,2,89,11,needs,very bad,2019,1,14,10726205
Kazan,3,96,11,not_needs,bad,1972,7,15,12718322
Kazan,4,135,15,not_needs,medium,1991,9,32,23984147
Kazan,2,82,13,absolutely_needs,bad,2007,18,22,9735895
Kazan,1,33,9,not_needs,very bad,1971,12,33,3267732
Kazan,4,124,19,needs,good,1970,8,32,21030800
Kazan,4,109,10,not_needs,good,2022,3,6,26225196
Kazan,2,70,12,not_needs,very bad,1973,17,26,6735241
Kazan,3,90,12,needs,medium,2001,24,32,12377054
Kazan,2,75,6,needs,good,2002,5,10,11675479
Kazan,4,116,16,needs,good,2021,2,18,24614622
Kazan,4,90,17,absolutely_needs,good,1998,3,4,14379613
Kazan,2,74,12,needs,medium,1988,2,35,10837173
Kazan,4,119,16,not_needs,very bad,1959,23,24,11804948
Kazan,2,89,16,absolutely_needs,medium,2019,3,21,13767273
Kazan,3,88,5,absolutely_needs,very bad,1980,2,9,6595822
Kazan,2,73,9,not_needs,bad,1973,11,11,9566253
Kazan,3,100,11,needs,good,1998,7,34,19017716
Kazan,3,101,16,absolutely_needs,medium,2012,20,24,12278129
Kazan,5,137,21,not_needs,medium,1961,7,9,18714408
Kazan,1,66,14,needs,medium,2004,9,14,9659406
Kazan,3,80,9,not_needs,good,1996,9,10,16362928
Kazan,1,52,11,needs,medium,2012,5,15,9006475
Kazan,2,70,9,absolutely_needs,very good,1994,7,28,13137167
Kazan,5,112,17,needs,medium,2003,30,36,18441981
Kazan,2,62,13,absolutely_needs,bad,2010,14,16,6433660
Kazan,5,139,14,needs,very bad,2023,7,12,18572488
Kazan,3,84,9,not_needs,bad,1964,21,33,9548193
Kazan,3,102,10,absolutely_needs,medium,2010,10,28,13982715
Kazan,1,69,12,needs,good,1963,14,24,9353467
Kazan,2,87,15,absolutely_needs,medium,1959,2,9,7719758
Kazan,1,54,9,not_needs,very bad,1993,13,15,5263216
Kazan,2,49,13,not_needs,bad,2025,1,4,8328380
Kazan,5,121,22,not_needs,bad,2025,8,12,22038293
Kazan,1,53,6,needs,bad,1983,12,35,5517859
Kazan,2,75,8,not_needs,very bad,1996,12,37,8114261
Kazan,1,63,5,needs,bad,1987,7,20,7084938
Kazan,2,58,14,not_needs,medium,2009,11,18,11367148
Kazan,1,59,11,needs,medium,2013,3,5,8718624
Kazan,1,55,11,not_needs,medium,2023,3,11,11336725
Kazan,1,56,9,needs,very good,2005,3,29,13379989
Kazan,3,120,15,not_needs,good,1983,2,12,23749724
Kazan,2,63,11,absolutely_needs,bad,1986,14,32,5465605
Kazan,3,91,12,needs,medium,2023,5,10,15171442
Kazan,4,109,13,needs,bad,2005,3,3,12904078
Kazan,2,75,16,not_needs,medium,1988,17,37,11039352
Kazan,3,98,13,needs,very good,1977,10,10,18810005
Kazan,1,71,12,not_needs,bad,1965,7,11,8152708
Kazan,1,48,13,absolutely_needs,medium,1988,2,13,5577203
Kazan,3,85,16,not_needs,bad,1987,8,14,9683245
Kazan,1,73,6,absolutely_needs,medium,2003,26,32,9159968
Kazan,3,101,15,absolutely_needs,medium,1992,12,35,12571674
Kazan,1,74,10,not_needs,very good,2013,23,34,18931651
Kazan,2,68,9,not_needs,medium,1984,9,21,9797017
Kazan,1,37,13,not_needs,medium,1970,1,12,5003181
Kazan,2,72,9,not_needs,medium,1975,13,37,9225886
Kazan,1,37,9,needs,medium,2000,6,13,5687037
Kazan,1,61,15,absolutely_needs,medium,2022,9,9,7929766
Kazan,3,99,14,not_needs,medium,1995,14,18,15739758
Kazan,4,82,17,absolutely_needs,bad,1970,15,18,7888172
Kazan,3,91,14,absolutely_needs,medium,1976,3,3,8779932
Kazan,4,98,17,needs,medium,1984,9,31,15280678
Kazan,3,109,13,absolutely_needs,very good,2001,3,6,22810621
Kazan,1,72,11,not_needs,medium,2025,11,18,14247583
Kazan,3,113,16,absolutely_needs,good,1965,8,12,13581266
Kazan,2,108,11,needs,bad,1961,3,30,9844296
Kazan,3,74,15,not_needs,very bad,1967,16,29,6580142
Kazan,2,92,13,not_needs,medium,2007,5,12,16576189
Kazan,2,61,11,needs,medium,2021,31,35,9406849
Kazan,1,46,6,not_needs,medium,1964,3,4,6273336
Kazan,3,76,13,not_needs,medium,2015,4,39,12664999
Kazan,1,72,9,needs,very bad,2019,27,29,8874350
Kazan,5,135,22,not_needs,bad,2016,12,13,23076887
Kazan,2,56,10,not_needs,good,1956,5,17,8619779
Kazan,1,52,7,needs,very bad,1976,5,6,4283958
Kazan,1,67,10,not_needs,medium,1967,9,31,9811160
Kazan,2,97,6,absolutely_needs,medium,2002,2,8,11761351
Kazan,2,72,8,not_needs,very good,2009,4,16,17541115
Kazan,5,148,16,not_needs,bad,1985,23,23,18584879
Kazan,3,89,12,not_needs,very bad,2020,2,27,12670275
Kazan,2,70,15,not_needs,medium,1998,16,38,13003754
Kazan,5,124,18,needs,very good,1984,2,8,23386594
Kazan,2,74,13,needs,bad,2003,12,30,8108316
Kazan,3,81,11,needs,good,1995,2,4,13523743
Kazan,5,97,19,absolutely_needs,bad,1960,20,37,9479186
Kazan,3,102,18,not_needs,medium,2019,30,31,16461422
Kazan,3,76,11,not_needs,very good,2014,9,11,18792912
Kazan,2,61,9,needs,bad,1956,28,39,5799493
Kazan,2,75,13,needs,medium,2010,7,15,11237031
Kazan,2,82,9,needs,good,1995,2,7,15016328
Kazan,3,94,8,needs,very bad,2025,8,35,11152193
Kazan,2,75,12,not_needs,medium,1968,9,11,9798723
Kazan,2,72,5,not_needs,medium,1987,5,5,11100261
Kazan,4,133,17,needs,medium,1973,1,16,15012805
Kazan,3,87,15,needs,good,1990,34,35,14976965
Kazan,2,69,9,absolutely_needs,good,1966,6,39,9424815
Kazan,1,74,11,absolutely_needs,bad,2014,11,15,8938427
Kazan,1,51,8,not_needs,very bad,1975,3,30,5731126
Kazan,3,120,15,absolutely_needs,very bad,1958,6,35,7916455
Kazan,3,75,11,not_needs,bad,1980,14,29,9013845
Kazan,2,78,6,absolutely_needs,medium,1971,2,4,7259496
Kazan,3,92,12,not_needs,medium,1963,1,4,10400079
Kazan,2,89,11,absolutely_needs,medium,2008,20,40,10807659
Kazan,1,43,8,not_needs,very bad,1957,5,38,3570124
Kazan,4,118,16,not_needs,good,1988,16,16,20041706
Kazan,4,91,12,needs,medium,1977,14,34,10807408
Kazan,2,79,14,not_needs,very good,1978,14,29,18412246
Kazan,5,143,14,not_needs,medium,1994,1,18,25745899
Kazan,1,33,16,needs,very bad,1955,2,6,2440334
Kazan,1,54,10,not_needs,good,2025,8,9,12362640
Kazan,1,68,5,not_needs,good,1983,2,5,13014448
Kazan,4,125,14,absolutely_needs,medium,1983,6,17,15064754
Kazan,3,92,13,needs,bad,1957,15,35,8144087
Kazan,3,86,14,not_needs,very good,2007,3,6,24266914
Kazan,2,87,11,not_needs,good,2008,19,23,16412547
Kazan,4,94,18,not_needs,medium,1959,24,34,13415236
Kazan,2,81,6,needs,very bad,1983,13,21,7779704
Kazan,1,53,8,not_needs,good,1996,3,3,10255145
Kazan,1,53,11,not_needs,very bad,2004,11,26,6776827
Kazan,2,62,8,not_needs,very bad,2001,10,12,7077377
Kazan,4,108,14,needs,good,2010,16,38,20807278
Kazan,1,64,8,needs,medium,1971,5,8,8642217
Kazan,4,115,18,not_needs,bad,1966,9,12,14958015
Kazan,1,44,10,not_needs,medium,1998,3,36,6912286
Kazan,1,54,14,needs,medium,2008,12,19,9078130
Kazan,3,77,12,absolutely_needs,very good,2019,13,15,17498206
Kazan,1,70,9,needs,very bad,2005,16,29,7799932
Kazan,1,45,8,needs,very bad,1965,3,25,3782264
Kazan,1,58,12,not_needs,good,2014,29,34,12256836
Kazan,4,110,15,needs,bad,2005,2,20,16667200
Kazan,5,131,15,not_needs,medium,2005,3,5,25733306
Kazan,2,79,14,needs,very bad,1997,25,27,7779179
Kazan,2,61,13,needs,medium,2018,11,11,8570778
Kazan,1,36,9,absolutely_needs,good,2020,15,32,6303134
Kazan,3,102,12,needs,medium,1970,17,37,10826502
Kazan,3,91,14,not_needs,medium,2007,23,39,17484579
Kazan,1,68,10,needs,very good,1998,4,5,12846178
Kazan,4,133,10,needs,very bad,1959,3,37,12344783
Kazan,1,44,10,needs,very good,1977,4,5,7739482
Kazan,4,99,14,absolutely_needs,medium,1972,16,16,10170578
Kazan,2,65,12,needs,good,2017,12,18,12220743
Kazan,3,103,13,not_needs,very good,1982,16,18,20202476
Kazan,2,76,10,not_needs,bad,2013,2,21,12996738
Kazan,5,130,18,not_needs,bad,1960,3,24,13363627
Kazan,1,62,11,not_needs,good,1996,16,23,11795928
Kazan,1,75,7,not_needs,good,1994,8,8,15600494
Kazan,1,49,14,needs,good,1991,11,12,8681242
Kazan,3,83,19,not_needs,medium,1991,4,5,13581875
Kazan,4,111,15,needs,good,2016,4,4,19192287
Kazan,4,105,17,absolutely_needs,medium,2009,2,3,13990855
Kazan,4,135,15,needs,very bad,1988,7,10,12410372
Kazan,3,96,13,needs,good,1995,6,7,17011320
Kazan,2,79,16,not_needs,bad,2006,20,35,10239433
Kazan,3,76,12,not_needs,good,2015,21,22,17275690
Kazan,2,80,13,needs,very bad,1978,24,34,7580435
Kazan,5,116,21,needs,bad,2020,15,25,16512881
Kazan,5,127,15,needs,good,2018,21,24,24539591
Kazan,5,115,18,absolutely_needs,good,1996,3,3,17863618
Kazan,4,95,17,needs,medium,1955,28,32,11896473
Kazan,1,60,7,absolutely_needs,very good,2008,24,24,11481352
Kazan,1,40,8,needs,very bad,2014,11,29,4937200
Kazan,2,63,11,needs,medium,2006,10,28,9301472
Kazan,2,82,14,not_needs,good,1981,1,20,12435954
Kazan,2,68,9,needs,very bad,1990,19,26,6468964
Kazan,2,76,12,not_needs,good,1958,16,40,10949691
Kazan,5,110,18,needs,bad,1992,3,3,13723468
Kazan,3,86,10,not_needs,medium,1960,29,34,10569748
Kazan,1,45,12,needs,bad,2009,3,32,5245674
Kazan,1,69,9,absolutely_needs,medium,1965,6,17,6085624
Kazan,2,109,10,not_needs,medium,2011,15,15,18738138
Kazan,3,85,12,not_needs,very bad,2021,9,19,11172513
Kazan,3,99,13,not_needs,medium,2014,3,35,16920236
Kazan,1,39,5,not_needs,very good,1990,14,38,9190331
Kazan,2,95,8,absolutely_needs,very bad,2003,14,20,9672590
Kazan,3,103,15,not_needs,medium,1992,16,23,15479276
Kazan,3,82,12,not_needs,very good,1963,18,33,16215712
Kazan,3,70,16,absolutely_needs,medium,2008,19,35,8567210
Kazan,2,64,11,needs,good,1965,18,34,7825794
Kazan,3,83,10,not_needs,bad,1987,1,21,11299365
Kazan,5,138,14,not_needs,very bad,1991,8,20,14365374
Kazan,2,69,11,needs,medium,2000,27,29,10172946
Kazan,3,90,12,needs,very good,2015,3,29,21839618
Kazan,2,57,11,not_needs,good,1976,4,15,9927288
Kazan,2,71,13,needs,very good,1984,18,26,14289116
Kazan,3,76,14,not_needs,very good,1963,33,38,16361838
Kazan,2,61,12,not_needs,medium,1987,25,32,10647845
Kazan,1,58,5,needs,very bad,1970,1,5,4750811
Kazan,2,58,14,not_needs,medium,1998,4,8,10406478
Kazan,1,57,11,needs,good,1986,17,33,8995017
Kazan,5,134,17,needs,bad,1980,6,37,16426997
Kazan,3,99,9,not_needs,medium,1957,21,40,11762758
Kazan,4,105,10,needs,good,1992,2,18,20684902
Kazan,1,77,12,not_needs,very bad,1963,1,7,5939840
Kazan,1,67,8,not_needs,medium,1960,30,38,8201744
Kazan,3,81,14,not_needs,medium,2025,4,36,15579579
Kazan,1,60,5,not_needs,medium,1979,10,25,9389481
Kazan,1,76,6,needs,medium,1966,12,28,7732622
Kazan,5,119,14,not_needs,medium,2005,2,5,19427355
Kazan,1,49,8,needs,medium,1967,7,40,6434883
Kazan,3,83,15,not_needs,bad,1983,35,39,10897040
Kazan,2,75,10,not_needs,medium,2013,22,22,12640980
Kazan,1,58,13,needs,good,1995,2,25,10740848
Kazan,5,131,16,needs,medium,1971,20,30,17711499
Kazan,3,109,14,not_needs,good,1985,12,40,20698620
Kazan,3,92,14,absolutely_needs,bad,1969,7,17,7720262
Kazan,3,111,10,absolutely_needs,bad,2004,3,21,11529365
Kazan,5,111,15,needs,bad,1990,5,13,13438020
Kazan,4,114,16,not_needs,medium,2007,9,40,18748031
Kazan,3,107,18,not_needs,medium,1977,10,21,15851973
Kazan,1,64,13,not_needs,medium,1968,5,9,8971517
Kazan,1,54,9,needs,good,1961,22,26,6330151
Kazan,3,79,9,needs,good,1968,23,33,11930718
Kazan,2,65,9,needs,bad,1957,2,3,6087135
Kazan,1,68,9,needs,medium,1980,4,6,8547911
Kazan,1,61,10,needs,very good,2012,16,37,14675953
Kazan,1,86,12,not_needs,medium,2000,10,35,15409147
Kazan,4,117,14,absolutely_needs,bad,2008,9,33,16113140
Kazan,4,87,12,needs,very bad,1997,10,37,8907760
Kazan,4,113,14,not_needs,bad,1992,10,37,17042641
Kazan,3,82,14,needs,medium,1989,1,13,10139376
Kazan,5,135,13,not_needs,medium,1998,7,38,27272102
Kazan,3,70,13,needs,good,1972,8,20,10102942
Kazan,1,74,9,needs,good,1965,3,27,10583738
Kazan,4,111,16,not_needs,good,1981,6,21,22999339
Kazan,3,103,14,not_needs,medium,2021,16,16,19267294
Kazan,4,98,15,not_needs,medium,1988,20,22,15670676
Kazan,1,48,5,needs,medium,2004,5,14,7542923
Kazan,2,77,6,not_needs,very bad,2017,28,28,10000034
Kazan,1,38,9,needs,medium,1969,12,33,4366161
Kazan,4,118,15,absolutely_needs,medium,2002,10,12,15039176
Kazan,2,89,9,needs,very bad,1998,7,20,9707360
Kazan,1,45,6,needs,medium,2020,22,23,6979350
Kazan,3,90,12,not_needs,medium,1968,19,20,10787402
Kazan,4,101,12,not_needs,bad,2003,6,40,15791211
Kazan,2,70,9,needs,medium,2016,6,16,11145138
Kazan,1,70,9,not_needs,medium,2012,26,28,12771481
Kazan,1,39,6,absolutely_needs,medium,2018,11,40,5355126
Kazan,1,64,12,needs,medium,2007,1,32,8627614
Kazan,1,45,8,needs,medium,1999,10,39,6373940
Kazan,2,65,11,needs,medium,1972,1,12,8288995
Kazan,4,110,14,not_needs,very bad,1985,9,13,12437695
Kazan,2,47,11,absolutely_needs,very good,2004,18,34,10303623
Kazan,2,66,10,absolutely_needs,good,1983,6,8,8040120
Kazan,2,85,11,needs,good,1958,14,26,11126107
Kazan,1,54,11,needs,bad,2025,19,40,7348027
Kazan,2,93,10,not_needs,good,2001,2,4,18947733
Kazan,2,60,12,not_needs,very bad,2018,8,11,7020760
Kazan,3,88,15,absolutely_needs,good,1971,6,10,11227336
Kazan,2,75,8,not_needs,good,1987,1,3,13860663
Kazan,2,65,7,not_needs,good,2022,16,34,15254452
Kazan,1,55,9,needs,very good,1993,12,12,10205677
Kazan,3,71,12,absolutely_needs,bad,1970,24,34,6517364
Kazan,3,68,12,absolutely_needs,medium,2009,6,11,8557900
Kazan,1,65,11,absolutely_needs,bad,1983,2,23,6010856
Kazan,1,70,6,needs,medium,1984,1,22,8369126
Kazan,2,76,13,needs,bad,1974,1,6,7571231
Kazan,3,96,16,needs,good,1973,22,25,13969934
Kazan,4,118,18,absolutely_needs,very good,2004,2,9,23749435
Kazan,2,94,8,not_needs,medium,1990,5,5,13624940
Kazan,5,135,15,needs,medium,2018,31,32,25331686
Kazan,1,49,9,needs,medium,2013,10,34,8528449
Kazan,1,50,9,needs,bad,1992,6,8,6417452
Kazan,2,73,13,needs,good,1999,9,23,11678070
Kazan,3,87,18,needs,very good,1970,6,13,14260257
Kazan,4,104,12,not_needs,very good,1978,9,23,26881078
Kazan,1,82,12,not_needs,medium,2017,5,12,16207056
Kazan,2,77,9,not_needs,good,1985,2,21,15139977
Kazan,2,74,12,not_needs,good,2006,28,28,14953127
Kazan,2,64,12,not_needs,bad,2015,38,39,10007313
Kazan,4,120,14,absolutely_needs,bad,1986,20,21,13133911
Kazan,3,101,14,not_needs,good,1956,12,18,13456927
Kazan,1,51,11,not_needs,medium,1969,12,16,6657311
Kazan,2,77,12,not_needs,medium,1994,2,27,11353019
Kazan,2,71,13,not_needs,very good,2025,1,4,19996349
Kazan,1,61,7,not_needs,good,2012,5,20,11956998
Kazan,2,78,13,absolutely_needs,bad,1980,3,20,7052271
Kazan,4,88,16,needs,medium,1994,16,17,11502054
Kazan,1,58,7,not_needs,very good,2021,14,34,17520829
Kazan,2,71,14,needs,good,2001,3,20,13824665
Kazan,5,141,20,absolutely_needs,medium,2006,3,3,20999606
Kazan,5,140,13,needs,bad,2016,3,15,19665325
Kazan,4,89,15,not_needs,very bad,1984,3,10,8899651
Kazan,3,106,18,not_needs,medium,1966,13,20,14223778
Kazan,1,63,15,not_needs,good,2021,16,32,16027123
Kazan,3,106,18,not_needs,medium,2012,20,38,17048092
Kazan,1,61,5,not_needs,medium,1955,33,37,8323568
Kazan,1,64,9,not_needs,bad,2008,4,6,8490513
Kazan,3,89,13,not_needs,medium,1971,9,33,12595207
Kazan,1,47,11,not_needs,very good,1995,22,25,10427338
Kazan,1,34,13,needs,bad,2004,23,31,4474920
Kazan,3,74,9,not_needs,medium,1980,12,22,12012362
Kazan,5,124,17,not_needs,medium,1998,8,29,23730555
Kazan,1,53,9,not_needs,medium,2022,20,24,10769068
Kazan,3,79,15,needs,very good,1962,10,12,13731793
Kazan,2,77,9,absolutely_needs,medium,1978,7,25,7463412
Kazan,3,94,12,not_needs,very bad,1958,3,31,8423754
Kazan,2,79,6,absolutely_needs,very good,2004,10,10,13553820
Kazan,3,96,13,not_needs,bad,2014,27,39,13217417
Kazan,2,94,9,not_needs,good,1997,2,26,20367116
Kazan,2,73,12,needs,bad,2015,8,28,10341619
Kazan,3,82,17,needs,very good,2012,5,31,16871673
Kazan,2,48,9,needs,medium,2022,14,16,6827284
Kazan,2,59,13,needs,medium,2001,9,23,9418363
Kazan,2,75,14,needs,good,1995,5,13,14024611
Kazan,2,49,13,needs,medium,1969,7,19,5692033
Kazan,1,53,11,absolutely_needs,good,2005,6,9,7407141
Kazan,4,117,16,needs,good,1984,11,15,17753406
Kazan,1,56,10,absolutely_needs,bad,1973,9,14,5405088
Kazan,4,112,14,needs,medium,1975,1,14,12554665
Kazan,2,84,14,needs,good,1989,17,34,12382187
Kazan,4,114,16,not_needs,medium,1963,36,36,16962998
Kazan,2,89,10,needs,bad,1999,22,36,11461806
Kazan,1,45,9,absolutely_needs,bad,1986,1,9,4029065
Kazan,4,118,17,not_needs,bad,1976,3,24,15486553
Kazan,4,131,12,not_needs,good,2009,20,21,29652901
Kazan,1,43,11,needs,good,1974,12,13,5837461
Kazan,2,82,12,needs,medium,2009,3,21,11403679
Kazan,1,39,5,not_needs,good,1995,1,3,7369930
Kazan,2,79,13,needs,medium,1970,27,33,9372099
Kazan,4,115,16,not_needs,very bad,1981,26,27,14464051
Kazan,3,88,11,absolutely_needs,good,2014,1,12,15134693
Kazan,3,94,17,not_needs,medium,1997,2,31,13389824
Kazan,3,75,12,not_needs,good,1991,20,39,14324048
Kazan,5,117,16,not_needs,very good,1963,1,23,23434753
Kazan,2,72,9,absolutely_needs,bad,2021,4,27,9362081
Kazan,2,69,10,needs,very good,2014,19,19,15288111
Kazan,1,49,13,not_needs,medium,1955,20,24,5915231
Kazan,2,79,11,needs,good,1967,24,30,10865710
Kazan,4,114,13,not_needs,good,1990,15,33,22782917
Kazan,1,29,7,not_needs,medium,1986,2,9,4779412
Kazan,1,28,11,needs,medium,1963,11,15,3015895
Kazan,3,90,14,needs,good,1988,6,8,15601628
Kazan,1,26,8,needs,bad,1994,9,22,2781314
Kazan,1,60,9,not_needs,very bad,1967,20,27,5902832
Kazan,1,42,12,needs,good,1995,11,20,7937768
Kazan,3,96,12,absolutely_needs,very bad,1971,24,32,6557580
Kazan,1,63,7,needs,medium,1965,12,31,7827135
Kazan,4,112,15,needs,good,2019,6,6,20800167
Kazan,3,89,7,needs,medium,2008,14,27,14484455
Kazan,4,85,16,absolutely_needs,good,1985,4,20,13557429
Kazan,3,72,9,needs,good,2007,1,37,11347902
Kazan,4,96,14,needs,good,1972,31,35,13131065
Kazan,5,132,21,not_needs,very good,2020,5,8,36003350
Kazan,1,56,9,needs,bad,1981,4,14,6314457
Kazan,1,58,9,absolutely_needs,good,1987,10,20,7182778
Kazan,2,77,12,not_needs,bad,2014,3,3,12782289
Kazan,2,71,10,not_needs,medium,1970,3,12,9488207
Kazan,2,77,15,absolutely_needs,very bad,1964,2,7,4688908
Kazan,2,55,12,needs,medium,1984,21,33,7791992
Kazan,5,119,13,not_needs,medium,2010,8,9,20854018
Kazan,1,62,12,not_needs,bad,1997,6,10,8060632
Kazan,5,164,16,needs,medium,1959,12,21,18957705
Kazan,1,60,9,not_needs,bad,1978,9,10,7871374
Kazan,1,63,9,not_needs,medium,1971,4,15,9407874
Kazan,1,64,8,absolutely_needs,medium,1964,18,21,5648388
Kazan,1,47,10,needs,medium,1994,28,28,6360480
Kazan,2,62,6,not_needs,very bad,1977,2,17,6466004
Kazan,3,80,17,not_needs,medium,1992,33,37,11779260
Kazan,1,58,13,needs,good,1971,12,19,7258634
Kazan,1,51,12,needs,medium,2007,21,32,8224759
Kazan,2,76,9,needs,medium,2016,2,10,11938717
Kazan,2,75,13,needs,medium,2016,27,28,10310806
Kazan,4,116,17,not_needs,good,1972,11,17,22746249
Kazan,2,91,5,not_needs,very good,1986,34,36,22111588
Kazan,3,103,14,not_needs,bad,1982,5,7,12994186
Kazan,4,109,14,not_needs,bad,2000,7,30,17784634
Kazan,3,82,11,not_needs,very good,1998,12,18,21520610
Kazan,1,54,11,needs,bad,2010,7,15,7562222
Kazan,3,82,17,needs,good,1983,10,15,12019345
Kazan,5,138,10,not_needs,very good,2004,12,14,34861959
Kazan,3,95,14,needs,good,2011,5,5,17993779
Kazan,1,43,8,not_needs,very good,1985,5,18,9979604
Kazan,2,76,16,needs,medium,1961,11,20,7488539
Kazan,1,77,11,absolutely_needs,medium,1994,20,21,8661956
Kazan,1,38,9,needs,medium,2008,1,19,5981580
Kazan,4,126,13,needs,very bad,1969,7,26,11876631
Kazan,4,118,13,needs,medium,2015,11,33,17321111
Kazan,1,81,11,not_needs,bad,1978,1,6,8971774
Kazan,2,73,10,not_needs,medium,2025,7,25,14422374
Kazan,4,104,14,absolutely_needs,bad,1986,2,17,11369181
Kazan,5,114,13,absolutely_needs,very good,1968,1,33,17019584
Kazan,2,61,9,absolutely_needs,very bad,1979,12,17,4117066
Kazan,4,127,15,not_needs,good,1961,4,11,23590103
Kazan,1,57,7,absolutely_needs,good,1994,6,7,8993435
Kazan,1,37,10,not_needs,bad,2011,3,18,6014731
Kazan,2,60,10,absolutely_needs,very bad,1995,8,26,4881505
Kazan,1,65,11,not_needs,very good,1956,12,27,11755203
Kazan,4,98,12,needs,bad,1956,11,34,8608564
Kazan,2,95,10,needs,good,1970,19,28,12052133
Kazan,2,56,14,not_needs,good,1972,12,20,9769538
Kazan,4,91,15,needs,bad,1957,28,34,10099943
Kazan,3,88,12,needs,bad,2023,3,3,11560490
Kazan,1,73,10,not_needs,bad,1967,9,30,8004450
Kazan,4,105,18,not_needs,medium,2014,5,6,19763580
Kazan,2,74,14,absolutely_needs,good,1957,7,37,8905278
Kazan,1,76,10,needs,good,2008,3,5,13154543
Kazan,4,99,13,needs,good,1989,12,34,15292551
Kazan,5,142,17,not_needs,medium,1989,8,11,23740286
Kazan,1,75,12,not_needs,medium,1975,33,38,10035019
Kazan,3,86,7,not_needs,medium,1957,5,5,9911463
Kazan,2,76,13,needs,medium,1984,10,28,9181865
Kazan,2,54,12,not_needs,bad,2019,3,34,9033527
Kazan,4,120,12,needs,medium,1965,23,34,16321696
Kazan,4,102,16,needs,medium,1966,13,38,13951783
Kazan,1,45,7,absolutely_needs,medium,1974,3,28,4960752
Kazan,4,98,15,not_needs,bad,1996,3,5,14333746
Kazan,4,121,11,needs,bad,1983,8,13,15229426
Kazan,5,137,16,needs,good,2021,22,34,31591595
Kazan,2,76,8,not_needs,good,1966,5,6,12431613
Kazan,1,68,10,not_needs,medium,2022,17,25,13770812
Kazan,3,93,9,not_needs,good,1985,9,27,18660629
Kazan,1,36,6,not_needs,bad,1975,7,39,4269796
Kazan,1,52,8,not_needs,good,2015,4,4,11319484
Kazan,4,102,18,needs,medium,1990,13,14,14227995
Kazan,1,43,11,not_needs,good,1958,2,29,7080996
Kazan,2,79,10,needs,good,1994,31,36,12649317
Kazan,1,78,9,needs,very bad,2016,2,7,7491728
Kazan,5,124,17,not_needs,bad,1969,16,29,16818148
Kazan,1,54,9,absolutely_needs,medium,1975,4,35,6160036
Kazan,2,75,15,needs,good,2000,10,22,13446000
Kazan,4,86,17,not_needs,medium,1963,17,21,13003943
Kazan,3,91,14,needs,good,1959,14,22,12474326
Kazan,3,74,14,not_needs,very bad,1969,33,40,6857104
Kazan,3,97,10,not_needs,medium,2012,27,36,16926291
Kazan,3,97,16,needs,medium,1999,5,32,13447225
Kazan,1,37,9,not_needs,medium,2009,5,25,6660233
Kazan,1,68,9,absolutely_needs,good,2008,4,32,11726549
Kazan,2,69,10,not_needs,bad,1990,17,21,9483489
Kazan,1,51,12,not_needs,very bad,1975,33,40,5207841
Kazan,3,112,13,not_needs,medium,1965,23,29,16610185
Kazan,2,59,11,absolutely_needs,medium,1989,2,4,7217048
Kazan,1,63,12,needs,medium,1961,38,39,6307874
Kazan,2,76,15,absolutely_needs,good,1986,6,16,11541803
Kazan,1,42,10,not_needs,medium,2009,23,28,7482631
Kazan,2,60,13,not_needs,very bad,1990,1,3,6093557
Kazan,1,57,7,not_needs,good,1983,12,20,10049475
Kazan,3,91,11,needs,very good,1969,16,27,14917923
Kazan,3,78,10,needs,good,1963,31,35,10382942
Kazan,1,75,11,absolutely_needs,bad,1955,12,32,5552448
Kazan,1,60,14,not_needs,medium,1981,5,11,8410926
Kazan,2,72,7,needs,medium,1978,7,10,9782350
Novosibirsk,4,107,13,not_needs,very good,2006,31,32,26113013
Novosibirsk,1,49,10,needs,good,1976,12,22,7331593
Novosibirsk,3,101,11,needs,good,2020,8,15,19598867
Novosibirsk,2,79,5,needs,good,1992,23,33,12358045
Novosibirsk,2,81,10,needs,medium,2014,16,21,11510217
Novosibirsk,2,89,14,absolutely_needs,medium,1985,12,13,9615624
Novosibirsk,4,96,18,not_needs,good,1962,2,12,15630911
Novosibirsk,1,23,9,needs,very good,1968,9,31,3635106
Novosibirsk,1,55,14,absolutely_needs,bad,1991,5,5,4745894
Novosibirsk,3,86,17,needs,good,1982,11,24,12826851
Novosibirsk,2,77,7,needs,bad,1998,6,15,9701182
Novosibirsk,2,92,9,absolutely_needs,good,1972,18,29,11878859
Novosibirsk,1,57,13,absolutely_needs,very bad,1960,23,39,3377066
Novosibirsk,2,76,12,needs,medium,1991,9,13,9292178
Novosibirsk,1,44,8,needs,bad,2018,11,32,5321957
Novosibirsk,4,116,13,not_needs,very good,2008,6,19,30506714
Novosibirsk,2,77,13,needs,good,1990,11,11,10036386
Novosibirsk,1,53,9,not_needs,good,1981,20,20,7751404
Novosibirsk,3,84,13,not_needs,medium,1993,11,11,11707497
Novosibirsk,2,50,9,absolutely_needs,good,1991,3,4,6642123
Novosibirsk,1,53,12,needs,medium,1958,15,20,5590502
Novosibirsk,2,69,15,not_needs,very good,1979,11,11,12901697
Novosibirsk,2,75,10,needs,very good,2000,20,30,13764930
Novosibirsk,2,83,15,needs,good,1977,6,28,12922995
Novosibirsk,2,46,10,not_needs,very bad,2000,1,5,5044723
Novosibirsk,1,60,11,needs,very bad,1965,8,20,4145519
Novosibirsk,4,100,17,not_needs,good,2008,3,3,22252712
Novosibirsk,2,54,7,needs,medium,1986,4,28,6419204
Novosibirsk,1,66,9,not_needs,very good,1967,10,27,10825593
Novosibirsk,2,65,16,not_needs,good,2000,20,38,13552253
Novosibirsk,2,67,13,absolutely_needs,bad,1976,2,4,6516022
Novosibirsk,2,89,14,absolutely_needs,bad,1980,32,33,7911007
Novosibirsk,1,46,8,needs,bad,1985,4,12,4930897
Novosibirsk,2,62,14,needs,bad,1962,11,25,4939603
Novosibirsk,1,64,10,needs,medium,1988,3,6,7522808
Novosibirsk,2,70,13,not_needs,very good,1964,8,23,11355229
Novosibirsk,4,102,18,not_needs,bad,2016,7,36,16512864
Novosibirsk,2,97,9,needs,medium,2005,16,38,11756969
Novosibirsk,3,99,14,absolutely_needs,medium,2006,13,26,12681317
Novosibirsk,1,55,8,not_needs,medium,1969,11,15,6828591
Novosibirsk,2,95,9,not_needs,good,2010,4,4,20015055
Novosibirsk,2,62,7,not_needs,medium,1969,2,34,7911095
Novosibirsk,1,62,11,needs,medium,1995,11,30,7012472
Novosibirsk,2,68,10,not_needs,bad,2000,20,23,9283773
Novosibirsk,1,58,7,not_needs,good,1977,1,39,9158895
Novosibirsk,4,110,13,needs,medium,1968,2,37,12968649
Novosibirsk,1,46,9,not_needs,very bad,1964,21,26,3880688
Novosibirsk,3,91,14,absolutely_needs,bad,1973,5,17,8572293
Novosibirsk,3,75,11,not_needs,very bad,2004,15,16,8836121
Novosibirsk,1,73,8,needs,medium,1997,8,11,10301214
Novosibirsk,2,85,12,not_needs,bad,1997,15,33,11432758
Novosibirsk,1,35,11,needs,bad,1964,10,14,2800548
Novosibirsk,5,126,20,needs,medium,2004,4,8,20262573
Novosibirsk,3,87,15,needs,good,1982,7,11,12071537
Novosibirsk,5,128,9,needs,medium,1974,9,20,14093922
Novosibirsk,4,111,18,needs,good,2015,11,25,21591371
Novosibirsk,2,71,12,needs,very good,2025,8,12,15898273
Novosibirsk,1,82,6,needs,medium,2022,15,32,12625162
Novosibirsk,2,56,13,not_needs,very good,2014,3,36,15095085
Novosibirsk,1,50,8,absolutely_needs,medium,1959,12,17,4887369
Novosibirsk,4,112,14,not_needs,medium,2025,14,38,23121533
Novosibirsk,1,59,9,absolutely_needs,very bad,1961,4,8,3581556
Novosibirsk,2,87,9,absolutely_needs,good,1989,3,19,11085772
Novosibirsk,1,71,11,not_needs,good,1961,30,38,9480146
Novosibirsk,2,79,11,not_needs,good,1991,10,34,14626454
Novosibirsk,2,87,13,absolutely_needs,bad,1963,1,33,6872568
Novosibirsk,2,82,10,not_needs,medium,1972,24,29,11071580
Novosibirsk,2,84,10,not_needs,good,1983,7,7,14968202
Novosibirsk,1,66,10,needs,medium,1992,2,6,8705413
Novosibirsk,2,71,7,not_needs,very bad,2003,6,13,7515184
Novosibirsk,2,76,12,needs,very bad,1967,2,3,6376510
Novosibirsk,4,79,17,not_needs,good,1978,6,37,13041003
Novosibirsk,1,61,9,needs,medium,1963,11,31,5649783
Novosibirsk,2,84,13,not_needs,medium,1971,14,14,9505226
Novosibirsk,2,86,9,not_needs,very good,1959,9,18,14809503
Novosibirsk,3,88,15,needs,good,1985,6,34,14199235
Novosibirsk,5,126,9,absolutely_needs,good,1975,36,37,15252365
Novosibirsk,1,62,10,not_needs,bad,1967,7,9,7380002
Novosibirsk,2,77,10,not_needs,good,1979,5,6,14040810
Novosibirsk,2,52,14,not_needs,very good,1974,3,30,11248949
Novosibirsk,2,62,12,absolutely_needs,medium,1992,39,40,7367399
Novosibirsk,2,99,16,not_needs,good,1981,3,3,15572005
Novosibirsk,2,66,8,not_needs,medium,1973,10,19,7498495
Novosibirsk,4,125,15,not_needs,bad,1992,20,23,18075877
Novosibirsk,4,131,13,absolutely_needs,good,1992,14,32,17411905
Novosibirsk,1,52,6,not_needs,medium,1960,16,27,6647176
Novosibirsk,2,85,11,not_needs,medium,1959,6,13,9663031
Novosibirsk,5,127,19,needs,good,1966,7,12,17969636
Novosibirsk,5,127,18,not_needs,medium,1962,9,12,16415779
Novosibirsk,2,84,11,needs,medium,1976,2,10,8456677
Novosibirsk,2,72,11,not_needs,bad,1967,26,26,6690563
Novosibirsk,4,102,14,not_needs,medium,1974,3,7,12772254
Novosibirsk,3,98,16,absolutely_needs,good,1967,2,23,12325602
Novosibirsk,1,44,10,absolutely_needs,good,1971,24,31,4725695
Novosibirsk,1,72,8,needs,medium,2023,23,36,10347815
Novosibirsk,5,119,18,not_needs,good,2007,18,25,24621754
Novosibirsk,4,118,18,needs,medium,1974,6,12,14568234
Novosibirsk,4,91,14,not_needs,medium,2004,20,20,14379139
Novosibirsk,1,43,10,not_needs,medium,1992,18,25,6223686
Novosibirsk,1,55,9,needs,medium,1974,7,15,6422814
Novosibirsk,2,71,16,needs,very good,1989,29,32,12833242
Novosibirsk,3,90,19,needs,good,2019,2,3,16980416
Novosibirsk,2,73,13,not_needs,bad,2022,2,38,9728469
Novosibirsk,1,61,9,absolutely_needs,bad,2022,15,23,6028564
Novosibirsk,2,49,12,not_needs,medium,1991,3,28,6495138
Novosibirsk,1,46,9,needs,medium,1995,28,37,6731565
Novosibirsk,1,57,8,not_needs,medium,2018,7,20,10304314
Novosibirsk,1,52,11,needs,medium,1970,7,19,6049340
Novosibirsk,1,52,6,needs,good,2019,31,31,9803653
Novosibirsk,2,93,11,needs,bad,1996,7,13,11665870
Novosibirsk,4,108,18,not_needs,medium,1961,3,27,12437660
Novosibirsk,4,95,15,needs,medium,1987,8,10,13442371
Novosibirsk,2,55,11,absolutely_needs,very good,1999,8,26,8533900
Novosibirsk,1,42,10,needs,medium,2003,6,8,4962444
Novosibirsk,2,87,12,not_needs,medium,1966,9,11,11886795
Novosibirsk,3,84,15,needs,very bad,1963,13,14,5364624
Novosibirsk,2,100,16,not_needs,medium,1993,7,11,14662458
Novosibirsk,4,109,21,not_needs,good,1989,8,11,20182472
Novosibirsk,3,91,13,not_needs,good,2001,1,6,18172653
Novosibirsk,1,58,8,absolutely_needs,good,2015,2,3,9358985
Novosibirsk,3,110,15,not_needs,medium,2000,20,22,19218262
Novosibirsk,3,83,10,not_needs,medium,1977,4,8,10769649
Novosibirsk,1,62,9,absolutely_needs,very bad,1985,1,17,5000945
Novosibirsk,4,111,13,needs,good,1958,17,21,12917537
Novosibirsk,2,73,11,absolutely_needs,medium,1981,7,26,7771987
Novosibirsk,1,44,5,not_needs,medium,1983,2,15,5377574
Novosibirsk,2,82,14,needs,good,1973,21,39,12362743
Novosibirsk,3,101,12,needs,bad,1997,9,20,10625993
Novosibirsk,3,89,16,not_needs,good,1967,9,37,14203772
Novosibirsk,1,55,13,absolutely_needs,bad,2007,2,36,5396981
Novosibirsk,2,81,10,absolutely_needs,medium,2011,1,13,9418489
Novosibirsk,3,111,14,needs,good,1973,1,6,14990046
Novosibirsk,2,93,12,needs,very bad,2022,17,17,9286722
Novosibirsk,1,74,7,needs,very bad,1973,6,39,6379448
Novosibirsk,3,95,11,needs,medium,2000,3,3,13875289
Novosibirsk,3,102,15,not_needs,medium,1957,15,18,12457146
Novosibirsk,3,88,16,needs,very good,1965,3,31,14644807
Novosibirsk,3,97,11,absolutely_needs,very good,1969,7,29,14164671
Novosibirsk,2,78,10,needs,very good,1959,25,25,11237858
Novosibirsk,3,78,13,needs,medium,2005,15,15,11071493
Novosibirsk,3,119,11,absolutely_needs,medium,1969,8,28,12321103
Novosibirsk,1,49,11,needs,good,2004,20,24,8296672
Novosibirsk,4,114,16,needs,medium,2021,4,18,18667197
Novosibirsk,5,133,15,needs,bad,2023,25,37,16383892
Novosibirsk,1,48,7,needs,medium,1964,3,13,5311502
Novosibirsk,5,116,15,not_needs,good,1962,4,33,17984465
Novosibirsk,1,59,10,not_needs,medium,1963,9,27,8069634
Novosibirsk,1,61,7,needs,good,2002,6,6,8482876
Novosibirsk,1,59,10,needs,bad,2012,11,32,7805363
Novosibirsk,2,72,10,needs,bad,2020,13,25,8790401
Novosibirsk,1,68,9,needs,bad,2005,2,8,8389106
Novosibirsk,1,67,12,needs,medium,1997,6,27,9887601
Novosibirsk,1,58,7,needs,very bad,1992,1,8,5109404
Novosibirsk,2,82,12,absolutely_needs,good,1975,14,24,10136878
Novosibirsk,2,85,12,not_needs,very bad,2005,23,28,8573765
Novosibirsk,3,95,16,not_needs,very bad,1991,7,17,9151972
Novosibirsk,2,83,8,not_needs,very bad,2000,12,25,9239401
Novosibirsk,3,100,18,needs,bad,1958,15,15,7719759
Novosibirsk,1,67,5,absolutely_needs,medium,1975,5,11,7200513
Novosibirsk,2,76,11,needs,medium,1962,12,32,6909453
Novosibirsk,2,80,11,absolutely_needs,medium,1991,17,33,8694703
Novosibirsk,2,96,9,needs,very bad,2025,10,14,11286057
Novosibirsk,3,99,10,needs,bad,2004,23,31,11582455
Novosibirsk,3,118,11,not_needs,good,1985,4,5,21725176
Novosibirsk,3,95,8,needs,good,2018,2,14,17356614
Novosibirsk,2,85,10,needs,bad,1991,1,19,8526838
Novosibirsk,3,90,15,absolutely_needs,bad,2000,13,14,8291925
Novosibirsk,1,57,8,not_needs,good,1971,11,14,8513768
Novosibirsk,4,115,17,not_needs,bad,1992,9,11,14684247
Novosibirsk,2,77,16,needs,good,1962,16,17,9376060
Novosibirsk,2,53,11,not_needs,medium,2004,4,4,8230931
Novosibirsk,3,98,14,needs,good,1989,2,34,15664572
Novosibirsk,2,81,8,absolutely_needs,medium,2024,1,32,9543027
Novosibirsk,3,94,16,needs,bad,1957,10,12,8955253
Novosibirsk,2,79,12,needs,bad,1996,10,17,8753118
Novosibirsk,3,107,10,needs,medium,2004,20,26,15167831
Novosibirsk,1,48,5,absolutely_needs,good,1965,13,20,5937001
Novosibirsk,1,59,7,needs,medium,1973,17,24,7395735
Novosibirsk,3,79,12,not_needs,good,1966,3,11,12253243
Novosibirsk,4,108,19,needs,medium,2010,17,26,17709958
Novosibirsk,2,65,12,not_needs,bad,2019,6,19,8986602
Novosibirsk,3,109,10,not_needs,bad,2023,14,14,17914377
Novosibirsk,3,113,13,needs,bad,2010,2,7,13053792
Novosibirsk,2,78,13,needs,medium,1997,18,38,10257999
Novosibirsk,2,73,11,not_needs,very bad,1983,12,22,7811247
Novosibirsk,1,80,12,not_needs,bad,2003,4,10,9490479
Novosibirsk,5,118,19,needs,very good,1978,10,38,19984283
Novosibirsk,5,141,21,not_needs,medium,1956,2,12,15251504
Novosibirsk,3,90,14,needs,medium,2000,14,19,10450403
Novosibirsk,3,114,14,absolutely_needs,good,1970,30,31,13772277
Novosibirsk,3,77,7,needs,very good,1993,21,39,13097520
Novosibirsk,2,73,9,absolutely_needs,bad,2009,2,25,7150592
Novosibirsk,4,129,15,needs,good,2023,4,10,27087176
Novosibirsk,4,103,14,not_needs,medium,1993,13,37,16717028
Novosibirsk,1,88,8,not_needs,very bad,1955,2,29,6307566
Novosibirsk,1,59,13,not_needs,medium,2003,16,16,8278337
Novosibirsk,1,64,9,absolutely_needs,bad,1957,8,9,4429667
Novosibirsk,1,56,9,not_needs,very bad,2017,4,13,6563253
Novosibirsk,1,49,9,not_needs,very good,2025,36,40,12190560
Novosibirsk,2,83,10,not_needs,bad,1993,8,31,10058142
Novosibirsk,1,31,7,needs,good,1995,8,25,4961168
Novosibirsk,3,88,15,needs,medium,1959,6,7,8100286
Novosibirsk,5,140,19,needs,medium,1987,20,37,16715234
Novosibirsk,1,51,8,not_needs,very good,2001,3,17,13485382
Novosibirsk,2,76,16,not_needs,very good,2003,2,17,20064532
Novosibirsk,1,52,12,needs,good,1979,4,6,7638764
Novosibirsk,4,81,15,needs,medium,1989,5,31,9669831
Novosibirsk,1,72,12,needs,bad,2010,4,37,8802259
Novosibirsk,4,105,9,needs,medium,1983,12,20,11841066
Novosibirsk,3,100,11,not_needs,good,2011,3,4,20161731
Novosibirsk,2,66,8,needs,medium,1985,28,39,8362289
Novosibirsk,2,65,7,needs,good,2020,1,3,12097033
Novosibirsk,1,57,13,not_needs,medium,1970,13,29,7412270
Novosibirsk,1,62,14,needs,medium,1990,25,27,7898138
Novosibirsk,2,50,7,not_needs,good,1979,2,40,8092082
Novosibirsk,5,155,18,needs,medium,1996,23,31,24559724
Novosibirsk,1,53,12,not_needs,very good,1991,6,10,13199625
Novosibirsk,1,70,10,needs,bad,2010,15,30,8224989
Novosibirsk,2,69,12,needs,very bad,1967,2,14,4934876
Novosibirsk,2,80,11,not_needs,bad,2013,11,23,11870423
Novosibirsk,1,76,10,not_needs,bad,1974,1,10,8909475
Novosibirsk,2,63,17,not_needs,medium,1992,8,13,10053944
Novosibirsk,1,42,9,absolutely_needs,good,1999,4,15,5613702
Novosibirsk,3,95,18,absolutely_needs,medium,1987,12,23,11587481
Novosibirsk,4,121,16,not_needs,medium,1959,13,16,15404480
Novosibirsk,4,113,16,needs,bad,2024,1,7,15521724
Novosibirsk,4,101,17,needs,medium,1959,25,31,12443853
Novosibirsk,1,51,7,not_needs,bad,2019,18,18,7916014
Novosibirsk,3,90,10,not_needs,good,2019,5,35,19309749
Novosibirsk,1,50,9,absolutely_needs,bad,2015,7,8,5779791
Novosibirsk,1,60,10,not_needs,medium,2024,3,25,9838594
Novosibirsk,2,76,10,absolutely_needs,medium,1963,9,24,6143771
Novosibirsk,5,147,18,not_needs,good,2000,6,23,33290487
Novosibirsk,1,52,5,needs,very bad,1978,2,3,3769528
Novosibirsk,4,110,14,not_needs,medium,2022,3,7,20896093
Novosibirsk,5,121,22,not_needs,good,2012,26,32,25338450
Novosibirsk,3,98,12,not_needs,very good,1990,5,27,21452135
Novosibirsk,1,54,9,needs,very good,1959,14,19,7310959
Novosibirsk,3,83,14,not_needs,medium,1973,9,39,10794158
Novosibirsk,4,103,16,not_needs,very good,2022,7,9,27650315
Novosibirsk,1,64,8,not_needs,good,2012,6,7,13327492
Novosibirsk,1,43,8,absolutely_needs,medium,1961,3,27,4330357
Novosibirsk,2,85,12,not_needs,medium,2022,17,19,15065874
Novosibirsk,2,89,13,needs,very good,1976,12,21,14389728
Novosibirsk,2,67,15,absolutely_needs,very good,2018,26,30,13500456
Novosibirsk,1,35,10,needs,good,2003,9,24,5248031
Novosibirsk,2,107,13,needs,very good,1994,21,39,22962363
Novosibirsk,3,87,11,not_needs,good,1989,5,34,16709789
Novosibirsk,3,100,11,not_needs,good,1968,22,22,13189641
Novosibirsk,2,86,12,needs,medium,2008,13,28,12118516
Novosibirsk,2,75,14,not_needs,very good,1975,3,6,13813537
Novosibirsk,2,85,9,needs,bad,2007,3,21,9898925
Novosibirsk,2,87,12,not_needs,good,1985,5,28,12982166
Novosibirsk,1,44,10,absolutely_needs,good,2024,13,13,6162646
Novosibirsk,5,127,16,not_needs,good,1986,3,12,20611795
Novosibirsk,2,68,12,absolutely_needs,medium,2009,10,25,9451709
Novosibirsk,2,83,15,not_needs,medium,2003,5,13,13621149
Novosibirsk,1,44,6,needs,very good,1991,5,14,7372457
Novosibirsk,1,44,11,not_needs,very good,1992,2,15,10209297
Novosibirsk,3,72,16,absolutely_needs,medium,1983,6,24,7760765
Novosibirsk,2,86,11,absolutely_needs,medium,2020,19,23,10337051
Novosibirsk,3,96,14,not_needs,medium,2024,12,12,17120428
Novosibirsk,1,71,9,absolutely_needs,medium,1960,6,25,5761990
Novosibirsk,2,76,8,not_needs,good,1956,7,11,10548090
Novosibirsk,4,115,16,needs,good,2012,4,9,20283802
Novosibirsk,4,109,14,needs,very good,1978,15,19,21762376
Novosibirsk,2,63,13,not_needs,medium,1982,9,11,9062591
Novosibirsk,4,119,16,not_needs,medium,1968,6,6,15617958
Novosibirsk,1,36,11,absolutely_needs,medium,1976,15,36,3882038
Novosibirsk,4,127,13,absolutely_needs,bad,1973,17,20,12231942
Novosibirsk,1,43,14,needs,good,2003,12,14,7091875
Novosibirsk,3,98,13,needs,good,2005,12,19,14418972
Novosibirsk,1,53,10,not_needs,very bad,1959,36,36,3965088
Novosibirsk,2,56,14,needs,very bad,2018,33,39,5717392
Novosibirsk,2,64,10,not_needs,good,1957,28,29,9113394
Novosibirsk,3,82,12,absolutely_needs,good,1974,7,18,9147083
Novosibirsk,2,74,15,needs,medium,1998,7,33,10673930
Novosibirsk,4,94,13,not_needs,medium,1976,22,35,11758317
Novosibirsk,2,76,12,needs,medium,1999,3,23,10823458
Novosibirsk,1,37,9,absolutely_needs,bad,1957,34,34,2848916
Novosibirsk,3,101,8,not_needs,medium,1967,19,21,11149576
Novosibirsk,5,126,11,needs,bad,1980,9,10,15351596
Novosibirsk,2,63,8,not_needs,very bad,1966,2,7,4966948
Novosibirsk,1,48,8,needs,medium,1975,1,5,5188114
Novosibirsk,2,41,11,not_needs,medium,1967,2,3,5516296
Novosibirsk,3,75,11,needs,medium,2023,2,8,11713765
Novosibirsk,1,41,9,absolutely_needs,medium,1982,6,15,4797931
Novosibirsk,2,43,11,needs,very good,1963,9,29,7529005
Novosibirsk,1,60,9,not_needs,medium,1987,11,21,9104447
Novosibirsk,1,56,9,needs,medium,2020,17,17,7627403
Novosibirsk,1,44,7,absolutely_needs,bad,2020,4,26,5148991
Novosibirsk,1,68,11,needs,medium,1972,25,33,7653869
Novosibirsk,2,74,15,needs,very good,1964,5,6,12731238
Novosibirsk,2,67,14,not_needs,good,2020,2,5,13507590
Novosibirsk,2,103,12,needs,good,1957,7,26,12851959
Novosibirsk,2,70,14,not_needs,bad,1974,28,34,8317424
Novosibirsk,2,60,11,needs,very good,1973,3,31,9786200
Novosibirsk,5,124,14,not_needs,bad,2017,6,20,21009008
Novosibirsk,1,59,13,needs,good,1965,3,3,7519629
Novosibirsk,1,43,11,absolutely_needs,medium,2008,5,29,4690040
Novosibirsk,3,86,16,absolutely_needs,bad,1998,2,6,8609599
Novosibirsk,2,68,14,not_needs,medium,1977,5,23,8126750
Novosibirsk,2,84,11,not_needs,very bad,2013,1,19,9980743
Novosibirsk,1,74,10,needs,very good,1962,6,25,10062352
Novosibirsk,4,119,16,needs,good,2009,28,39,23631385
Novosibirsk,2,76,11,absolutely_needs,very bad,1980,10,32,5484778
Novosibirsk,5,117,18,needs,good,2000,22,26,20829022
Novosibirsk,1,60,6,needs,bad,1956,16,18,5281343
Novosibirsk,2,84,13,needs,good,1981,1,32,11318155
Novosibirsk,2,71,11,not_needs,very good,1983,30,37,13440598
Novosibirsk,3,83,10,not_needs,medium,2011,18,33,13745270
Novosibirsk,3,101,12,not_needs,very good,1958,8,26,17185969
Novosibirsk,1,46,10,not_needs,bad,1971,14,34,5638580
Novosibirsk,5,119,15,absolutely_needs,medium,1993,9,24,15890620
Novosibirsk,3,90,18,absolutely_needs,bad,1983,2,13,8382708
Novosibirsk,3,116,10,needs,very good,2011,3,36,26692415
Novosibirsk,2,82,9,absolutely_needs,medium,1998,17,20,10332020
Novosibirsk,1,61,12,needs,good,1960,3,32,8190848
Novosibirsk,1,56,9,absolutely_needs,medium,1979,8,27,6522868
Novosibirsk,1,66,9,not_needs,medium,2001,12,27,10308638
Novosibirsk,1,56,6,absolutely_needs,very bad,1980,3,9,4461498
Novosibirsk,5,137,17,needs,medium,2006,30,33,18813797
Novosibirsk,5,117,16,needs,medium,1983,9,27,15631905
Novosibirsk,2,44,14,absolutely_needs,medium,1991,4,8,5038188
Novosibirsk,3,96,14,needs,bad,1996,2,10,10684919
Novosibirsk,1,51,8,not_needs,good,2008,29,39,9741334
Novosibirsk,2,80,11,needs,bad,1957,5,10,7141695
Novosibirsk,4,118,16,needs,good,1987,6,7,19076989
Novosibirsk,3,87,14,needs,bad,2015,13,36,9756761
Novosibirsk,3,89,14,absolutely_needs,bad,2013,14,24,9598000
Novosibirsk,2,91,13,not_needs,medium,2023,12,12,15659093
Novosibirsk,3,79,11,needs,medium,2012,12,14,12220703
Novosibirsk,2,63,11,needs,very good,1990,4,18,11165453
Novosibirsk,1,36,11,needs,bad,2003,19,20,3677549
Novosibirsk,1,72,11,not_needs,very bad,1977,23,29,6700542
Novosibirsk,3,112,11,needs,bad,1973,19,35,10680890
Novosibirsk,5,138,20,needs,medium,1996,17,31,19422241
Novosibirsk,1,63,11,needs,good,2014,3,3,11025185
Novosibirsk,4,113,15,not_needs,good,1978,1,20,18994655
Novosibirsk,2,81,12,not_needs,very bad,1964,7,9,7327704
Novosibirsk,3,111,13,needs,very good,1991,11,27,18955263
Novosibirsk,5,122,15,not_needs,very bad,1963,27,33,11525541
Novosibirsk,1,62,11,not_needs,bad,1999,17,38,9178984
Novosibirsk,2,95,17,needs,very good,1956,10,14,14314631
Novosibirsk,2,61,11,not_needs,medium,1972,20,27,8684702
Novosibirsk,3,98,14,not_needs,good,1965,1,6,15262137
Novosibirsk,1,62,6,needs,medium,1991,13,18,7125856
Novosibirsk,1,57,8,absolutely_needs,very bad,1978,2,36,4271947
Novosibirsk,4,117,14,not_needs,good,1992,18,18,24517881
Novosibirsk,1,59,10,not_needs,good,1966,28,29,9634700
Novosibirsk,4,130,13,needs,very bad,1985,14,14,11868943
Novosibirsk,3,86,13,not_needs,medium,2011,6,10,13641192
Novosibirsk,3,93,12,needs,bad,1967,6,34,8824717
Novosibirsk,2,64,12,not_needs,good,1964,1,4,9399314
Novosibirsk,3,84,10,not_needs,very bad,1966,13,20,7162696
Novosibirsk,1,60,10,not_needs,good,1959,6,15,8896661
Novosibirsk,1,81,11,not_needs,bad,1963,9,30,9249361
Novosibirsk,2,59,14,absolutely_needs,good,2015,17,26,10080206
Novosibirsk,4,133,14,needs,bad,2025,7,28,16525073
Novosibirsk,1,62,6,absolutely_needs,bad,2013,3,4,7186830
Novosibirsk,2,63,16,absolutely_needs,medium,1962,11,32,6091593
Novosibirsk,2,83,9,not_needs,medium,1987,16,20,12734345
Novosibirsk,2,90,10,absolutely_needs,bad,2022,2,38,10147408
Novosibirsk,2,80,12,needs,very good,1970,1,7,11116221
Novosibirsk,1,48,5,not_needs,good,2019,7,11,10585773
Novosibirsk,3,93,17,needs,medium,1985,5,35,11693850
Novosibirsk,2,78,11,not_needs,good,1984,7,7,12374161
Novosibirsk,3,85,13,not_needs,medium,2022,8,17,16399598
Novosibirsk,3,75,10,not_needs,medium,2014,21,40,12016697
Novosibirsk,3,90,14,not_needs,bad,1965,18,23,9095982
Novosibirsk,1,65,8,not_needs,good,2010,4,15,14387748
Novosibirsk,1,61,12,needs,very bad,1998,9,13,5770846
Novosibirsk,2,78,11,needs,bad,2023,27,31,8913115
Novosibirsk,1,67,8,not_needs,good,1955,10,17,8307428
Novosibirsk,2,51,11,absolutely_needs,very good,1986,27,36,7819666
Novosibirsk,5,137,19,needs,good,2011,1,9,21813428
Novosibirsk,1,71,9,needs,bad,2014,3,7,8493542
Novosibirsk,1,57,8,not_needs,bad,1956,5,8,4849234
Novosibirsk,2,86,6,absolutely_needs,bad,1962,9,12,5862421
Novosibirsk,1,51,7,not_needs,very good,2011,27,40,12335206
Novosibirsk,4,103,18,needs,good,1960,9,16,14917901
Novosibirsk,2,86,13,not_needs,medium,1968,5,37,12239419
Novosibirsk,1,65,13,absolutely_needs,medium,1989,6,7,6365220
Novosibirsk,4,98,16,absolutely_needs,bad,1969,18,23,7625695
Novosibirsk,3,95,12,not_needs,medium,1969,17,31,11228690
Novosibirsk,3,94,15,needs,good,1960,7,15,12347194
Novosibirsk,1,61,9,needs,very bad,2023,1,3,6259355
Novosibirsk,3,87,14,needs,medium,1960,17,26,8424822
Novosibirsk,2,75,12,needs,bad,1986,1,6,7996704
Novosibirsk,1,49,12,not_needs,bad,1982,7,14,6020111
Novosibirsk,5,127,13,needs,bad,1964,1,5,12952094
Novosibirsk,1,55,10,needs,good,1965,10,21,6903411
Novosibirsk,2,72,8,not_needs,good,1994,22,33,14123420
Novosibirsk,1,53,10,not_needs,medium,1979,13,36,8140407
Novosibirsk,5,101,17,not_needs,medium,1960,15,32,14646251
Novosibirsk,2,96,9,not_needs,very bad,1971,22,35,8007610
Novosibirsk,1,46,10,not_needs,very bad,1967,3,6,3659176
Novosibirsk,4,108,13,needs,good,2006,5,33,19300471
Novosibirsk,1,51,8,needs,medium,1984,14,23,6331065
Novosibirsk,3,78,13,not_needs,good,1983,5,7,12351801
Novosibirsk,1,43,10,not_needs,medium,1994,1,40,5536611
Novosibirsk,3,83,15,not_needs,medium,2025,4,19,15610764
Novosibirsk,4,112,18,needs,very good,1964,3,3,18490255
Novosibirsk,5,122,20,absolutely_needs,medium,1978,5,5,13408566
Novosibirsk,2,92,11,not_needs,medium,2000,14,14,13713109
Novosibirsk,2,75,7,not_needs,very good,1970,9,35,15379898
Novosibirsk,3,101,12,not_needs,bad,1979,17,22,10208585
Novosibirsk,1,46,11,needs,bad,2024,6,12,6338666
Novosibirsk,3,77,10,needs,good,2016,9,14,14698036
Novosibirsk,3,87,12,needs,bad,1960,1,4,7702747
Novosibirsk,4,110,14,not_needs,bad,1988,3,10,14735611
Novosibirsk,2,85,11,absolutely_needs,very bad,1963,5,6,5413487
Novosibirsk,1,53,6,absolutely_needs,medium,1993,5,5,5406953
Novosibirsk,3,83,15,not_needs,very bad,2014,4,10,8575486
Novosibirsk,5,130,15,needs,good,1976,14,34,21008365
Novosibirsk,2,53,10,needs,good,2003,11,12,7675535
Novosibirsk,2,80,10,not_needs,very good,1986,7,22,14850183
Novosibirsk,1,63,9,not_needs,very bad,2018,25,36,7884430
Novosibirsk,4,113,9,needs,good,1973,1,11,17646124
Novosibirsk,2,112,5,not_needs,good,2002,3,37,21313795
Novosibirsk,1,51,9,absolutely_needs,very bad,2014,7,11,4696259
Novosibirsk,3,101,12,absolutely_needs,good,1983,1,23,12404379
Novosibirsk,3,84,10,absolutely_needs,bad,1979,5,5,7581395
Novosibirsk,4,93,15,needs,medium,2005,7,11,14434800
Novosibirsk,3,94,11,not_needs,medium,1957,13,29,11796458
Novosibirsk,2,65,13,not_needs,good,1976,4,16,11587907
Novosibirsk,1,48,9,needs,very bad,2006,25,31,4070361
Novosibirsk,1,60,9,needs,medium,2005,22,22,7736784
Novosibirsk,4,104,14,absolutely_needs,very good,1995,16,37,18054991
Novosibirsk,4,117,14,not_needs,bad,2025,5,25,20598635
Novosibirsk,3,108,12,needs,bad,1969,32,37,10059522
Novosibirsk,1,62,8,not_needs,very good,1976,5,33,13142588
Novosibirsk,5,140,16,absolutely_needs,medium,1999,3,23,18833717
Novosibirsk,2,56,12,needs,bad,1964,17,21,5613284
Novosibirsk,3,94,13,needs,very bad,2004,26,40,8435627
Novosibirsk,4,118,18,not_needs,good,1984,12,12,20361959
Novosibirsk,1,61,9,absolutely_needs,bad,2020,1,4,6385524
Novosibirsk,2,79,12,not_needs,good,1983,15,28,12708009
Novosibirsk,3,113,15,needs,bad,1977,4,29,11309844
Novosibirsk,1,71,11,needs,good,2017,21,28,11871499
Novosibirsk,5,132,14,not_needs,medium,1980,2,31,21649677
Novosibirsk,1,41,6,needs,medium,2017,2,6,6762253
Novosibirsk,1,56,7,not_needs,medium,2008,8,14,9115317
Novosibirsk,5,122,18,needs,good,1998,3,7,19258674
Novosibirsk,4,109,13,not_needs,good,1960,6,13,16483246
Novosibirsk,4,112,14,needs,very bad,2004,2,15,10636343
Novosibirsk,1,33,7,not_needs,bad,1957,22,28,2991155
Novosibirsk,2,82,12,not_needs,good,1977,19,27,13110034
Novosibirsk,3,118,10,absolutely_needs,good,1986,4,7,13294825
Novosibirsk,2,66,13,needs,bad,1991,3,10,6202361
Novosibirsk,2,82,13,needs,very bad,2008,9,14,7660582
Novosibirsk,2,81,10,not_needs,good,1974,9,17,12665380
Novosibirsk,2,65,9,needs,medium,1987,24,40,8524094
Novosibirsk,1,54,8,not_needs,bad,2009,10,21,7455775
Novosibirsk,2,57,12,needs,bad,1974,11,31,5937183
Novosibirsk,1,72,14,needs,very bad,2002,10,16,7420573
Novosibirsk,2,81,15,not_needs,bad,2005,12,28,10922404
Novosibirsk,1,72,10,needs,bad,1964,4,5,6481225
Novosibirsk,1,43,9,not_needs,medium,1979,8,24,5500697
Novosibirsk,3,80,13,needs,medium,2017,32,32,10599134
Novosibirsk,4,111,16,not_needs,bad,1958,11,18,13350200
Novosibirsk,3,71,15,not_needs,bad,2011,5,10,9901418
Novosibirsk,4,96,11,needs,bad,2019,11,25,12439311
Novosibirsk,1,47,12,not_needs,good,2023,14,30,9819898
Novosibirsk,1,67,12,absolutely_needs,bad,1966,12,21,4830942
Novosibirsk,2,68,10,not_needs,bad,1962,7,33,7884937
Novosibirsk,1,42,8,needs,medium,2012,26,33,6711170
Novosibirsk,1,60,9,not_needs,bad,1989,6,22,7753021
Novosibirsk,4,105,14,not_needs,medium,1975,6,7,16813119
Novosibirsk,3,103,17,not_needs,medium,2014,6,30,18128048
Novosibirsk,2,68,14,not_needs,bad,2021,9,36,9057941
Novosibirsk,2,72,14,absolutely_needs,medium,2018,9,13,10033890
Novosibirsk,2,60,11,needs,good,1990,19,22,9378271
Novosibirsk,1,62,5,needs,medium,1985,5,21,8114311
Novosibirsk,3,91,12,needs,bad,1966,15,35,8962002
Novosibirsk,4,102,13,needs,medium,1960,8,25,11840338
Novosibirsk,1,70,12,absolutely_needs,bad,1955,2,19,5216140
Novosibirsk,5,126,15,needs,medium,1971,25,35,15443096
Novosibirsk,2,65,13,needs,medium,1971,9,13,7209176
Novosibirsk,1,56,13,needs,bad,1964,16,21,5397563
Novosibirsk,1,46,9,not_needs,medium,1977,37,37,5946655
Novosibirsk,2,94,15,not_needs,medium,2016,18,22,14478749
Novosibirsk,2,53,13,not_needs,very good,1967,19,20,9610150
Novosibirsk,3,108,10,not_needs,good,1957,19,34,13369008
Novosibirsk,1,68,13,needs,medium,1998,7,8,8091476
Novosibirsk,1,71,12,needs,medium,2019,1,10,8763578
Novosibirsk,2,70,11,needs,medium,1955,7,11,7281136
Novosibirsk,2,70,16,absolutely_needs,medium,1961,4,9,6287860
Novosibirsk,3,103,8,needs,very good,2009,3,23,21339832
Novosibirsk,1,51,11,not_needs,medium,1961,9,10,6050863
Novosibirsk,5,143,16,not_needs,medium,1965,31,32,19051354
Novosibirsk,2,78,13,not_needs,medium,2020,28,33,13999451
Novosibirsk,4,101,16,needs,bad,1956,7,32,8205306
Novosibirsk,4,90,11,not_needs,medium,2008,3,4,17155888
Novosibirsk,2,64,9,needs,medium,1970,7,15,7033177
Novosibirsk,1,54,9,not_needs,good,1955,8,25,7887778
Novosibirsk,2,93,11,needs,medium,1991,13,18,11339523
Novosibirsk,4,110,17,needs,very good,2006,40,40,26786717
Novosibirsk,4,128,17,not_needs,medium,2005,6,11,23642180
Novosibirsk,3,94,12,needs,medium,2017,25,31,15124762
Novosibirsk,3,64,17,needs,medium,1972,20,29,7877043
Novosibirsk,4,107,13,not_needs,bad,1988,26,29,12456315
Novosibirsk,1,34,10,not_needs,medium,1962,10,34,3928897
Novosibirsk,2,64,11,not_needs,medium,2020,9,21,12564616
Novosibirsk,2,78,12,not_needs,bad,1993,6,6,10358903
Novosibirsk,1,28,14,needs,good,2023,2,5,5592632
Novosibirsk,2,81,10,not_needs,bad,2004,1,10,10483893
Novosibirsk,1,53,8,not_needs,bad,1990,6,19,6858746
Novosibirsk,4,112,15,not_needs,bad,2025,1,20,16238641
Novosibirsk,2,66,11,not_needs,good,2001,28,28,13297946
Novosibirsk,2,68,14,not_needs,very bad,1981,8,26,6887768
Novosibirsk,1,55,11,not_needs,bad,1989,5,12,7598242
Novosibirsk,3,110,11,needs,good,1965,22,29,13748537
Novosibirsk,1,52,9,not_needs,medium,2004,17,24,8950346
Novosibirsk,3,65,8,not_needs,bad,2014,14,35,8532431
Novosibirsk,5,118,13,not_needs,good,2006,13,37,21565851
Novosibirsk,1,41,10,needs,good,1979,5,7,5520784
Novosibirsk,2,56,11,needs,good,2019,2,14,9291845
Novosibirsk,3,120,13,needs,medium,1985,7,23,15445676
Novosibirsk,2,84,12,needs,very good,1999,17,17,14816570
Novosibirsk,2,59,13,needs,very good,1978,31,36,9579713
Novosibirsk,1,66,8,needs,very good,1961,30,30,9152140
Novosibirsk,2,78,12,needs,good,2001,7,21,13377962
Novosibirsk,3,85,14,absolutely_needs,bad,1990,1,15,6978191
Novosibirsk,4,119,14,absolutely_needs,medium,2006,2,11,17338920
Novosibirsk,3,78,15,not_needs,medium,2002,4,36,13178152
Novosibirsk,3,86,11,needs,good,2022,1,19,15535828
Novosibirsk,2,82,7,absolutely_needs,bad,2010,3,3,8308289
Novosibirsk,1,57,12,not_needs,medium,1959,24,32,7385029
Novosibirsk,4,128,10,absolutely_needs,bad,1967,21,25,12304086
Novosibirsk,1,40,10,not_needs,medium,2003,35,36,7109613
Novosibirsk,3,108,11,needs,bad,2010,7,11,14230227
Novosibirsk,3,87,13,needs,medium,1982,5,6,11757697
Novosibirsk,1,64,8,not_needs,very good,2017,9,13,17942329
Novosibirsk,2,71,12,absolutely_needs,medium,2017,17,25,9871371
Novosibirsk,1,62,6,not_needs,good,1992,13,15,11849895
Novosibirsk,2,73,13,needs,very good,1984,6,38,14175045
Novosibirsk,2,87,13,needs,very good,2000,28,34,18399573
Novosibirsk,2,74,11,absolutely_needs,very good,2014,5,6,14316530
Novosibirsk,1,71,6,needs,good,1967,22,30,9614196
Novosibirsk,5,132,16,not_needs,bad,1997,16,16,17998383
Novosibirsk,3,81,16,not_needs,very bad,2012,6,31,10223634
Novosibirsk,5,123,17,needs,medium,1977,3,14,15091043
Novosibirsk,5,134,19,not_needs,bad,2004,3,17,20631072
Novosibirsk,3,78,10,not_needs,medium,2000,24,24,10182730
Novosibirsk,2,77,9,absolutely_needs,good,1983,2,5,8846001
Novosibirsk,3,100,14,needs,good,2016,6,14,19484567
Novosibirsk,3,71,13,not_needs,good,2020,7,7,13091424
Novosibirsk,3,100,17,needs,medium,2001,5,18,12570386
Novosibirsk,1,45,13,needs,bad,1991,28,37,4351502
Novosibirsk,2,74,12,absolutely_needs,good,1989,27,37,9621428
Novosibirsk,1,46,5,needs,medium,2011,2,21,6137726
Novosibirsk,5,140,18,needs,very good,1957,3,18,19637168
Novosibirsk,3,100,13,needs,medium,1987,2,40,12844970
Novosibirsk,3,98,13,needs,bad,1967,1,4,7619532
Novosibirsk,1,94,6,not_needs,medium,2001,13,36,15075768
Novosibirsk,1,67,8,not_needs,medium,2008,2,16,9533167
Novosibirsk,1,46,10,needs,good,1980,11,28,6322178
Novosibirsk,1,51,8,needs,medium,2012,30,36,8223516
Novosibirsk,2,87,9,not_needs,medium,1960,15,19,9148994
Novosibirsk,1,66,11,not_needs,very good,2000,20,20,15401373
Novosibirsk,2,73,12,needs,medium,2004,25,29,10454202
Novosibirsk,1,65,9,not_needs,good,1993,3,5,11081515
Novosibirsk,2,72,8,not_needs,good,1973,10,22,10518997
Novosibirsk,4,109,14,absolutely_needs,medium,1972,4,8,10824009
Novosibirsk,3,97,13,not_needs,very bad,2009,10,30,12090674
Novosibirsk,2,52,9,not_needs,good,1963,5,25,6783069
Novosibirsk,4,132,19,needs,good,2024,3,5,29259143
Novosibirsk,2,68,13,needs,medium,1981,20,29,7641497
Novosibirsk,4,119,17,not_needs,very bad,1996,18,40,15355936
Novosibirsk,2,86,14,needs,good,1988,1,7,12758009
Novosibirsk,2,53,13,needs,bad,1970,5,6,5297843
Novosibirsk,4,112,17,needs,very good,1957,7,21,19484637
Novosibirsk,1,59,8,not_needs,medium,2010,17,21,10526702
Novosibirsk,3,98,18,needs,medium,1999,16,26,11902697
Novosibirsk,1,47,6,not_needs,very good,2009,18,27,10709211
Novosibirsk,3,105,13,needs,very bad,1983,5,10,8034300
Novosibirsk,2,72,12,not_needs,good,1960,10,26,10331340
Novosibirsk,2,62,10,not_needs,very good,1957,10,11,11455708
Novosibirsk,1,49,10,needs,medium,1980,5,10,5258838
Novosibirsk,1,53,5,absolutely_needs,medium,1994,22,32,5915656
Novosibirsk,3,105,11,not_needs,good,2020,28,30,22836335
Novosibirsk,2,80,12,not_needs,very good,1962,14,16,13298239
Novosibirsk,2,95,12,not_needs,medium,1990,3,36,13700097
Novosibirsk,1,39,6,needs,very good,2019,10,40,8401047
Novosibirsk,2,94,11,needs,very good,2004,7,26,19730301
Novosibirsk,3,84,15,absolutely_needs,very bad,1958,14,37,5625073
Novosibirsk,3,86,13,not_needs,very good,1982,7,7,16660185
Novosibirsk,3,77,12,not_needs,good,1991,2,3,15069585
Novosibirsk,1,46,9,needs,medium,2007,16,40,6163707
Novosibirsk,2,66,9,absolutely_needs,very bad,2006,17,25,5776500
Novosibirsk,3,70,11,not_needs,medium,1971,25,37,9287877
Novosibirsk,2,67,7,not_needs,good,1977,5,29,10022821
Novosibirsk,2,59,11,not_needs,medium,2015,4,7,10659019
Novosibirsk,1,63,12,not_needs,good,1968,6,18,10125758
Novosibirsk,2,49,15,needs,bad,1978,6,12,5152630
Novosibirsk,1,74,10,needs,good,1996,30,35,12087468
Novosibirsk,5,122,16,not_needs,medium,1960,4,8,13774501
Novosibirsk,3,101,17,not_needs,medium,1984,5,13,14695871
Novosibirsk,2,65,10,not_needs,medium,1976,27,40,9196006
Novosibirsk,1,82,7,not_needs,very bad,1966,3,28,6662989
Novosibirsk,1,55,5,not_needs,very bad,2007,2,8,5689748
Novosibirsk,1,86,11,absolutely_needs,medium,2007,2,9,10958277
Novosibirsk,3,94,12,needs,good,2015,20,31,15372654
Novosibirsk,2,65,9,not_needs,bad,1973,23,32,7155531
Novosibirsk,2,65,8,needs,good,1999,2,10,9837618
Novosibirsk,4,102,16,needs,medium,2021,3,6,16199141
Novosibirsk,2,87,7,not_needs,good,1977,29,33,15000814
Novosibirsk,2,72,10,absolutely_needs,medium,1978,12,18,6773929
Novosibirsk,1,44,8,needs,very good,1974,14,26,7159434
Novosibirsk,3,114,12,absolutely_needs,medium,1991,14,24,12663292
Novosibirsk,1,60,7,absolutely_needs,medium,1971,3,14,6153111
Novosibirsk,2,63,12,needs,good,2008,24,24,9926397
Novosibirsk,3,82,13,needs,medium,1978,10,12,9842883
Novosibirsk,2,57,12,needs,medium,2024,7,7,8424239
Novosibirsk,1,36,12,needs,bad,1968,3,5,3443017
Novosibirsk,1,64,8,needs,medium,1976,7,35,7369982
Novosibirsk,3,100,12,needs,bad,1984,12,12,10157320
Novosibirsk,2,79,10,not_needs,medium,1991,3,5,11891179
Novosibirsk,2,83,11,needs,very bad,1992,23,31,6536241
Novosibirsk,2,71,10,needs,bad,2005,9,9,8894132
Novosibirsk,3,81,16,not_needs,good,1995,22,40,16581005
Novosibirsk,2,82,17,needs,medium,2015,14,21,12039297
Novosibirsk,5,112,16,needs,medium,1995,7,24,13846931
Novosibirsk,3,115,11,not_needs,good,2003,22,24,21728500
Novosibirsk,4,103,19,needs,bad,1965,11,40,10656796
Novosibirsk,2,70,10,needs,good,1967,2,6,10079099
Novosibirsk,4,101,13,needs,good,2015,1,8,20364831
Novosibirsk,2,88,14,needs,bad,2013,14,17,11013765
Novosibirsk,4,102,21,not_needs,good,2016,15,40,24455315
Novosibirsk,1,65,5,needs,good,1979,12,12,7787236
Novosibirsk,5,119,16,needs,medium,2016,3,10,21226334
Novosibirsk,2,65,14,needs,medium,1983,13,17,6880975
Novosibirsk,2,80,13,needs,very good,1970,9,10,14747469
Novosibirsk,4,96,14,needs,bad,2024,1,7,12341534
Novosibirsk,3,88,14,not_needs,bad,1963,1,10,9096962
Novosibirsk,2,86,9,needs,good,1983,19,21,12193182
Novosibirsk,2,102,14,not_needs,bad,1995,6,17,11645432
Novosibirsk,4,124,16,not_needs,good,1993,3,18,23405722
Novosibirsk,1,50,13,not_needs,good,1982,4,29,8384126
Novosibirsk,3,117,13,absolutely_needs,medium,1974,8,11,10332401
Novosibirsk,2,65,10,absolutely_needs,good,1957,7,39,6747313
Novosibirsk,3,92,14,not_needs,very good,2023,1,4,20180811
Novosibirsk,1,50,10,absolutely_needs,medium,2008,4,16,6875249
Novosibirsk,3,124,13,needs,medium,1999,18,40,17209202
Novosibirsk,3,114,15,not_needs,medium,1958,17,25,13633755
Novosibirsk,4,120,16,not_needs,very good,1984,19,40,30303790
Novosibirsk,3,96,13,not_needs,medium,1983,4,9,14581402
Novosibirsk,2,62,11,needs,good,2001,14,38,10967858
Novosibirsk,1,76,6,absolutely_needs,good,1955,4,40,8187344
Novosibirsk,2,79,11,needs,good,1995,2,3,12684708
Novosibirsk,3,86,8,needs,bad,1986,3,5,9209701
Novosibirsk,1,58,10,needs,medium,1957,3,4,5466909
Novosibirsk,3,107,14,needs,medium,1976,5,14,11972834
Novosibirsk,3,93,13,needs,good,2020,12,33,15867758
Novosibirsk,2,70,9,not_needs,medium,1982,6,12,10301532
Novosibirsk,5,150,18,absolutely_needs,good,2022,1,4,24328585
Novosibirsk,2,88,16,not_needs,bad,2001,26,40,13073687
Novosibirsk,1,62,9,not_needs,bad,2002,6,14,8496259
Novosibirsk,2,87,12,absolutely_needs,bad,1971,23,39,6328474
Novosibirsk,2,86,11,not_needs,very bad,2023,3,17,9353985
Novosibirsk,1,69,9,needs,good,1993,16,34,9748104
Novosibirsk,4,116,17,needs,medium,2001,24,40,17253138
Novosibirsk,5,115,15,needs,bad,1969,7,13,12991219
Novosibirsk,2,82,13,not_needs,good,1964,21,24,12087435
Novosibirsk,5,113,19,needs,good,2017,22,33,22583499
Novosibirsk,2,69,13,needs,good,1957,19,22,9347667
Novosibirsk,2,64,13,not_needs,very good,2001,22,28,13979074
Novosibirsk,2,57,16,not_needs,medium,2007,3,3,9985667
Novosibirsk,2,68,12,needs,good,1964,4,9,8113930
Novosibirsk,3,98,8,not_needs,bad,1971,34,37,9728161
Novosibirsk,5,110,15,not_needs,medium,1967,4,20,16181388
Novosibirsk,4,115,11,not_needs,medium,1973,14,35,16287288
Novosibirsk,1,65,10,not_needs,good,1980,15,15,9698555
Novosibirsk,3,78,7,not_needs,good,2013,1,32,12998916
Novosibirsk,1,49,7,not_needs,medium,2023,9,25,7571283
Novosibirsk,4,128,11,needs,good,2010,10,32,23085271
Novosibirsk,4,126,15,not_needs,very bad,1990,25,37,15178637
Novosibirsk,2,85,11,needs,good,1982,3,17,10922309
Novosibirsk,1,39,10,needs,very good,1979,23,39,7412476
Novosibirsk,1,66,9,needs,medium,2002,18,22,9129329
Novosibirsk,1,43,9,absolutely_needs,bad,1955,2,30,3033725
Novosibirsk,4,118,17,not_needs,bad,2023,7,30,16991725
Novosibirsk,3,89,10,needs,medium,1967,25,35,10843614
Novosibirsk,2,77,14,absolutely_needs,good,1986,4,14,10225309
Novosibirsk,3,92,13,needs,medium,1987,15,36,11565992
Novosibirsk,3,101,15,needs,bad,2003,7,14,11579323
Novosibirsk,2,67,11,needs,medium,1955,25,28,6811467
Novosibirsk,5,103,13,needs,medium,1959,31,32,9985310
Novosibirsk,4,108,11,needs,good,2018,2,5,18769324
Novosibirsk,5,141,14,needs,good,2018,1,3,29084027
Novosibirsk,2,89,11,not_needs,very good,2007,22,33,20366167
Novosibirsk,4,115,16,needs,medium,1994,16,23,14157014
Novosibirsk,1,56,6,needs,medium,1999,14,21,7006994
Novosibirsk,2,74,14,needs,medium,1966,2,4,7890618
Novosibirsk,2,76,10,needs,medium,2018,2,4,12502474
Novosibirsk,2,69,10,absolutely_needs,medium,2000,18,24,7405618
Novosibirsk,2,63,11,not_needs,good,1990,11,24,11369690
Novosibirsk,2,62,8,needs,medium,2012,5,26,9730912
Novosibirsk,2,85,12,needs,medium,1980,24,30,9808072
Novosibirsk,2,91,14,absolutely_needs,good,1996,21,39,12874751
Novosibirsk,1,64,9,needs,good,2011,13,32,9722931
Novosibirsk,1,80,16,needs,bad,2022,8,15,9376376
Novosibirsk,3,96,11,needs,bad,1985,24,27,10798798
Novosibirsk,2,78,5,needs,good,1971,1,3,10011197
Novosibirsk,1,56,12,not_needs,medium,2007,18,37,8074207
Novosibirsk,1,31,7,needs,medium,1972,6,23,3090747
Novosibirsk,1,74,9,absolutely_needs,bad,1979,22,37,6749487
Novosibirsk,5,131,19,needs,good,2003,20,29,25718618
Novosibirsk,1,67,8,not_needs,medium,2019,3,25,12048072
Novosibirsk,3,85,16,not_needs,very bad,1958,5,8,7543966
Novosibirsk,3,85,11,not_needs,bad,1973,18,32,10371605
Novosibirsk,3,94,16,not_needs,medium,1977,18,20,12302323
Novosibirsk,1,84,7,not_needs,very good,1979,29,29,16987191
Novosibirsk,1,54,9,absolutely_needs,very bad,1964,17,20,3239070
Novosibirsk,3,107,15,needs,good,1990,18,22,14645652
Novosibirsk,2,69,16,not_needs,medium,2006,3,18,11717793
Novosibirsk,1,43,9,not_needs,bad,1990,21,24,5904729
Novosibirsk,1,55,8,not_needs,bad,2002,5,11,7733526
Novosibirsk,1,44,8,needs,bad,2003,2,4,5171730
Novosibirsk,1,63,10,not_needs,good,1988,29,32,12301289
Novosibirsk,5,111,14,needs,medium,1965,5,15,13206882
Novosibirsk,1,42,6,needs,good,2018,2,9,8315879
Novosibirsk,2,69,15,not_needs,bad,1989,17,27,8779845
Novosibirsk,2,68,8,not_needs,medium,1981,7,14,10439948
Novosibirsk,2,71,12,absolutely_needs,bad,1968,1,23,5396661
Novosibirsk,2,86,13,needs,very bad,1968,8,38,6129742
Novosibirsk,1,40,9,not_needs,medium,1972,4,17,5183127
Novosibirsk,1,96,12,needs,medium,1983,5,5,11822786
Novosibirsk,2,76,11,not_needs,good,1978,30,31,11584223
Novosibirsk,1,54,6,absolutely_needs,medium,2011,3,16,5976916
Novosibirsk,3,98,12,needs,medium,1972,11,15,10684177
Novosibirsk,5,118,18,needs,very good,1967,6,6,18135477
Novosibirsk,1,51,7,absolutely_needs,medium,2021,6,10,6677783
Novosibirsk,2,84,12,needs,good,1974,10,24,9929200
Novosibirsk,1,41,10,not_needs,good,1966,17,17,5376748
Novosibirsk,1,48,10,not_needs,bad,2002,6,24,6909803
Novosibirsk,3,75,13,absolutely_needs,good,1977,21,22,8568825
Novosibirsk,5,113,16,absolutely_needs,medium,1957,14,28,10203379
Novosibirsk,2,77,14,needs,good,2024,2,7,12395184
Novosibirsk,2,61,12,needs,medium,1998,10,25,8613029
Novosibirsk,2,74,13,needs,bad,1994,22,36,9013428
Novosibirsk,1,46,10,not_needs,medium,1994,18,33,7507548
Novosibirsk,1,54,5,absolutely_needs,medium,2022,32,40,6462624
Novosibirsk,1,48,9,not_needs,bad,1998,26,37,5527037
Novosibirsk,1,74,8,not_needs,very good,1970,18,32,15359578
Novosibirsk,1,54,12,not_needs,bad,1955,2,8,4607841
Novosibirsk,2,86,13,not_needs,very good,1971,20,39,17265922
Novosibirsk,1,68,8,not_needs,good,2017,5,10,15778713
Novosibirsk,2,69,5,needs,medium,1968,20,28,7817093
Novosibirsk,2,69,8,needs,good,1967,2,28,8871468
Novosibirsk,4,105,12,needs,medium,2021,1,3,14333658
Novosibirsk,2,80,8,absolutely_needs,medium,1984,13,22,9295326
Novosibirsk,2,63,11,absolutely_needs,very good,2008,27,39,11801220
Novosibirsk,2,66,8,not_needs,very bad,1957,15,21,5529895
Novosibirsk,1,45,10,needs,medium,2023,2,14,6238891
Novosibirsk,5,126,20,absolutely_needs,good,1994,18,35,18684399
Novosibirsk,3,91,15,needs,very bad,2007,1,17,7626913
Novosibirsk,2,65,7,not_needs,medium,1956,16,33,6758526
Novosibirsk,2,74,12,needs,good,1998,10,19,11423688
Novosibirsk,1,59,10,needs,good,2024,10,16,9885414
Novosibirsk,3,102,14,needs,medium,1998,4,29,14091366
Novosibirsk,1,30,10,not_needs,medium,1964,22,35,3465212
Novosibirsk,2,94,9,not_needs,bad,2003,17,35,12344407
Novosibirsk,3,115,9,not_needs,very good,1985,20,34,24225379
Novosibirsk,3,93,14,needs,good,1984,7,7,14115532
Novosibirsk,4,86,15,needs,bad,1984,8,10,9717303
Novosibirsk,1,41,10,not_needs,medium,1997,5,22,5806454
Novosibirsk,1,59,12,not_needs,very good,1985,6,34,11554262
Novosibirsk,1,59,7,needs,bad,2024,23,26,8645230
Novosibirsk,1,37,8,not_needs,good,1965,5,6,4983666
Novosibirsk,3,97,14,needs,medium,1994,13,19,11743131
Novosibirsk,1,40,9,not_needs,medium,1965,7,23,4592750
Novosibirsk,2,79,12,needs,medium,1999,10,34,10240015
Novosibirsk,3,94,11,absolutely_needs,very good,1989,6,19,14809600
Novosibirsk,2,66,18,needs,good,2011,1,24,11490170
Novosibirsk,2,66,12,not_needs,good,1968,3,8,10820906
Novosibirsk,2,99,13,needs,very bad,2011,5,15,10307861
Novosibirsk,3,76,16,not_needs,good,1976,5,30,10741622
Novosibirsk,2,47,15,needs,very bad,2025,14,31,4596874
Novosibirsk,2,78,13,not_needs,good,1990,19,29,12542599
Novosibirsk,5,119,17,not_needs,bad,1985,39,40,13758125
Novosibirsk,2,80,12,not_needs,medium,2017,36,40,14948079
Novosibirsk,2,64,14,absolutely_needs,bad,1980,14,22,5088979
Novosibirsk,5,121,16,not_needs,medium,1992,3,4,21728564
Novosibirsk,1,54,9,needs,bad,2004,27,34,6589784
Novosibirsk,2,78,9,absolutely_needs,medium,1997,2,4,8851549
Novosibirsk,2,68,11,not_needs,good,1959,23,28,8366166
Novosibirsk,2,72,14,needs,medium,1983,12,17,8617993
Novosibirsk,4,103,19,needs,good,1984,9,24,17156093
Novosibirsk,1,66,6,not_needs,good,1981,11,19,10480925
Novosibirsk,3,84,13,absolutely_needs,medium,1988,4,27,9791252
Novosibirsk,2,72,11,needs,good,1962,21,34,9780404
Novosibirsk,1,78,13,not_needs,very good,1976,8,22,14277831
Novosibirsk,1,30,10,absolutely_needs,medium,2011,9,9,3688830
Novosibirsk,1,49,7,needs,medium,1972,11,13,5627262
Novosibirsk,1,74,10,absolutely_needs,bad,1998,20,22,6446040
Novosibirsk,3,83,14,needs,bad,2023,31,37,10779049
Novosibirsk,2,66,9,absolutely_needs,bad,2020,30,33,7908899
Novosibirsk,1,56,9,not_needs,good,2021,8,28,12484664
Novosibirsk,2,67,9,needs,medium,2002,11,18,8831227
Novosibirsk,1,60,7,not_needs,medium,2015,17,20,11400204
Novosibirsk,1,41,7,needs,very bad,1964,34,39,3161019
Novosibirsk,1,56,8,needs,good,2004,3,21,8247431
Novosibirsk,1,28,9,absolutely_needs,bad,2005,11,27,2655502
Novosibirsk,3,87,14,not_needs,good,1971,19,34,13122429
Novosibirsk,1,55,10,not_needs,medium,1961,1,6,5898987
Novosibirsk,1,59,5,absolutely_needs,medium,1984,25,26,6245879
Novosibirsk,5,117,14,needs,good,1995,1,16,16604874
Novosibirsk,2,83,14,needs,bad,2009,4,15,9932214
Novosibirsk,4,94,17,not_needs,bad,2022,1,12,12622478
Novosibirsk,5,122,16,not_needs,medium,1970,2,6,16290984
Novosibirsk,2,64,12,not_needs,medium,1956,18,21,7564475
Novosibirsk,2,49,9,absolutely_needs,bad,1971,3,6,3699026
Novosibirsk,3,86,19,needs,medium,1963,34,37,8436737
Novosibirsk,2,77,11,needs,medium,2008,15,37,11255245
Novosibirsk,2,68,7,absolutely_needs,medium,1986,2,23,7963275
Novosibirsk,3,104,15,needs,bad,1989,10,22,10498425
Novosibirsk,2,58,15,absolutely_needs,good,1980,5,22,8018960
Novosibirsk,1,56,8,absolutely_needs,bad,1972,2,7,4142709
Novosibirsk,1,47,8,not_needs,good,2011,6,19,9173935
Novosibirsk,2,87,12,not_needs,medium,2020,7,28,16817997
Novosibirsk,2,83,13,not_needs,bad,1961,11,13,7984728
Novosibirsk,3,122,14,needs,very good,2008,5,5,21826792
Novosibirsk,1,36,10,needs,good,1976,8,19,4330164
Novosibirsk,5,129,19,needs,medium,1984,10,39,16222503
Novosibirsk,3,79,13,not_needs,very good,1983,7,13,17065809
Novosibirsk,5,127,14,needs,good,1958,12,18,18133522
Novosibirsk,2,74,11,not_needs,good,1972,20,32,11092571
Novosibirsk,3,82,10,needs,good,1974,2,20,9953592
Novosibirsk,3,93,13,not_needs,bad,1961,17,30,9365313
Novosibirsk,2,74,10,needs,good,2002,3,4,12139858
Novosibirsk,2,78,12,absolutely_needs,bad,2014,2,5,7502590
Novosibirsk,1,59,9,absolutely_needs,bad,1961,28,30,4360873
Novosibirsk,4,107,13,needs,bad,2015,15,40,13671557
Novosibirsk,2,86,14,not_needs,very bad,1960,2,19,7508695
Novosibirsk,3,99,12,not_needs,bad,1968,2,21,10315821
Novosibirsk,1,51,10,absolutely_needs,bad,1997,7,30,4853519
Novosibirsk,3,97,12,absolutely_needs,bad,2002,13,29,8565922
Novosibirsk,4,95,15,needs,bad,1992,13,19,11616386
Novosibirsk,3,78,13,needs,good,1983,5,18,12152905
Novosibirsk,5,130,18,not_needs,good,1973,20,28,19200485
Novosibirsk,2,63,9,not_needs,medium,2017,23,29,10805493
Novosibirsk,3,74,14,needs,medium,2013,5,22,10521020
Novosibirsk,3,105,7,not_needs,good,1994,15,25,18072458
Novosibirsk,1,61,10,needs,very good,2017,29,33,13502639
Novosibirsk,3,68,14,not_needs,medium,2012,3,3,12174494
Novosibirsk,1,62,12,needs,medium,2014,5,24,7983567
Novosibirsk,2,75,6,needs,medium,2006,7,18,11135074
Novosibirsk,2,97,9,absolutely_needs,bad,2017,16,16,10117110
Novosibirsk,5,133,12,needs,very good,1964,15,36,23955203
Novosibirsk,3,96,7,not_needs,very bad,1975,4,14,9683982
Novosibirsk,2,70,10,absolutely_needs,good,2009,2,40,9228283
Novosibirsk,1,52,16,not_needs,good,1971,3,8,7581838
Novosibirsk,4,97,14,absolutely_needs,medium,1985,2,29,12013308
Novosibirsk,1,65,9,not_needs,very bad,1989,29,34,5985265
Novosibirsk,4,128,14,absolutely_needs,very good,2014,3,5,24158407
Novosibirsk,1,54,12,not_needs,medium,1959,8,39,6030048
Novosibirsk,3,90,10,absolutely_needs,good,1978,9,15,10795682
Novosibirsk,1,89,12,absolutely_needs,good,1987,34,37,12796628
Novosibirsk,4,113,8,not_needs,bad,2012,24,27,18990747
Novosibirsk,1,54,5,not_needs,good,1990,7,37,8648641
Novosibirsk,2,76,9,needs,bad,1970,27,37,7840396
Novosibirsk,2,85,14,needs,good,2015,21,27,15349618
Novosibirsk,3,97,14,not_needs,very good,2013,6,15,21782418
Novosibirsk,2,76,12,not_needs,very good,1955,9,22,14461521
Novosibirsk,2,63,7,needs,bad,1972,17,32,6604481
Novosibirsk,3,108,11,absolutely_needs,medium,1961,5,5,10519978
Novosibirsk,1,42,9,not_needs,very bad,1976,16,19,3431825
Novosibirsk,3,75,16,needs,very bad,1986,3,22,6642250
Novosibirsk,1,48,7,needs,good,1967,25,33,6047120
Novosibirsk,2,67,8,needs,medium,2025,11,35,11080213
Novosibirsk,1,63,7,not_needs,very bad,1992,7,10,6195928
Novosibirsk,2,82,14,not_needs,bad,2016,18,26,13094805
Novosibirsk,1,35,9,needs,very good,1963,27,31,5282251
Novosibirsk,4,98,12,absolutely_needs,good,2000,11,24,13447155
Novosibirsk,1,63,9,not_needs,very bad,2021,2,3,6691702
Novosibirsk,1,47,10,not_needs,medium,2011,11,21,6840127
Novosibirsk,2,61,17,not_needs,good,1958,24,35,7517111
Novosibirsk,1,52,9,not_needs,medium,2001,5,8,7686979
Novosibirsk,5,111,16,not_needs,very bad,1979,31,36,10648699
Novosibirsk,2,89,14,absolutely_needs,medium,1986,25,38,9263233
Novosibirsk,2,82,9,needs,good,1961,11,15,10131466
Novosibirsk,2,53,11,absolutely_needs,very good,1961,14,32,7653947
Novosibirsk,1,63,8,absolutely_needs,medium,1982,1,16,5489773
Novosibirsk,5,126,17,not_needs,bad,1989,2,3,14684517
Novosibirsk,2,86,13,not_needs,bad,2003,7,13,12931696
Novosibirsk,1,40,7,not_needs,good,1985,24,34,6449717
Novosibirsk,1,69,7,not_needs,medium,1968,10,19,7772737
Novosibirsk,2,71,17,needs,very good,1978,10,30,11641060
Novosibirsk,3,84,11,needs,bad,1988,5,14,8085543
Novosibirsk,3,88,13,needs,good,1972,5,14,12503228
Novosibirsk,4,102,17,absolutely_needs,good,1984,9,21,14466288
Novosibirsk,1,51,12,needs,medium,1999,36,38,7045459
Novosibirsk,1,58,14,needs,medium,2000,2,3,8624295
Novosibirsk,3,76,11,needs,medium,2017,15,38,11246748
Novosibirsk,1,74,6,not_needs,good,2025,28,28,17183051
Novosibirsk,4,105,12,not_needs,very bad,1966,4,26,10985458
Novosibirsk,5,118,18,absolutely_needs,medium,2019,10,18,18012069
Novosibirsk,3,91,14,needs,good,2010,1,20,15913795
Novosibirsk,1,54,8,not_needs,very bad,1973,30,37,5428066
Novosibirsk,5,126,15,needs,very good,1990,26,37,25709050
Novosibirsk,5,111,16,needs,bad,1984,37,37,12336939
Novosibirsk,1,59,10,needs,good,1993,9,16,9755023
Novosibirsk,5,100,16,needs,bad,2007,1,10,13595537
Novosibirsk,2,69,8,absolutely_needs,good,2025,6,20,11349613
Novosibirsk,2,76,12,needs,very good,1990,13,15,12905257
Novosibirsk,4,128,9,needs,very bad,1977,7,12,11957263
Novosibirsk,1,77,9,needs,good,1966,32,37,10967975
Novosibirsk,2,51,15,not_needs,medium,1962,24,36,6427524
Novosibirsk,1,53,5,not_needs,good,1958,2,12,7656996
Novosibirsk,2,80,11,not_needs,medium,1984,16,24,10882402
Novosibirsk,1,64,8,needs,good,2006,5,6,9260696
Novosibirsk,1,47,8,needs,good,2009,3,4,8038510
Novosibirsk,3,72,15,absolutely_needs,good,2006,34,35,10440838
Novosibirsk,1,65,5,needs,very bad,2005,1,26,5663331
Novosibirsk,3,92,10,not_needs,good,1994,31,39,16977015
Novosibirsk,1,56,12,not_needs,bad,1956,38,40,5975191
Novosibirsk,2,99,13,needs,medium,1985,7,15,13459084
Novosibirsk,1,41,5,not_needs,very good,1994,35,39,9440380
Novosibirsk,2,88,9,not_needs,very good,1969,3,6,18799886
Novosibirsk,1,57,8,not_needs,very good,1998,15,34,14394440
Novosibirsk,2,74,13,needs,good,1955,21,37,9182284
Novosibirsk,4,112,19,absolutely_needs,very good,2015,5,14,24400862
Novosibirsk,2,69,10,needs,good,1991,6,10,9087769
Novosibirsk,3,99,13,needs,medium,1971,3,15,11880133
Novosibirsk,3,94,15,absolutely_needs,bad,1989,9,10,9447644
Novosibirsk,3,82,13,needs,very bad,2010,11,12,8860689
Novosibirsk,1,56,11,needs,medium,1985,11,15,6797521
Novosibirsk,2,74,9,needs,medium,1988,9,20,9511695
Novosibirsk,5,143,15,not_needs,medium,2006,3,24,27932022
Novosibirsk,1,52,9,needs,medium,2007,3,31,7815672
Novosibirsk,1,61,8,not_needs,good,2020,2,6,13432049
Novosibirsk,3,82,12,not_needs,good,2001,21,30,16467986
Novosibirsk,2,76,12,needs,bad,1990,5,6,8110507
Novosibirsk,1,42,10,needs,good,1965,22,23,5744159
Novosibirsk,1,52,10,absolutely_needs,medium,2022,1,7,7100320
Novosibirsk,2,46,13,needs,medium,1991,4,4,5906874
Novosibirsk,2,64,15,not_needs,medium,2004,3,6,10959567
Novosibirsk,2,73,13,needs,medium,1964,4,35,8048792
Novosibirsk,3,83,16,absolutely_needs,medium,1979,16,33,8550434
Novosibirsk,3,76,14,not_needs,medium,1973,14,18,8664622
Novosibirsk,1,54,10,not_needs,medium,1997,5,9,9198639
Novosibirsk,2,66,8,not_needs,very good,1964,16,27,13562667
Novosibirsk,1,62,12,absolutely_needs,bad,2021,9,27,7635128
Novosibirsk,5,136,19,not_needs,very bad,1996,9,25,16493178
Novosibirsk,2,73,15,needs,very bad,1967,4,10,5677541
Novosibirsk,1,73,8,absolutely_needs,medium,1974,16,33,7687286
Novosibirsk,2,63,10,not_needs,good,1980,11,14,9628277
Novosibirsk,2,75,13,needs,good,1989,29,33,12669124
Novosibirsk,3,75,14,needs,bad,1988,20,34,8281761
Novosibirsk,2,77,6,not_needs,bad,1980,10,19,9291239
Novosibirsk,1,73,10,needs,good,2022,3,17,12291801
Novosibirsk,3,106,15,absolutely_needs,medium,2011,11,34,12713563
Novosibirsk,4,127,13,needs,bad,1970,3,33,13986830
Novosibirsk,2,76,12,absolutely_needs,bad,2016,3,38,8626039
Novosibirsk,4,98,14,absolutely_needs,medium,1981,12,16,10339286
Novosibirsk,1,53,8,not_needs,bad,2015,16,17,8339798
Novosibirsk,2,53,13,needs,medium,1973,1,29,6257901
Novosibirsk,3,100,11,not_needs,very good,2017,14,29,27448415
Novosibirsk,2,82,12,needs,good,1983,18,25,10443378
Novosibirsk,3,91,16,not_needs,medium,1966,21,23,10029038
Novosibirsk,2,72,5,not_needs,good,2023,7,9,14916566
Novosibirsk,2,82,10,not_needs,good,2001,26,39,16317479
Novosibirsk,1,34,12,absolutely_needs,bad,1964,1,37,2659697
Novosibirsk,1,44,16,needs,good,1966,37,37,5580707
Novosibirsk,1,68,11,not_needs,medium,1974,1,13,9184555
Novosibirsk,2,68,11,needs,good,1993,4,30,9071697
Novosibirsk,3,105,16,not_needs,medium,1958,5,6,11442413
Novosibirsk,1,66,9,not_needs,good,1970,22,22,10631666
Novosibirsk,1,57,5,not_needs,very bad,1978,5,8,5970074
Novosibirsk,2,90,10,needs,good,1956,4,5,9808892
Novosibirsk,2,84,11,needs,good,1979,21,29,11483433
Novosibirsk,2,84,10,absolutely_needs,very bad,2012,10,21,6926835
Novosibirsk,3,87,13,not_needs,bad,1968,18,38,9661671
Novosibirsk,1,42,12,needs,good,2025,7,16,8688128
Novosibirsk,2,73,13,not_needs,medium,1983,3,4,9253570
Novosibirsk,2,63,9,needs,bad,1960,5,23,4987145
Novosibirsk,3,82,16,absolutely_needs,good,1993,20,26,11358138
Novosibirsk,3,104,13,not_needs,medium,1992,13,20,14207086
Novosibirsk,1,37,8,needs,medium,2016,14,14,5764118
Novosibirsk,4,91,11,not_needs,very bad,1990,28,30,8753962
Novosibirsk,2,52,12,needs,very bad,2015,19,25,4724536
Novosibirsk,5,127,13,needs,good,1963,14,26,18714356
Novosibirsk,3,90,16,needs,medium,1989,7,25,10668916
Novosibirsk,2,73,12,absolutely_needs,good,1976,25,38,8467612
Novosibirsk,4,105,17,absolutely_needs,bad,1992,1,29,10254825
Novosibirsk,4,99,11,needs,bad,2002,1,3,10727084
Novosibirsk,3,80,15,absolutely_needs,medium,1996,2,28,9295491
Novosibirsk,3,98,13,not_needs,medium,1987,1,9,13232086
Novosibirsk,2,88,9,not_needs,medium,1973,20,32,12636233
Novosibirsk,2,86,9,needs,very good,2005,7,30,19935102
Novosibirsk,1,65,5,absolutely_needs,bad,2025,1,13,7945140
Novosibirsk,5,125,13,needs,very good,2013,6,10,27260057
Novosibirsk,4,94,17,not_needs,medium,1964,8,14,12516757
Novosibirsk,2,97,12,needs,good,1988,13,14,16187672
Novosibirsk,2,89,14,needs,medium,1969,7,7,9558088
Novosibirsk,1,67,10,needs,bad,2007,11,32,7163498
Novosibirsk,1,59,11,absolutely_needs,medium,1980,35,38,5832411
Novosibirsk,1,60,12,not_needs,bad,2001,3,3,8110791
Yekaterinburg,2,72,12,needs,bad,1979,15,17,6518213
Yekaterinburg,2,93,6,absolutely_needs,medium,1973,19,21,8559607
Yekaterinburg,3,113,14,needs,good,2020,5,38,21737019
Yekaterinburg,3,88,17,needs,good,1969,4,36,12468408
Yekaterinburg,1,84,7,not_needs,good,2018,23,40,16985835
Yekaterinburg,2,89,10,needs,medium,2011,12,19,10622064
Yekaterinburg,1,69,7,not_needs,medium,1966,12,14,8498307
Yekaterinburg,2,59,10,needs,very good,1987,36,39,9385799
Yekaterinburg,2,86,5,needs,medium,1967,28,28,7505251
Yekaterinburg,1,54,10,needs,bad,2021,36,40,6633669
Yekaterinburg,2,83,12,absolutely_needs,good,1969,15,33,10302001
Yekaterinburg,4,75,14,needs,medium,2011,4,8,12473392
Yekaterinburg,1,61,15,not_needs,good,1961,6,19,7547169
Yekaterinburg,4,120,14,needs,medium,1971,8,35,13220577
Yekaterinburg,2,69,10,absolutely_needs,very bad,1971,12,22,4160993
Yekaterinburg,1,64,11,needs,medium,1956,3,36,6436909
Yekaterinburg,2,84,7,needs,good,1957,18,35,10855066
Yekaterinburg,3,85,14,not_needs,very bad,1980,12,12,8193799
Yekaterinburg,1,37,9,not_needs,very bad,2009,5,8,3709099
Yekaterinburg,2,85,8,absolutely_needs,good,1991,1,27,9226103
Yekaterinburg,1,54,7,needs,good,2024,19,35,8459833
Yekaterinburg,2,76,6,not_needs,good,2024,9,19,16669824
Yekaterinburg,2,71,8,needs,good,2023,5,11,13399501
Yekaterinburg,5,119,18,not_needs,medium,1967,4,10,14677619
Yekaterinburg,2,80,10,needs,good,1958,1,27,7676155
Yekaterinburg,2,87,11,not_needs,medium,1984,3,11,12976979
Yekaterinburg,3,82,8,needs,bad,1999,5,10,9327187
Yekaterinburg,4,120,12,not_needs,good,1970,25,36,20502896
Yekaterinburg,4,97,13,needs,bad,2003,12,23,12119704
Yekaterinburg,1,70,14,absolutely_needs,bad,1961,2,20,4729873
Yekaterinburg,2,67,13,absolutely_needs,good,1979,16,39,7040699
Yekaterinburg,4,125,16,absolutely_needs,medium,2003,7,30,14446555
Yekaterinburg,3,89,14,needs,bad,1995,3,21,10307297
Yekaterinburg,3,85,11,needs,good,1971,4,6,11753321
Yekaterinburg,2,77,13,needs,bad,2007,2,3,9866009
Yekaterinburg,1,33,13,absolutely_needs,medium,1995,5,20,3873942
Yekaterinburg,4,131,17,needs,medium,2011,17,18,18068658
Yekaterinburg,3,76,14,needs,good,1973,15,17,8896097
Yekaterinburg,1,54,11,not_needs,medium,1984,2,29,7591367
Yekaterinburg,4,107,20,needs,very good,1968,17,18,16721336
Yekaterinburg,3,79,14,needs,good,1959,1,26,8227402
Yekaterinburg,1,46,7,not_needs,medium,1977,25,32,5870981
Yekaterinburg,2,61,15,needs,medium,1997,32,36,7353818
Yekaterinburg,3,86,8,not_needs,bad,1991,3,40,9650110
Yekaterinburg,2,60,16,needs,good,1968,4,16,7280902
Yekaterinburg,4,111,13,not_needs,good,2001,26,30,20018015
Yekaterinburg,2,69,9,needs,bad,2016,18,27,8741637
Yekaterinburg,4,77,13,not_needs,very good,2024,29,40,21898137
Yekaterinburg,4,121,15,not_needs,very good,2014,4,36,31348704
Yekaterinburg,3,82,14,not_needs,medium,1999,21,22,13146537
Yekaterinburg,2,69,13,not_needs,good,1992,18,19,10247859
Yekaterinburg,2,83,9,not_needs,good,1971,14,19,12442710
Yekaterinburg,2,76,12,not_needs,medium,1972,21,22,10273082
Yekaterinburg,1,64,7,needs,medium,2006,22,32,7907204
Yekaterinburg,2,67,11,absolutely_needs,very good,2012,8,29,12288042
Yekaterinburg,2,58,11,needs,medium,2023,9,26,7547129
Yekaterinburg,3,87,15,absolutely_needs,very good,1961,2,11,12226353
Yekaterinburg,4,105,17,not_needs,medium,1999,19,28,15877717
Yekaterinburg,1,62,6,absolutely_needs,bad,1967,30,32,5366301
Yekaterinburg,1,63,11,needs,bad,1956,14,19,4890399
Yekaterinburg,4,117,8,not_needs,good,1973,19,29,21483583
Yekaterinburg,2,64,13,absolutely_needs,medium,1983,17,17,5904051
Yekaterinburg,5,134,18,not_needs,very bad,1987,17,17,15200039
Yekaterinburg,3,83,18,needs,good,1995,6,33,11777983
Yekaterinburg,3,113,9,not_needs,very bad,1994,3,19,10607256
Yekaterinburg,4,88,16,absolutely_needs,bad,2006,4,19,8438712
Yekaterinburg,2,76,9,not_needs,medium,1981,9,11,10945813
Yekaterinburg,5,127,13,not_needs,bad,1959,3,4,13481826
Yekaterinburg,2,44,7,needs,very good,1960,9,11,7029218
Yekaterinburg,1,58,9,not_needs,very good,1968,3,18,10108470
Yekaterinburg,2,78,10,not_needs,very bad,2005,2,12,8174566
Yekaterinburg,3,80,14,not_needs,medium,1961,5,16,9191925
Yekaterinburg,1,33,12,needs,good,2012,6,7,4824186
Yekaterinburg,2,51,12,needs,bad,1989,3,7,5045945
Yekaterinburg,2,90,9,not_needs,bad,1958,4,37,8411760
Yekaterinburg,3,102,8,not_needs,very bad,1967,3,14,7739107
Yekaterinburg,1,71,11,needs,medium,1984,32,34,8259710
Yekaterinburg,2,89,11,needs,bad,1964,40,40,7587329
Yekaterinburg,4,130,15,needs,medium,1981,2,5,17810574
Yekaterinburg,4,94,18,absolutely_needs,very good,1969,3,4,15042193
Yekaterinburg,1,43,8,needs,very bad,1974,30,36,3245778
Yekaterinburg,2,84,12,not_needs,bad,2020,16,28,13196440
Yekaterinburg,3,107,14,needs,bad,1997,18,25,12631037
Yekaterinburg,5,119,16,absolutely_needs,good,2011,3,3,17951337
Yekaterinburg,2,77,10,not_needs,medium,2005,31,37,12022719
Yekaterinburg,3,121,9,needs,good,2013,36,39,20016240
Yekaterinburg,4,92,17,not_needs,very bad,1960,27,36,7607305
Yekaterinburg,4,112,16,not_needs,bad,1989,26,30,15083051
Yekaterinburg,3,97,16,not_needs,very good,1973,3,26,15997212
Yekaterinburg,3,95,11,needs,very bad,1959,11,35,6915352
Yekaterinburg,3,99,17,not_needs,bad,2025,3,3,14090773
Yekaterinburg,2,71,15,needs,medium,1957,3,19,7256242
Yekaterinburg,1,75,6,needs,good,1999,19,39,11259290
Yekaterinburg,2,73,16,needs,good,2001,8,10,10926159
Yekaterinburg,1,66,5,needs,good,2011,2,16,12040448
Yekaterinburg,1,56,11,needs,medium,2010,8,11,6637733
Yekaterinburg,3,86,18,needs,medium,2014,2,7,12754123
Yekaterinburg,4,101,14,needs,bad,1955,20,36,8551349
Yekaterinburg,2,71,10,not_needs,very good,1977,12,16,13135297
Yekaterinburg,2,51,9,not_needs,very bad,1982,3,4,4957296
Yekaterinburg,3,89,15,needs,good,2023,3,5,15297376
Yekaterinburg,3,92,17,needs,medium,1994,17,20,11509167
Yekaterinburg,1,40,9,absolutely_needs,medium,2004,8,22,4772370
Yekaterinburg,1,64,10,not_needs,good,2010,7,10,13336496
Yekaterinburg,1,42,12,absolutely_needs,good,1998,22,40,5146230
Yekaterinburg,3,91,12,absolutely_needs,bad,2004,5,26,8712634
Yekaterinburg,2,72,10,needs,medium,1973,4,4,6975027
Yekaterinburg,1,70,9,absolutely_needs,medium,2006,22,22,8412470
Yekaterinburg,1,56,12,needs,medium,2003,11,21,7298567
Yekaterinburg,2,70,14,needs,medium,1969,3,31,7902831
Yekaterinburg,4,116,14,not_needs,good,1979,19,34,20975078
Yekaterinburg,4,117,17,needs,very bad,1983,16,29,10386575
Yekaterinburg,1,52,15,not_needs,medium,1966,14,21,6639231
Yekaterinburg,3,92,15,absolutely_needs,medium,2018,4,9,11621676
Yekaterinburg,4,116,15,absolutely_needs,bad,1955,3,3,7799904
Yekaterinburg,1,44,5,not_needs,very bad,2010,17,30,5419300
Yekaterinburg,1,52,17,not_needs,very bad,1988,3,3,5310723
Yekaterinburg,1,48,17,needs,very good,1969,28,30,8245841
Yekaterinburg,3,103,8,not_needs,medium,2019,1,33,18037482
Yekaterinburg,1,67,15,needs,very bad,2002,3,11,5971695
Yekaterinburg,2,77,7,needs,good,1992,12,16,12126599
Yekaterinburg,1,55,10,needs,medium,2004,9,16,7305843
Yekaterinburg,3,89,13,not_needs,bad,1990,18,20,10150324
Yekaterinburg,3,65,14,not_needs,bad,1974,3,31,6845518
Yekaterinburg,3,94,14,not_needs,bad,1970,2,21,10241891
Yekaterinburg,4,113,14,needs,medium,1956,31,33,10378740
Yekaterinburg,5,128,17,not_needs,bad,1989,17,26,15042712
Yekaterinburg,2,93,7,needs,good,1989,12,21,12676347
Yekaterinburg,1,61,8,absolutely_needs,very bad,2024,19,32,4954717
Yekaterinburg,2,79,9,needs,medium,1963,1,3,6999869
Yekaterinburg,1,57,10,needs,medium,2024,14,33,8242310
Yekaterinburg,1,75,10,absolutely_needs,very bad,2025,3,5,7416863
Yekaterinburg,1,61,12,needs,bad,2002,5,8,7210839
Yekaterinburg,2,90,14,needs,bad,2024,3,3,11465168
Yekaterinburg,3,100,15,needs,medium,1958,9,13,10172359
Yekaterinburg,2,78,9,not_needs,medium,2023,5,5,13192410
Yekaterinburg,2,71,13,not_needs,very good,2014,28,34,16518375
Yekaterinburg,1,69,10,not_needs,bad,1962,3,7,7077104
Yekaterinburg,4,100,12,not_needs,good,2017,7,7,23042375
Yekaterinburg,2,38,11,needs,bad,1973,2,12,3265201
Yekaterinburg,1,48,6,not_needs,medium,1982,16,18,6401828
Yekaterinburg,2,85,11,not_needs,medium,1998,21,36,11443341
Yekaterinburg,1,40,11,not_needs,medium,1990,29,29,5381514
Yekaterinburg,1,54,11,needs,good,2000,22,24,8597473
Yekaterinburg,3,62,14,needs,medium,1979,8,21,6959513
Yekaterinburg,3,89,15,not_needs,medium,1970,6,17,11057964
Yekaterinburg,5,116,17,not_needs,good,2002,24,40,19749834
Yekaterinburg,3,105,10,not_needs,very good,1977,17,25,19005612
Yekaterinburg,2,57,12,needs,medium,2003,9,17,7824640
Yekaterinburg,1,57,5,absolutely_needs,bad,1972,7,36,4247898
Yekaterinburg,1,66,10,needs,bad,1997,21,32,7833946
Yekaterinburg,3,102,12,needs,medium,1995,10,29,13822270
Yekaterinburg,2,85,11,not_needs,medium,1970,7,10,9767539
Yekaterinburg,4,91,15,needs,medium,2007,20,33,14306230
Yekaterinburg,4,103,11,not_needs,good,1959,1,19,14586328
Yekaterinburg,2,83,13,not_needs,medium,1965,2,27,10895425
Yekaterinburg,1,61,6,needs,very good,2024,2,6,13881272
Yekaterinburg,1,45,10,absolutely_needs,good,1957,10,30,4780784
Yekaterinburg,4,91,16,needs,bad,1987,3,24,10094772
Yekaterinburg,3,100,15,not_needs,very good,2016,13,19,24873382
Yekaterinburg,3,92,12,not_needs,bad,1957,2,9,9297249
Yekaterinburg,3,96,14,needs,good,1997,4,28,14572601
Yekaterinburg,3,86,14,not_needs,medium,1974,2,9,9676916
Yekaterinburg,2,79,5,absolutely_needs,medium,1963,7,30,7552051
Yekaterinburg,1,38,11,absolutely_needs,medium,2025,8,20,5589955
Yekaterinburg,2,73,9,not_needs,good,1972,7,7,10990624
Yekaterinburg,3,82,10,needs,good,2024,4,7,14704825
Yekaterinburg,5,122,15,needs,medium,1999,23,36,17948736
Yekaterinburg,4,116,18,needs,very bad,1985,3,24,10619967
Yekaterinburg,1,61,9,not_needs,medium,2000,5,11,10283379
Yekaterinburg,3,89,15,needs,medium,2002,15,17,10333537
Yekaterinburg,2,88,14,not_needs,medium,2013,5,6,15145016
Yekaterinburg,3,98,11,absolutely_needs,very bad,2022,2,32,8352125
Yekaterinburg,3,90,14,not_needs,medium,2006,28,35,13567639
Yekaterinburg,4,105,18,not_needs,very good,1981,6,15,24685404
Yekaterinburg,5,115,18,not_needs,bad,1998,28,28,14146962
Yekaterinburg,3,89,15,not_needs,bad,1998,14,26,10867682
Yekaterinburg,2,81,13,needs,bad,1974,3,25,7075284
Yekaterinburg,2,90,10,needs,medium,1963,7,13,8722409
Yekaterinburg,4,106,13,not_needs,medium,1994,8,22,15065816
Yekaterinburg,5,150,18,needs,very bad,1997,12,28,15933353
Yekaterinburg,2,76,17,not_needs,medium,1998,13,30,12575650
Yekaterinburg,1,74,15,not_needs,medium,2017,12,28,11065972
Yekaterinburg,4,104,14,needs,good,2016,3,7,19270884
Yekaterinburg,1,78,11,not_needs,good,2009,11,18,13019966
Yekaterinburg,2,77,9,not_needs,bad,1993,6,17,9366500
Yekaterinburg,1,37,7,absolutely_needs,bad,2022,1,26,3751518
Yekaterinburg,1,68,10,needs,very good,1968,27,39,10392902
Yekaterinburg,1,84,5,not_needs,bad,2022,4,27,12291199
Yekaterinburg,4,128,18,not_needs,very bad,1976,3,36,11337323
Yekaterinburg,2,52,9,needs,medium,1970,2,7,5834708
Yekaterinburg,2,75,12,needs,very bad,1979,18,21,5396927
Yekaterinburg,3,96,11,not_needs,good,1963,5,15,15132455
Yekaterinburg,2,62,8,absolutely_needs,very bad,2006,6,19,5060881
Yekaterinburg,2,54,9,absolutely_needs,good,2020,39,40,8465710
Yekaterinburg,4,113,16,not_needs,medium,1972,10,22,15974362
Yekaterinburg,3,76,15,absolutely_needs,good,1998,19,30,8933126
Yekaterinburg,4,107,11,absolutely_needs,good,1956,5,5,10903165
Yekaterinburg,1,35,8,not_needs,good,2010,13,14,6339256
Yekaterinburg,1,49,12,not_needs,very bad,2000,23,32,4846624
Yekaterinburg,2,35,8,needs,medium,1993,1,3,4620414
Yekaterinburg,4,121,18,needs,very good,1975,8,10,19548998
Yekaterinburg,5,126,18,needs,bad,1996,8,10,14817981
Yekaterinburg,1,64,9,needs,medium,1971,10,11,6052802
Yekaterinburg,1,60,5,absolutely_needs,bad,1975,27,32,5066503
Yekaterinburg,2,67,15,not_needs,medium,1958,2,11,7071699
Yekaterinburg,2,68,11,needs,bad,1959,22,28,6256513
Yekaterinburg,1,60,9,needs,medium,1999,2,3,8619611
Yekaterinburg,3,82,10,not_needs,good,1985,11,39,13026810
Yekaterinburg,3,91,10,needs,bad,2020,22,29,11500683
Yekaterinburg,1,42,11,not_needs,good,2018,6,13,7423502
Yekaterinburg,2,74,9,needs,medium,2000,7,28,9455609
Yekaterinburg,2,65,10,not_needs,bad,1987,13,20,7019638
Yekaterinburg,3,98,9,needs,good,2014,1,22,16058064
Yekaterinburg,4,115,12,not_needs,bad,2020,7,40,17039979
Yekaterinburg,1,69,11,absolutely_needs,very bad,2019,4,24,6420590
Yekaterinburg,2,75,8,not_needs,very bad,1963,7,25,6616490
Yekaterinburg,2,44,7,not_needs,good,2007,2,21,8610532
Yekaterinburg,1,49,7,absolutely_needs,medium,2006,32,37,5736523
Yekaterinburg,2,79,11,not_needs,very bad,1960,6,18,6479687
Yekaterinburg,3,95,12,needs,bad,2025,20,32,13127651
Yekaterinburg,2,63,15,not_needs,medium,1961,17,22,6861156
Yekaterinburg,1,51,10,needs,bad,1964,34,38,4524515
Yekaterinburg,3,93,12,not_needs,medium,1961,1,33,11348725
Yekaterinburg,1,55,5,needs,medium,2023,6,14,8494851
Yekaterinburg,3,88,13,absolutely_needs,bad,1979,4,5,6730753
Yekaterinburg,1,69,7,not_needs,good,1964,11,14,10113117
Yekaterinburg,1,28,10,not_needs,medium,1971,6,26,3842858
Yekaterinburg,2,86,14,needs,very bad,1966,6,14,6136473
Yekaterinburg,3,88,12,needs,good,1987,8,11,12715291
Yekaterinburg,1,57,6,needs,bad,2012,3,11,7088805
Yekaterinburg,3,71,12,needs,very good,1977,15,16,12883014
Yekaterinburg,3,83,9,needs,bad,1971,13,40,7597997
Yekaterinburg,1,71,10,not_needs,very bad,1986,20,27,6736675
Yekaterinburg,2,87,10,not_needs,medium,1988,14,14,10383776
Yekaterinburg,1,34,11,not_needs,medium,1990,34,35,5352468
Yekaterinburg,1,43,10,needs,very bad,1981,7,33,3367761
Yekaterinburg,1,61,10,not_needs,medium,2004,20,40,10242634
Yekaterinburg,1,50,7,not_needs,good,1995,3,4,9124175
Yekaterinburg,1,46,16,needs,very good,2000,6,6,7983025
Yekaterinburg,3,116,14,absolutely_needs,bad,2011,5,6,11236181
Yekaterinburg,3,90,13,needs,good,1972,5,14,10698213
Yekaterinburg,2,82,14,needs,bad,1992,9,29,8130207
Yekaterinburg,4,109,15,absolutely_needs,good,2025,2,23,19834806
Yekaterinburg,2,68,9,needs,good,1968,2,6,8439305
Yekaterinburg,5,142,14,not_needs,very good,2011,7,9,36087553
Yekaterinburg,1,70,7,needs,very bad,1970,8,28,4978249
Yekaterinburg,1,37,8,not_needs,bad,1988,15,15,4629499
Yekaterinburg,1,77,11,absolutely_needs,medium,1966,30,31,6185596
Yekaterinburg,1,47,8,not_needs,medium,1967,24,34,4918319
Yekaterinburg,1,58,6,absolutely_needs,medium,2022,9,18,7793474
Yekaterinburg,1,70,11,needs,medium,2011,4,18,9840423
Yekaterinburg,2,67,10,not_needs,bad,1960,2,9,5689527
Yekaterinburg,2,61,11,not_needs,bad,2014,14,21,9028106
Yekaterinburg,2,73,11,not_needs,very good,1961,21,30,14093721
Yekaterinburg,1,58,15,absolutely_needs,bad,1974,5,7,4944588
Yekaterinburg,1,54,11,needs,medium,1961,12,16,5447177
Yekaterinburg,3,93,12,needs,very bad,2020,32,32,8425957
Yekaterinburg,4,109,13,needs,bad,1958,31,37,10497149
Yekaterinburg,5,128,14,needs,medium,2000,10,31,17571651
Yekaterinburg,1,42,14,not_needs,good,1993,4,34,7325976
Yekaterinburg,3,99,15,needs,very bad,1991,4,14,8995373
Yekaterinburg,1,44,10,needs,good,1969,20,38,5725786
Yekaterinburg,1,66,14,not_needs,bad,1961,8,36,5894227
Yekaterinburg,4,113,14,needs,medium,1992,13,23,14939880
Yekaterinburg,3,90,15,needs,medium,1981,2,26,9516339
Yekaterinburg,3,103,12,needs,medium,2025,5,24,15850271
Yekaterinburg,2,56,12,needs,good,1995,23,39,7850370
Yekaterinburg,4,105,14,needs,very bad,1993,3,20,10237151
Yekaterinburg,2,83,5,absolutely_needs,bad,2018,13,34,9150350
Yekaterinburg,1,50,7,not_needs,very good,1998,1,4,10630353
Yekaterinburg,1,43,7,not_needs,medium,2010,6,21,6254604
Yekaterinburg,4,113,18,not_needs,very bad,1976,7,7,10900562
Yekaterinburg,1,49,9,absolutely_needs,medium,1966,6,9,4461651
Yekaterinburg,3,79,15,needs,bad,1963,1,10,6452039
Yekaterinburg,1,47,11,not_needs,very bad,1972,4,4,4261830
Yekaterinburg,1,79,7,needs,bad,2015,14,21,9673582
Yekaterinburg,2,74,11,not_needs,good,2011,22,30,12957389
Yekaterinburg,1,47,9,not_needs,good,1998,1,6,8877143
Yekaterinburg,3,93,10,not_needs,good,2007,7,38,17312935
Yekaterinburg,3,99,13,not_needs,bad,1980,5,16,10110272
Yekaterinburg,4,100,14,absolutely_needs,bad,1989,4,5,8589061
Yekaterinburg,2,74,9,absolutely_needs,very bad,1983,1,3,5412404
Yekaterinburg,2,58,8,not_needs,good,2007,3,3,9448812
Yekaterinburg,2,88,12,needs,very good,1994,8,30,15198472
Yekaterinburg,1,33,9,absolutely_needs,very good,1967,4,7,4140852
Yekaterinburg,3,114,14,not_needs,medium,1962,13,22,14306393
Yekaterinburg,3,99,10,absolutely_needs,medium,1956,17,29,7690770
Yekaterinburg,5,128,14,needs,good,1974,4,20,19668761
Yekaterinburg,2,66,8,needs,good,1967,20,24,8176048
Yekaterinburg,1,57,6,needs,very good,1975,3,3,8296903
Yekaterinburg,4,111,17,needs,medium,1956,19,24,10856355
Yekaterinburg,1,71,9,absolutely_needs,bad,1994,19,24,6208264
Yekaterinburg,2,89,14,needs,bad,2024,1,20,11131706
Yekaterinburg,2,85,11,not_needs,medium,1958,9,16,9659279
Yekaterinburg,3,98,12,needs,medium,1970,30,34,11633682
Yekaterinburg,2,55,8,needs,medium,1961,17,21,6094447
Yekaterinburg,1,57,12,needs,medium,2023,15,28,8940142
Yekaterinburg,5,123,18,absolutely_needs,medium,1985,5,14,12414388
Yekaterinburg,1,46,8,absolutely_needs,good,2023,8,31,7307664
Yekaterinburg,2,73,11,not_needs,very bad,1980,2,16,7448273
Yekaterinburg,3,88,16,absolutely_needs,bad,1957,7,40,5574572
Yekaterinburg,2,63,11,not_needs,medium,2022,6,8,10727869
Yekaterinburg,2,85,11,not_needs,good,1991,3,3,13493893
Yekaterinburg,2,78,12,needs,very bad,2017,20,28,8377460
Yekaterinburg,2,50,11,needs,good,2010,1,5,7408330
Yekaterinburg,1,57,11,needs,bad,1964,4,4,4974714
Yekaterinburg,3,77,10,absolutely_needs,good,1972,5,33,9405756
Yekaterinburg,1,50,12,not_needs,good,2022,17,21,10908292
Yekaterinburg,4,123,14,not_needs,good,1996,6,7,24080070
Yekaterinburg,1,72,8,needs,very good,1966,20,20,10513272
Yekaterinburg,4,100,12,not_needs,good,2022,6,10,23996486
Yekaterinburg,2,72,13,needs,very bad,1970,2,23,5457111
Yekaterinburg,1,67,5,not_needs,good,1961,12,12,9476109
Yekaterinburg,3,80,12,not_needs,medium,2004,1,9,12638820
Yekaterinburg,1,44,9,needs,medium,2020,11,11,5890039
Yekaterinburg,1,54,9,not_needs,medium,1996,2,4,7243564
Yekaterinburg,1,22,14,not_needs,very bad,2021,8,9,2697029
Yekaterinburg,1,65,10,absolutely_needs,very good,1958,8,19,8717538
Yekaterinburg,1,61,9,needs,good,2000,1,36,10011767
Yekaterinburg,3,83,15,absolutely_needs,very bad,1963,14,23,5020712
Yekaterinburg,2,69,11,needs,good,2023,12,15,12198288
Yekaterinburg,1,61,9,not_needs,medium,2011,4,14,8598982
Yekaterinburg,2,63,9,not_needs,medium,1977,19,30,7246664
Yekaterinburg,1,68,6,needs,good,1960,9,23,7861205
Yekaterinburg,1,50,11,not_needs,bad,2022,7,15,7387500
Yekaterinburg,3,90,12,absolutely_needs,good,2021,15,25,13307752
Yekaterinburg,4,115,15,not_needs,very bad,2018,13,13,14885485
Yekaterinburg,1,61,10,needs,medium,2018,3,34,9019303
Yekaterinburg,2,75,11,not_needs,very bad,1979,2,40,6891686
Yekaterinburg,3,107,17,not_needs,medium,1962,8,34,13400603
Yekaterinburg,3,106,14,needs,good,1977,32,38,12622980
Yekaterinburg,2,71,12,needs,bad,2007,11,20,8274415
Yekaterinburg,4,116,17,absolutely_needs,medium,1968,1,7,11945649
Yekaterinburg,3,80,12,not_needs,medium,2003,26,31,12577797
Yekaterinburg,3,98,13,needs,medium,1976,2,8,11059569
Yekaterinburg,3,80,10,needs,very good,1994,1,6,12793753
Yekaterinburg,3,106,8,not_needs,medium,2005,15,17,17926823
Yekaterinburg,2,59,14,needs,medium,1961,8,34,5637703
Yekaterinburg,1,36,8,needs,good,2020,13,28,6171110
Yekaterinburg,1,41,5,not_needs,very good,1971,12,15,6762888
Yekaterinburg,4,119,12,needs,medium,1999,2,16,16695319
Yekaterinburg,4,120,14,needs,medium,2008,22,25,18965459
Yekaterinburg,3,99,14,needs,bad,2016,16,20,11460089
Yekaterinburg,1,68,10,needs,very good,1960,6,20,9774481
Yekaterinburg,1,40,5,not_needs,good,1996,17,33,7025050
Yekaterinburg,4,102,15,needs,good,1959,1,3,12887495
Yekaterinburg,2,73,10,absolutely_needs,bad,2017,10,32,7477233
Yekaterinburg,2,72,11,needs,good,1962,12,15,9280695
Yekaterinburg,2,50,11,not_needs,medium,1986,21,23,7252982
Yekaterinburg,1,25,9,needs,bad,2013,13,28,2983872
Yekaterinburg,2,89,18,needs,medium,1996,3,11,11080912
Yekaterinburg,1,32,8,needs,medium,1973,28,40,3879799
Yekaterinburg,2,68,9,needs,bad,2021,7,19,8335577
Yekaterinburg,3,115,17,not_needs,bad,2022,11,15,15716316
Yekaterinburg,1,55,7,not_needs,good,1985,13,20,8041350
Yekaterinburg,1,58,10,not_needs,very good,1967,34,39,10323830
Yekaterinburg,3,95,12,absolutely_needs,medium,2011,2,3,11209804
Yekaterinburg,3,100,10,needs,bad,2005,12,12,11790844
Yekaterinburg,3,96,13,not_needs,medium,1986,6,7,12829852
Yekaterinburg,2,78,12,absolutely_needs,very good,1985,15,30,13434120
Yekaterinburg,1,46,8,needs,bad,1968,2,6,4395234
Yekaterinburg,1,35,7,needs,very bad,1987,5,8,2697949
Yekaterinburg,3,82,10,not_needs,medium,1996,13,18,13518068
Yekaterinburg,3,106,16,needs,good,1983,6,33,16143614
Yekaterinburg,3,105,12,needs,bad,2004,10,32,11783221
Yekaterinburg,1,45,11,not_needs,good,1995,12,39,7195242
Yekaterinburg,2,72,11,needs,good,2019,13,37,12095401
Yekaterinburg,3,93,16,absolutely_needs,very good,2000,3,4,15481588
Yekaterinburg,3,78,7,needs,medium,1963,29,34,7641229
Yekaterinburg,5,122,18,absolutely_needs,bad,2003,15,36,12637999
Yekaterinburg,3,93,14,absolutely_needs,medium,2015,6,35,11521504
Yekaterinburg,1,35,10,absolutely_needs,bad,1977,1,8,2591724
Yekaterinburg,2,79,12,needs,very good,1979,3,3,14067794
Yekaterinburg,2,86,10,needs,medium,2005,5,6,11228670
Yekaterinburg,1,33,14,not_needs,medium,1957,34,35,3602102
Yekaterinburg,5,123,10,needs,good,1965,7,31,15363812
Yekaterinburg,2,64,10,needs,good,2019,18,23,11311214
Yekaterinburg,2,79,12,not_needs,medium,2006,21,31,13043417
Yekaterinburg,4,125,13,not_needs,good,1986,10,35,19720750
Yekaterinburg,3,97,17,needs,medium,1998,4,10,10880788
Yekaterinburg,3,77,11,needs,good,1956,15,18,9156709
Yekaterinburg,1,47,11,not_needs,bad,2002,1,11,5798295
Yekaterinburg,1,40,9,needs,medium,2014,1,30,5759856
Yekaterinburg,1,43,9,absolutely_needs,very bad,2009,26,35,3712465
Yekaterinburg,5,118,22,needs,good,2013,2,9,19635778
Yekaterinburg,3,90,14,absolutely_needs,good,2023,7,16,15656363
Yekaterinburg,5,107,15,not_needs,medium,1957,8,13,11198783
Yekaterinburg,1,43,12,not_needs,bad,1959,8,10,3796377
Yekaterinburg,1,62,9,needs,medium,1956,5,5,4970573
Yekaterinburg,5,111,15,needs,medium,2005,8,17,16445092
Yekaterinburg,1,83,11,needs,bad,1990,1,8,7998586
Yekaterinburg,2,90,8,needs,good,2004,21,40,15553101
Yekaterinburg,3,74,12,needs,medium,1989,4,15,9093908
Yekaterinburg,3,92,15,absolutely_needs,bad,2002,2,4,8471223
Yekaterinburg,2,73,8,absolutely_needs,very bad,2004,14,18,5653843
Yekaterinburg,2,64,7,needs,medium,1973,23,40,6678270
Yekaterinburg,1,54,8,not_needs,very good,1992,7,18,10008852
Yekaterinburg,1,54,12,absolutely_needs,medium,2009,17,35,5941625
Yekaterinburg,1,49,8,absolutely_needs,medium,1999,26,28,4906850
Yekaterinburg,5,123,17,absolutely_needs,bad,1987,10,16,13325519
Yekaterinburg,3,99,12,needs,bad,1997,2,10,10560850
Yekaterinburg,2,73,8,not_needs,very bad,1989,2,12,7124035
Yekaterinburg,1,65,11,not_needs,medium,1983,1,17,7704931
Yekaterinburg,2,75,13,not_needs,bad,1993,16,17,9547894
Yekaterinburg,2,81,8,absolutely_needs,very bad,2009,14,38,7519931
Yekaterinburg,5,130,18,not_needs,medium,2007,24,38,20643093
Yekaterinburg,3,97,11,not_needs,medium,1984,1,5,12590655
Yekaterinburg,4,68,18,needs,very bad,2000,3,5,6498325
Yekaterinburg,4,110,17,not_needs,medium,1978,7,17,16564347
Yekaterinburg,1,52,10,not_needs,bad,1994,10,18,6197683
Yekaterinburg,5,129,17,not_needs,medium,1955,2,6,15149094
Yekaterinburg,4,113,15,needs,medium,2001,1,40,16335649
Yekaterinburg,2,66,10,needs,bad,1998,15,15,7269241
Yekaterinburg,2,79,10,not_needs,bad,2008,8,11,9725776
Yekaterinburg,5,135,21,not_needs,medium,2025,1,3,21235869
Yekaterinburg,3,69,18,needs,good,2000,17,39,11555869
Yekaterinburg,1,79,15,not_needs,medium,1991,13,34,9891412
Yekaterinburg,2,40,11,not_needs,very good,1999,4,28,9703835
Yekaterinburg,2,77,11,needs,good,2003,2,12,13535996
Yekaterinburg,4,103,11,not_needs,very bad,1957,20,22,9327540
Yekaterinburg,1,72,10,needs,very bad,1986,1,4,6117825
Yekaterinburg,1,78,9,needs,very good,1983,33,34,11880064
Yekaterinburg,1,44,8,needs,medium,1957,1,40,4095342
Yekaterinburg,4,107,16,needs,very good,1983,17,31,19093818
Yekaterinburg,3,60,11,absolutely_needs,medium,1965,3,16,5760876
Yekaterinburg,1,43,6,not_needs,very good,1966,10,16,8568329
Yekaterinburg,2,65,10,needs,very bad,1984,15,15,5641657
Yekaterinburg,4,118,15,not_needs,bad,1970,2,14,11556674
Yekaterinburg,3,92,14,needs,very good,2016,27,27,17750213
Yekaterinburg,2,68,13,needs,medium,2011,5,9,9307668
Yekaterinburg,4,111,11,not_needs,medium,2022,17,33,18486269
Yekaterinburg,3,126,15,needs,medium,1963,3,40,11887782
Yekaterinburg,2,56,12,needs,very good,1993,11,14,10825639
Yekaterinburg,3,88,14,not_needs,medium,2020,8,13,12890980
Yekaterinburg,2,77,12,needs,very bad,1991,7,7,5560157
Yekaterinburg,4,111,13,not_needs,very bad,1970,2,17,10510279
Yekaterinburg,2,96,13,needs,medium,1984,6,12,11542266
Yekaterinburg,1,62,9,needs,good,2004,7,36,11044967
Yekaterinburg,2,92,13,needs,bad,1977,12,18,7894341
Yekaterinburg,3,106,16,absolutely_needs,medium,1996,4,14,10366986
Yekaterinburg,3,105,17,needs,bad,1992,26,28,11594261
Yekaterinburg,3,113,14,not_needs,good,1980,5,10,16259355
Yekaterinburg,2,72,13,needs,good,1988,10,31,10537694
Yekaterinburg,3,95,17,needs,very bad,1992,4,17,7667642
Yekaterinburg,2,78,11,absolutely_needs,medium,1962,2,32,7390478
Yekaterinburg,2,58,15,not_needs,very bad,1986,15,33,5166426
Yekaterinburg,1,77,11,needs,medium,2018,25,38,10092309
Yekaterinburg,5,135,14,needs,good,2010,6,7,25729034
Yekaterinburg,3,83,14,not_needs,very bad,2006,4,6,9000035
Yekaterinburg,4,120,15,not_needs,good,2008,1,36,24325466
Yekaterinburg,4,97,15,needs,very bad,2023,7,10,10072657
Yekaterinburg,1,76,9,needs,medium,1967,3,6,8696344
Yekaterinburg,2,85,8,absolutely_needs,good,1958,4,8,8451374
Yekaterinburg,2,69,10,not_needs,medium,1993,4,19,11028653
Yekaterinburg,2,67,12,needs,good,1992,14,28,10990701
Yekaterinburg,1,67,12,not_needs,medium,2022,9,13,10271028
Yekaterinburg,1,65,8,not_needs,good,1962,12,38,8050111
Yekaterinburg,1,56,9,not_needs,very bad,1988,29,32,4894138
Yekaterinburg,3,85,12,needs,very bad,2005,2,19,7203594
Yekaterinburg,1,61,9,not_needs,medium,2024,19,23,10206900
Yekaterinburg,2,67,7,absolutely_needs,very good,1991,2,6,9506379
Yekaterinburg,2,72,15,not_needs,medium,2008,1,5,9981447
Yekaterinburg,3,108,14,not_needs,bad,2003,10,29,14651881
Yekaterinburg,3,72,13,needs,very bad,1955,3,34,5293128
Yekaterinburg,1,72,8,needs,very bad,2016,19,38,6502368
Yekaterinburg,1,42,13,not_needs,medium,1981,24,30,5812417
Yekaterinburg,1,53,12,not_needs,bad,2010,12,20,7566813
Yekaterinburg,5,114,13,needs,medium,1977,5,7,12292665
Yekaterinburg,2,59,10,not_needs,bad,1980,3,3,7012915
Yekaterinburg,4,108,14,not_needs,medium,2022,3,8,17539506
Yekaterinburg,2,92,14,not_needs,good,1979,3,22,13176330
Yekaterinburg,3,112,12,not_needs,medium,2001,5,15,18061443
Yekaterinburg,2,74,8,needs,very good,1974,25,26,12862256
Yekaterinburg,4,129,15,not_needs,bad,1986,21,24,17958196
Yekaterinburg,3,92,13,not_needs,bad,1998,17,26,10395712
Yekaterinburg,4,97,17,not_needs,bad,1980,19,23,10832127
Yekaterinburg,1,52,14,not_needs,medium,2024,25,33,8270794
Yekaterinburg,1,81,9,absolutely_needs,medium,1965,23,30,7837793
Yekaterinburg,2,58,16,not_needs,medium,1955,6,6,5816252
Yekaterinburg,2,98,8,not_needs,medium,1971,7,24,10623021
Yekaterinburg,4,99,16,absolutely_needs,medium,1990,19,28,10550713
Yekaterinburg,1,47,6,not_needs,good,1977,1,7,6014548
Yekaterinburg,5,140,16,not_needs,medium,1993,13,15,21929858
Yekaterinburg,4,106,14,not_needs,good,1967,16,27,17172720
Yekaterinburg,1,43,12,absolutely_needs,bad,1972,20,20,3315566
Yekaterinburg,1,62,9,absolutely_needs,medium,1992,7,37,6808749
Yekaterinburg,3,90,15,needs,bad,2001,38,40,11192083
Yekaterinburg,2,76,13,needs,medium,2007,17,23,9435712
Yekaterinburg,2,59,15,not_needs,very good,1957,2,7,8743062
Yekaterinburg,1,35,6,needs,medium,1980,5,13,3542010
Yekaterinburg,2,73,9,needs,bad,1957,5,8,5986414
Yekaterinburg,3,104,17,needs,good,1979,16,33,14626138
Yekaterinburg,1,60,6,not_needs,very good,2008,2,39,14839906
Yekaterinburg,1,44,11,needs,very bad,1986,32,33,3258379
Yekaterinburg,1,47,7,needs,medium,1975,8,8,4544450
Yekaterinburg,2,75,12,not_needs,medium,1982,11,26,10774406
Yekaterinburg,2,61,11,needs,medium,1997,29,29,6822523
Yekaterinburg,2,68,11,not_needs,medium,2005,3,14,9189933
Yekaterinburg,2,63,15,not_needs,medium,1996,30,31,8756435
Yekaterinburg,2,89,12,absolutely_needs,good,2006,24,35,11562933
Yekaterinburg,4,101,14,absolutely_needs,good,2019,1,40,16674986
Yekaterinburg,2,68,9,needs,bad,1983,11,20,7081745
Yekaterinburg,2,89,10,not_needs,medium,1977,3,3,11143642
Yekaterinburg,2,81,13,not_needs,good,2000,6,6,15091154
Yekaterinburg,3,93,17,not_needs,good,2016,19,33,17304339
Yekaterinburg,3,76,10,not_needs,medium,2017,21,39,13176115
Yekaterinburg,1,57,7,absolutely_needs,good,2020,24,24,8562398
Yekaterinburg,3,115,12,needs,very bad,2021,3,7,11032862
Yekaterinburg,2,89,13,needs,very bad,1993,9,28,7017571
Yekaterinburg,5,128,16,not_needs,good,1962,10,24,19822199
Yekaterinburg,1,57,10,needs,very good,1985,10,13,9558174
Yekaterinburg,1,57,12,needs,medium,1957,3,6,5174998
Yekaterinburg,2,71,10,not_needs,medium,1996,10,39,9522225
Yekaterinburg,1,64,9,absolutely_needs,good,1972,1,13,7629703
Yekaterinburg,1,63,7,absolutely_needs,good,1991,12,38,8992361
Yekaterinburg,1,68,5,needs,medium,2011,1,5,9136162
Yekaterinburg,4,114,15,not_needs,medium,1978,3,5,15375329
Yekaterinburg,2,83,8,absolutely_needs,good,1964,8,14,8118199
Yekaterinburg,1,56,10,needs,medium,2019,2,7,8485189
Yekaterinburg,3,85,11,not_needs,bad,1960,16,28,7234090
Yekaterinburg,2,57,11,needs,bad,2020,2,5,7591022
Yekaterinburg,1,37,6,absolutely_needs,medium,2009,3,17,4578894
Yekaterinburg,4,91,18,needs,very bad,1955,2,9,6475069
Yekaterinburg,1,68,10,needs,good,1980,22,32,8948118
Yekaterinburg,3,91,16,needs,medium,1981,14,17,10545989
Yekaterinburg,3,85,21,needs,bad,2007,3,32,9942752
Yekaterinburg,4,106,11,not_needs,bad,2018,8,11,15331624
Yekaterinburg,1,22,11,needs,good,1962,32,34,2691515
Yekaterinburg,2,70,15,not_needs,medium,1982,14,34,8976360
Yekaterinburg,4,104,14,absolutely_needs,good,1973,22,36,11373828
Yekaterinburg,4,124,14,not_needs,very good,1970,3,21,24784292
Yekaterinburg,1,80,10,needs,medium,1975,4,6,9188329
Yekaterinburg,3,82,16,needs,good,1987,10,26,13111381
Yekaterinburg,1,59,11,needs,good,2001,3,22,9884326
Yekaterinburg,1,57,10,needs,medium,1989,3,9,6537908
Yekaterinburg,1,61,6,needs,good,1974,3,8,8856485
Yekaterinburg,1,81,8,not_needs,medium,1992,6,11,10852951
Yekaterinburg,3,94,14,not_needs,medium,1994,3,3,13128392
Yekaterinburg,1,53,5,absolutely_needs,medium,1974,14,20,5666689
Yekaterinburg,3,117,14,needs,medium,2017,18,22,15844728
Yekaterinburg,2,60,12,absolutely_needs,bad,1963,6,6,4393991
Yekaterinburg,1,66,13,needs,very good,1982,10,17,12268061
Yekaterinburg,1,39,7,not_needs,bad,2003,14,37,4925025
Yekaterinburg,3,82,8,needs,medium,2002,7,22,10409322
Yekaterinburg,3,98,12,needs,good,1964,9,18,13187975
Yekaterinburg,3,95,12,not_needs,very bad,2016,32,36,9493083
Yekaterinburg,4,98,11,absolutely_needs,very bad,2022,7,16,8486061
Yekaterinburg,5,97,17,needs,very bad,1975,29,38,8866039
Yekaterinburg,1,59,5,needs,bad,1994,22,30,5467928
Yekaterinburg,5,144,18,needs,good,1956,2,3,18350533
Yekaterinburg,2,102,12,not_needs,good,1970,12,14,16711265
Yekaterinburg,5,135,14,absolutely_needs,very good,1991,3,9,23807218
Yekaterinburg,1,55,10,absolutely_needs,good,1977,20,35,6659937
Yekaterinburg,2,77,8,needs,good,1984,11,31,10645287
Yekaterinburg,5,112,17,needs,good,2022,12,29,23081648
Yekaterinburg,1,36,9,absolutely_needs,good,2022,11,22,5833820
Yekaterinburg,3,86,14,needs,very good,1971,6,38,13811381
Yekaterinburg,2,59,10,absolutely_needs,good,2001,7,35,7483835
Yekaterinburg,2,76,10,needs,good,1970,2,5,9889035
Yekaterinburg,1,70,7,absolutely_needs,good,2001,3,3,9810988
Yekaterinburg,2,82,10,not_needs,very good,1966,33,39,15459161
Yekaterinburg,3,102,17,not_needs,medium,1985,4,14,15116228
Yekaterinburg,5,130,15,not_needs,medium,1971,7,12,17429474
Yekaterinburg,1,87,7,needs,bad,2008,4,14,10485595
Yekaterinburg,1,46,7,not_needs,good,1977,12,27,7160788
Yekaterinburg,1,47,6,absolutely_needs,very good,1982,10,38,7599795
Yekaterinburg,3,88,14,needs,medium,1981,21,27,9465834
Yekaterinburg,2,72,15,absolutely_needs,medium,1955,3,16,5441469
Yekaterinburg,3,88,14,not_needs,good,2020,1,7,15701642
Yekaterinburg,1,49,9,absolutely_needs,very bad,1978,15,28,3423799
Yekaterinburg,1,42,7,needs,good,2011,18,23,6773415
Yekaterinburg,3,106,18,needs,medium,1984,2,7,11967523
Yekaterinburg,2,73,12,not_needs,bad,2003,1,5,9290385
Yekaterinburg,1,53,7,absolutely_needs,very good,1973,2,15,7139346
Yekaterinburg,4,111,13,needs,bad,1988,3,27,13664947
Yekaterinburg,3,87,12,not_needs,very good,1974,4,8,17598484
Yekaterinburg,1,61,8,not_needs,good,1966,2,8,8451238
Yekaterinburg,4,102,12,absolutely_needs,medium,1962,2,3,10720245
Yekaterinburg,5,136,18,absolutely_needs,medium,2022,1,25,15560831
Yekaterinburg,2,59,10,not_needs,good,1989,10,27,10771767
Yekaterinburg,2,81,15,needs,very bad,1997,1,33,5973817
Yekaterinburg,4,106,16,not_needs,good,1992,11,11,16688268
Yekaterinburg,1,61,9,needs,bad,1979,16,33,5912942
Yekaterinburg,1,54,10,needs,medium,1971,3,5,5421973
Yekaterinburg,3,89,14,needs,good,1974,15,27,12037107
Yekaterinburg,3,107,13,needs,very good,1999,1,6,20526861
Yekaterinburg,1,37,12,needs,bad,1964,12,22,2960541
Yekaterinburg,5,131,15,needs,medium,1975,4,29,13801634
Yekaterinburg,1,61,9,needs,bad,2007,7,10,7829861
Yekaterinburg,1,46,11,needs,medium,1993,1,37,5344942
Yekaterinburg,2,93,7,needs,medium,2005,16,23,13043154
Yekaterinburg,1,50,6,absolutely_needs,bad,1960,10,36,4130722
Yekaterinburg,3,100,19,not_needs,good,1960,15,33,14842529
Yekaterinburg,2,90,12,absolutely_needs,medium,2009,6,20,9986501
Yekaterinburg,2,75,11,not_needs,very bad,2019,11,38,8491695
Yekaterinburg,3,117,13,needs,bad,2015,4,9,12487784
Yekaterinburg,2,83,12,absolutely_needs,medium,1984,8,22,8993792
Yekaterinburg,5,130,16,absolutely_needs,medium,1978,3,4,13634599
Yekaterinburg,4,107,11,not_needs,bad,1973,6,8,13138974
Yekaterinburg,4,113,13,not_needs,good,2004,3,6,24538961
Yekaterinburg,1,30,6,not_needs,medium,1957,20,25,3322351
Yekaterinburg,1,69,8,needs,very good,1959,16,18,10884010
Yekaterinburg,1,52,10,absolutely_needs,medium,2014,2,34,5840334
Yekaterinburg,3,81,11,needs,medium,1992,10,11,8671503
Yekaterinburg,1,59,9,not_needs,medium,1985,3,3,7774387
Yekaterinburg,3,88,13,needs,medium,1993,11,35,11013886
Yekaterinburg,4,102,11,needs,good,1987,12,37,17501544
Yekaterinburg,4,107,17,needs,medium,1982,23,25,11701436
Yekaterinburg,2,73,10,needs,medium,1956,2,13,7208199
Yekaterinburg,2,56,15,needs,medium,2025,27,38,8906961
Yekaterinburg,4,90,10,absolutely_needs,medium,2003,8,22,11816434
Yekaterinburg,4,84,15,needs,medium,1958,16,39,7957222
Yekaterinburg,2,66,14,needs,good,2022,21,30,11394833
Yekaterinburg,2,83,12,not_needs,very bad,1976,21,39,8196977
Yekaterinburg,3,104,12,absolutely_needs,medium,1991,30,35,9730840
Yekaterinburg,3,95,11,not_needs,medium,1980,19,23,10944307
Yekaterinburg,2,72,8,needs,good,1970,2,7,9310936
Yekaterinburg,1,44,5,not_needs,bad,2012,4,16,6064510
Yekaterinburg,3,85,14,not_needs,very bad,2023,4,7,10529351
Yekaterinburg,2,47,11,needs,bad,2004,10,11,4695732
Yekaterinburg,2,89,11,absolutely_needs,very good,2016,16,23,15262282
Yekaterinburg,2,78,13,needs,bad,1963,16,17,5811056
Yekaterinburg,3,98,14,not_needs,good,1969,1,4,13710986
Yekaterinburg,2,77,6,not_needs,good,1978,3,4,12810864
Yekaterinburg,2,89,7,not_needs,very bad,2013,2,18,11187625
Yekaterinburg,3,78,12,not_needs,very bad,2008,5,12,8685706
Yekaterinburg,2,71,11,absolutely_needs,medium,1987,1,14,6832750
Yekaterinburg,1,62,9,needs,bad,1997,5,6,6182507
Yekaterinburg,2,62,7,needs,very bad,1983,5,19,5128675
Yekaterinburg,1,66,12,absolutely_needs,good,1997,8,19,9660190
Yekaterinburg,3,93,17,absolutely_needs,good,1983,7,16,11897126
Yekaterinburg,2,80,10,needs,medium,2022,8,28,10556020
Yekaterinburg,2,63,10,needs,medium,2006,1,19,7112946
Yekaterinburg,3,92,11,needs,bad,2013,13,27,10281024
Yekaterinburg,1,50,7,not_needs,very good,1978,8,9,8920871
Yekaterinburg,3,99,11,not_needs,bad,1970,25,40,11486495
Yekaterinburg,2,83,9,absolutely_needs,medium,2009,2,10,9442692
Yekaterinburg,2,89,7,not_needs,good,1958,7,7,11898972
Yekaterinburg,1,62,5,absolutely_needs,medium,2001,2,12,6730969
Yekaterinburg,2,72,15,absolutely_needs,medium,2019,16,34,8218817
Yekaterinburg,2,76,11,absolutely_needs,very good,2016,7,13,14932079
Yekaterinburg,1,45,9,not_needs,good,1987,4,38,7590804
Yekaterinburg,3,94,8,needs,medium,2004,10,28,12336002
Yekaterinburg,1,65,8,absolutely_needs,very bad,2024,26,26,6172311
Yekaterinburg,3,90,14,not_needs,medium,1971,1,12,9900540
Yekaterinburg,2,86,17,not_needs,medium,2012,34,34,12793471
Yekaterinburg,3,99,6,absolutely_needs,very bad,1960,1,6,5472970
Yekaterinburg,1,58,9,not_needs,bad,1987,12,37,6464427
Yekaterinburg,1,35,10,needs,good,2001,6,21,5138771
Yekaterinburg,2,62,15,not_needs,good,1972,17,28,8647137
Yekaterinburg,2,72,13,not_needs,medium,2009,16,17,10798611
Yekaterinburg,1,80,7,absolutely_needs,good,1971,24,28,9292229
Yekaterinburg,2,57,13,not_needs,medium,1958,14,28,5995191
Yekaterinburg,3,81,15,needs,bad,1980,19,32,8066153
Yekaterinburg,2,68,11,absolutely_needs,medium,1995,11,36,7660024
Yekaterinburg,1,80,7,needs,bad,2018,2,16,10767889
Yekaterinburg,3,68,13,absolutely_needs,medium,1997,5,32,6882410
Yekaterinburg,3,122,11,needs,medium,1975,6,29,13753080
Yekaterinburg,1,64,6,not_needs,medium,1975,21,25,7974899
Yekaterinburg,2,82,11,needs,good,1969,25,36,9014812
Yekaterinburg,4,118,13,absolutely_needs,medium,2004,6,11,15374154
Yekaterinburg,5,135,12,needs,good,1974,12,18,20524358
Yekaterinburg,3,92,13,not_needs,medium,1980,4,5,13148337
Yekaterinburg,3,98,15,needs,very bad,1969,25,33,8013763
Yekaterinburg,3,101,15,absolutely_needs,medium,2010,1,6,10964407
Yekaterinburg,2,77,10,not_needs,medium,1965,5,17,8212330
Yekaterinburg,3,103,17,not_needs,good,2006,5,14,16625917
Yekaterinburg,1,51,8,not_needs,good,1993,16,22,8812310
Yekaterinburg,1,44,9,absolutely_needs,medium,2019,10,13,4811632
Yekaterinburg,3,77,16,needs,good,2000,12,39,11341097
Yekaterinburg,4,121,15,absolutely_needs,bad,2022,2,4,13204291
Yekaterinburg,1,63,11,needs,very good,2022,24,24,12612687
Yekaterinburg,1,55,7,absolutely_needs,very good,1962,15,29,7715242
Yekaterinburg,1,49,10,not_needs,medium,1991,4,16,6578881
Yekaterinburg,2,80,12,needs,bad,2017,4,5,10069179
Yekaterinburg,3,73,16,not_needs,very bad,1965,8,12,5955233
Yekaterinburg,1,66,9,needs,medium,1960,3,10,6609510
Yekaterinburg,2,60,11,absolutely_needs,very bad,2023,27,37,6045186
Yekaterinburg,1,66,11,needs,very good,2011,10,22,15324889
Yekaterinburg,1,68,8,not_needs,good,1981,8,8,9692690
Yekaterinburg,2,78,14,needs,bad,1963,36,36,6955778
Yekaterinburg,2,79,6,not_needs,bad,1980,8,23,8720456
Yekaterinburg,5,118,17,needs,good,2020,22,22,19182046
Yekaterinburg,2,59,11,not_needs,bad,1986,6,30,6089177
Yekaterinburg,5,123,19,needs,bad,2008,18,23,13608871
Yekaterinburg,3,94,11,not_needs,good,2023,10,11,20409345
Yekaterinburg,1,49,11,not_needs,medium,1973,7,18,6071716
Yekaterinburg,1,52,8,needs,medium,1994,1,4,5938227
Yekaterinburg,2,80,13,needs,good,1984,5,10,12652867
Yekaterinburg,1,41,7,not_needs,medium,2013,18,32,6425543
Yekaterinburg,1,59,8,not_needs,good,1968,1,4,9097531
Yekaterinburg,2,88,9,absolutely_needs,bad,1970,3,22,7624451
Yekaterinburg,3,96,17,absolutely_needs,medium,2016,7,24,11773117
Yekaterinburg,2,75,12,not_needs,very bad,2000,5,14,8730315
Yekaterinburg,2,73,9,not_needs,good,1956,28,38,8392476
Yekaterinburg,2,80,12,needs,good,2014,35,35,12600582
Yekaterinburg,1,68,10,absolutely_needs,medium,1991,5,38,8110192
Yekaterinburg,1,57,11,needs,medium,1980,5,15,5719756
Yekaterinburg,5,101,17,not_needs,very good,1966,21,25,19525158
Yekaterinburg,1,56,7,not_needs,good,2007,6,15,10117725
Yekaterinburg,4,103,16,needs,bad,1985,26,28,11959788
Yekaterinburg,3,90,9,not_needs,bad,1956,3,3,7812889
Yekaterinburg,1,47,11,needs,very bad,1997,1,12,3798631
Yekaterinburg,2,77,9,not_needs,very good,1988,9,13,15423896
Yekaterinburg,3,90,14,absolutely_needs,very good,1982,5,7,13947318
Yekaterinburg,2,62,10,needs,bad,1966,31,33,5775815
Yekaterinburg,2,73,10,not_needs,bad,2024,2,7,10207952
Yekaterinburg,1,56,9,absolutely_needs,medium,1996,27,29,5477816
Yekaterinburg,4,99,12,not_needs,very bad,1969,12,21,7927178
Yekaterinburg,1,65,10,not_needs,medium,1972,3,21,7229684
Yekaterinburg,4,115,11,needs,good,1990,20,32,18086757
Yekaterinburg,1,69,9,needs,good,1973,7,11,9231788
Yekaterinburg,2,44,12,needs,good,2010,4,27,6511266
Yekaterinburg,2,93,13,not_needs,bad,1974,9,31,11145460
Yekaterinburg,2,85,10,absolutely_needs,good,1981,33,38,9489591
Yekaterinburg,1,64,12,not_needs,good,2015,32,38,13854798
Yekaterinburg,1,37,8,absolutely_needs,bad,1963,30,37,3130946
Yekaterinburg,2,75,15,absolutely_needs,very good,1969,5,7,10963755
Yekaterinburg,5,122,19,absolutely_needs,medium,1976,14,15,12395575
Yekaterinburg,1,59,7,needs,medium,2009,22,30,8455075
Yekaterinburg,1,39,9,absolutely_needs,medium,1981,17,33,4134439
Yekaterinburg,1,56,6,not_needs,bad,1969,14,17,5268813
Yekaterinburg,1,73,11,not_needs,good,2025,20,36,13551404
Yekaterinburg,3,112,17,not_needs,very good,1975,4,4,18571457
Yekaterinburg,4,92,13,absolutely_needs,medium,1968,5,35,7929125
Yekaterinburg,4,85,16,needs,medium,2003,5,18,11778936
Yekaterinburg,5,125,15,needs,medium,1957,2,26,13494818
Yekaterinburg,4,105,16,not_needs,medium,1963,29,32,14109199
Yekaterinburg,3,95,11,needs,medium,1986,3,22,9789864
Yekaterinburg,2,84,11,needs,medium,1993,1,5,10261144
Yekaterinburg,3,92,13,needs,bad,1969,9,37,8438545
Yekaterinburg,2,77,12,needs,medium,2020,3,38,10434672
Yekaterinburg,2,66,9,not_needs,medium,1960,31,37,7614847
Yekaterinburg,2,77,11,not_needs,very bad,1988,1,21,6420726
Yekaterinburg,1,35,14,needs,bad,1957,25,38,2545831
Yekaterinburg,1,60,8,needs,very bad,1978,5,16,4448842
Yekaterinburg,4,103,16,not_needs,medium,2003,4,12,17914584
Yekaterinburg,1,25,7,absolutely_needs,good,1970,3,29,2689145
Yekaterinburg,4,124,13,not_needs,medium,1990,13,29,16651857
Yekaterinburg,2,69,9,needs,medium,1975,15,19,8233124
Yekaterinburg,4,106,11,needs,bad,2019,1,26,13335247
Yekaterinburg,2,59,13,needs,bad,1973,6,36,4866303
Yekaterinburg,1,46,14,not_needs,very bad,1998,10,13,4271540
Yekaterinburg,3,93,13,not_needs,good,2001,7,13,18052896
Yekaterinburg,2,66,12,needs,very good,2007,12,13,12173119
Yekaterinburg,3,85,10,not_needs,bad,1987,10,38,11034095
Yekaterinburg,1,72,10,absolutely_needs,very good,1990,5,26,10260151
Yekaterinburg,5,130,20,not_needs,bad,1984,18,39,16211536
Yekaterinburg,2,80,10,not_needs,very good,1986,3,3,16167151
Yekaterinburg,2,60,8,not_needs,bad,2012,6,16,8481357
Yekaterinburg,2,59,12,not_needs,good,1980,5,18,10336253
Yekaterinburg,2,72,5,needs,medium,1987,6,6,9120291
Yekaterinburg,1,74,13,absolutely_needs,medium,1979,1,3,7759376
Yekaterinburg,3,82,14,not_needs,bad,2021,11,13,12161496
Yekaterinburg,1,60,12,not_needs,medium,1985,14,20,7447284
Yekaterinburg,2,73,9,not_needs,very good,1993,15,32,14266478
Yekaterinburg,1,59,10,not_needs,medium,1955,7,18,6893181
Yekaterinburg,2,86,9,not_needs,bad,1964,40,40,7428948
Yekaterinburg,2,50,10,needs,medium,2007,24,28,7330259
Yekaterinburg,1,69,6,not_needs,bad,1959,12,13,6006368
Yekaterinburg,3,102,20,not_needs,good,1985,9,12,17563271
Yekaterinburg,2,42,10,absolutely_needs,medium,1992,5,40,4870714
Yekaterinburg,1,62,9,not_needs,medium,1963,4,9,6409044
Yekaterinburg,2,75,10,not_needs,good,1965,6,12,11821970
Yekaterinburg,1,58,13,absolutely_needs,medium,2002,13,38,7206098
Yekaterinburg,3,91,13,absolutely_needs,bad,1996,18,32,8171704
Yekaterinburg,1,66,9,not_needs,very good,2003,16,39,14719279
Yekaterinburg,5,123,15,needs,very bad,1985,5,23,9492358
Yekaterinburg,3,96,11,needs,medium,2001,23,29,13627110
Yekaterinburg,4,92,17,needs,bad,1985,18,35,10630115
Yekaterinburg,2,70,18,needs,very good,1996,19,38,12980926
Yekaterinburg,1,73,8,needs,medium,2019,1,9,8882147
Yekaterinburg,2,77,14,not_needs,medium,2023,9,12,11909889
Yekaterinburg,2,86,10,needs,medium,1975,12,14,10007838
Yekaterinburg,3,105,18,needs,medium,1990,6,36,11203851
Yekaterinburg,2,64,13,absolutely_needs,medium,1958,7,20,5272948
Yekaterinburg,1,55,8,needs,medium,1982,17,26,6119440
Yekaterinburg,1,66,12,needs,very good,1955,13,20,9132248
Yekaterinburg,3,99,10,not_needs,good,1967,2,9,14247268
Yekaterinburg,4,119,13,needs,medium,1978,10,26,14817421
Yekaterinburg,1,54,13,not_needs,medium,1962,8,16,7065393
Yekaterinburg,2,94,13,needs,very good,1980,15,29,15555278
Yekaterinburg,2,72,10,not_needs,good,1969,2,4,11137226
Yekaterinburg,1,64,11,not_needs,good,1969,7,34,8385814
Yekaterinburg,1,63,11,absolutely_needs,medium,1978,7,23,6229824
Yekaterinburg,5,132,17,not_needs,medium,1955,10,36,16206274
Yekaterinburg,2,76,13,needs,medium,1972,19,22,8187589
Yekaterinburg,2,86,11,not_needs,good,1975,29,32,14280227
Yekaterinburg,3,90,14,not_needs,medium,2021,17,23,16580039
Yekaterinburg,2,62,11,needs,good,1957,1,10,6190124
Yekaterinburg,3,80,12,needs,medium,1980,15,29,8329020
Yekaterinburg,4,117,11,needs,good,1967,34,39,15466049
Yekaterinburg,3,93,13,not_needs,bad,1972,18,23,9990798
Yekaterinburg,1,64,9,needs,medium,2014,4,29,9808696
Yekaterinburg,5,128,13,not_needs,bad,2023,11,37,19170721
Yekaterinburg,1,59,8,not_needs,bad,2017,3,3,8532193
Yekaterinburg,1,76,9,not_needs,medium,1973,33,37,8535048
Yekaterinburg,2,79,16,not_needs,good,1962,12,13,10112403
Yekaterinburg,2,82,15,not_needs,bad,1975,10,20,9832615
Yekaterinburg,2,77,14,not_needs,bad,2017,4,34,9609416
Yekaterinburg,3,75,15,not_needs,very bad,2012,23,26,7760160
Yekaterinburg,2,102,9,not_needs,medium,2014,8,12,16134342
Yekaterinburg,1,62,13,absolutely_needs,medium,1983,12,22,6743730
Yekaterinburg,2,49,11,needs,medium,2014,24,25,6205022
Yekaterinburg,2,90,7,not_needs,medium,1987,4,36,11054487
Yekaterinburg,4,116,17,not_needs,good,1983,10,10,22155573
Yekaterinburg,2,74,12,needs,bad,2011,1,9,9239058
Yekaterinburg,2,99,11,needs,bad,1961,1,3,7086483
Yekaterinburg,3,115,16,needs,good,2025,12,23,22759040
Yekaterinburg,1,42,12,absolutely_needs,good,1989,6,10,4846458
Yekaterinburg,3,95,12,needs,medium,1981,7,14,11535330
Yekaterinburg,2,56,8,needs,medium,2018,6,19,9004471
Yekaterinburg,2,60,15,not_needs,bad,2001,38,39,8181525
Yekaterinburg,3,110,10,needs,bad,1982,32,37,11181040
Yekaterinburg,4,104,10,not_needs,good,1965,4,37,15330927
Yekaterinburg,2,66,9,absolutely_needs,good,1993,34,39,8129997
Yekaterinburg,2,73,12,not_needs,good,1977,3,6,11049300
Yekaterinburg,1,75,9,not_needs,bad,1968,1,3,6852534
Yekaterinburg,3,88,13,absolutely_needs,bad,1994,33,36,8830728
Yekaterinburg,4,104,17,absolutely_needs,good,1979,16,33,13109853
Yekaterinburg,1,41,6,not_needs,very good,2007,5,25,10391974
Yekaterinburg,4,107,8,needs,medium,1980,15,22,14274938
Yekaterinburg,3,126,13,not_needs,medium,2021,9,40,20341183
Yekaterinburg,1,56,9,needs,medium,1965,27,32,6465397
Yekaterinburg,1,47,9,absolutely_needs,medium,2004,4,27,5484009
Yekaterinburg,1,67,6,absolutely_needs,good,1973,2,11,7659376
Yekaterinburg,2,73,13,not_needs,very good,1961,18,19,11871952
Yekaterinburg,4,105,15,not_needs,good,1988,3,7,20987536
Yekaterinburg,5,144,17,needs,very good,1962,13,26,21810018
Yekaterinburg,2,68,15,not_needs,very good,1971,5,33,12978552
Yekaterinburg,5,130,15,needs,bad,1963,6,19,12393971
Yekaterinburg,1,66,5,not_needs,bad,1989,5,12,7661401
Yekaterinburg,4,112,12,needs,medium,1980,7,23,14208000
Yekaterinburg,2,71,10,absolutely_needs,bad,1994,24,26,6723181
Yekaterinburg,1,72,9,not_needs,bad,1998,13,38,8261637
Yekaterinburg,1,52,10,absolutely_needs,good,1984,22,25,5680384
Yekaterinburg,1,51,11,not_needs,very bad,1994,3,4,5798925
Yekaterinburg,1,51,11,needs,bad,1972,38,39,4823753
Yekaterinburg,2,68,12,needs,medium,2016,9,21,9543806
Yekaterinburg,2,55,13,needs,very bad,2003,8,16,5030608
Yekaterinburg,4,103,14,needs,medium,1993,7,40,14399165
Yekaterinburg,2,86,13,not_needs,medium,2018,20,30,14384632
Yekaterinburg,3,101,9,absolutely_needs,bad,1970,15,39,8094287
Yekaterinburg,3,96,11,needs,good,1985,18,27,13215932
Yekaterinburg,2,84,9,needs,medium,2025,6,9,11709440
Yekaterinburg,3,86,13,absolutely_needs,very good,1961,23,37,11821613
Yekaterinburg,2,97,5,not_needs,bad,2001,5,18,11756458
Yekaterinburg,2,81,14,needs,medium,1988,1,17,9087178
Yekaterinburg,3,106,9,needs,very bad,2011,5,19,9821372
Yekaterinburg,2,96,11,needs,medium,1985,4,11,10412328
Yekaterinburg,3,92,16,not_needs,medium,1972,5,13,12376454
Yekaterinburg,1,52,12,not_needs,bad,2014,7,8,6867267
Yekaterinburg,5,136,14,not_needs,very bad,1994,10,30,13246311
Yekaterinburg,1,60,13,needs,medium,2016,7,7,8008242
Yekaterinburg,5,133,17,not_needs,good,1974,6,21,24606870
Yekaterinburg,2,77,7,needs,very bad,1955,16,28,5541687
Yekaterinburg,5,116,18,absolutely_needs,bad,2024,4,4,11694067
Yekaterinburg,3,96,15,needs,good,2024,18,19,18102404
Yekaterinburg,3,80,14,needs,good,1973,19,23,10110792
Yekaterinburg,5,145,20,not_needs,medium,1990,10,12,21585717
Yekaterinburg,2,75,8,not_needs,good,1992,11,16,11779975
Yekaterinburg,2,77,6,needs,good,2001,5,8,13160051
Yekaterinburg,2,78,15,needs,good,1971,26,27,10968568
Yekaterinburg,3,99,13,needs,bad,2005,19,20,12340184
Yekaterinburg,1,64,13,needs,very good,1989,34,38,11622167
Yekaterinburg,2,89,10,not_needs,medium,1983,23,33,12611521
Yekaterinburg,1,51,5,absolutely_needs,very good,2020,25,38,8759490
Yekaterinburg,1,35,5,needs,very good,2011,20,34,6465800
Yekaterinburg,3,100,11,needs,good,2018,16,25,17904259
Yekaterinburg,4,81,14,needs,bad,1988,9,32,9297829
Yekaterinburg,2,85,7,not_needs,very good,2017,19,34,18209153
Yekaterinburg,3,90,14,not_needs,very bad,1973,7,30,7562793
Yekaterinburg,2,81,15,absolutely_needs,medium,1997,8,9,7882500
Yekaterinburg,2,79,10,not_needs,bad,1964,3,5,7922277
Yekaterinburg,3,91,11,needs,medium,1981,3,7,10297125
Yekaterinburg,3,74,15,not_needs,very good,1995,2,15,15854551
Yekaterinburg,1,46,8,needs,good,1974,1,40,6228846
Yekaterinburg,3,71,14,not_needs,good,2010,13,35,14764356
Yekaterinburg,5,139,19,not_needs,very good,1974,20,27,24980756
Yekaterinburg,2,74,13,needs,medium,1983,3,18,9677224
Yekaterinburg,2,68,7,needs,medium,1964,22,23,7677173
Yekaterinburg,4,89,16,needs,medium,2011,11,22,11863033
Yekaterinburg,4,112,15,not_needs,medium,2025,4,24,18936477
Yekaterinburg,4,114,12,not_needs,bad,1995,20,27,13304090
Yekaterinburg,1,64,7,absolutely_needs,medium,1993,10,11,6726068
Yekaterinburg,1,45,7,needs,good,2011,6,8,6770619
Yekaterinburg,2,70,11,absolutely_needs,good,1958,22,28,7206801
Yekaterinburg,2,73,14,not_needs,very bad,1966,25,39,6650263
Yekaterinburg,1,57,9,needs,medium,1984,11,11,6444417
Yekaterinburg,1,59,12,absolutely_needs,very bad,2009,1,25,5168272
Yekaterinburg,5,123,16,not_needs,good,2000,31,40,21343031
Yekaterinburg,2,76,11,not_needs,medium,2003,2,5,12837173
Yekaterinburg,3,90,13,needs,very bad,1969,21,22,6940854
Yekaterinburg,1,52,5,needs,medium,2000,12,18,7301674
Yekaterinburg,2,64,13,absolutely_needs,good,2004,1,29,9254076
Yekaterinburg,2,66,12,needs,medium,2001,12,24,9428379
Yekaterinburg,4,98,19,needs,very good,2015,7,10,20511313
Yekaterinburg,5,108,20,needs,bad,1989,16,37,12078286
Yekaterinburg,2,68,13,needs,medium,1955,5,6,7087646
Yekaterinburg,2,87,10,absolutely_needs,good,1974,10,15,9714088
Yekaterinburg,2,64,14,absolutely_needs,medium,2011,4,6,8126349
Yekaterinburg,2,95,15,not_needs,medium,1976,10,22,12959444
Yekaterinburg,2,55,12,absolutely_needs,medium,1969,15,29,5321702
Yekaterinburg,2,80,12,not_needs,very good,1989,24,30,18483141
Yekaterinburg,3,84,13,needs,bad,2004,12,15,10502101
Yekaterinburg,2,81,14,absolutely_needs,good,2023,11,23,11053002
Yekaterinburg,1,61,11,absolutely_needs,medium,2007,20,35,6734399
Yekaterinburg,2,98,9,needs,very good,1988,18,18,16319952
Yekaterinburg,1,61,8,not_needs,medium,1970,8,8,7741629
Yekaterinburg,4,124,18,needs,medium,1968,1,31,13536769
Yekaterinburg,1,61,14,absolutely_needs,good,2009,31,40,8185324
Yekaterinburg,3,82,13,absolutely_needs,bad,1988,16,40,6370031
Yekaterinburg,2,74,13,needs,medium,2017,23,29,9077811
Yekaterinburg,5,131,15,needs,good,2010,17,19,23504602
Yekaterinburg,5,127,17,not_needs,medium,2019,26,40,23302642
Yekaterinburg,2,100,11,not_needs,bad,1959,27,27,8140300
Yekaterinburg,2,69,9,needs,medium,1997,32,37,9229725
Yekaterinburg,1,50,12,absolutely_needs,medium,1978,2,30,4484450
Yekaterinburg,1,64,9,not_needs,medium,1995,2,28,9894836
Yekaterinburg,3,102,11,not_needs,medium,2018,4,16,16538329
Yekaterinburg,5,117,17,needs,good,1965,4,12,15957161
Yekaterinburg,2,79,13,not_needs,medium,2019,6,7,13813680
Yekaterinburg,4,117,16,not_needs,medium,2017,1,26,18475802
Yekaterinburg,1,58,8,absolutely_needs,very good,1982,3,23,7693727
Yekaterinburg,1,56,10,needs,good,1988,6,28,9087008
Yekaterinburg,2,65,11,needs,good,1959,10,10,7687580
Yekaterinburg,3,72,13,needs,very good,1967,7,21,10141401
Yekaterinburg,3,99,14,needs,good,1991,5,13,13687680
Yekaterinburg,3,108,14,needs,good,2011,15,25,16161426
Yekaterinburg,2,77,10,needs,medium,2023,3,5,10482805
Yekaterinburg,3,82,9,not_needs,good,2007,18,20,17142862
Yekaterinburg,1,46,8,not_needs,very good,1972,18,23,9509986
Yekaterinburg,1,55,9,absolutely_needs,bad,1980,4,5,5133211
Yekaterinburg,2,87,11,needs,good,2019,4,4,13446643
Yekaterinburg,2,84,11,needs,medium,1978,34,38,9813947
Yekaterinburg,2,70,16,not_needs,good,1999,5,11,13655290
Yekaterinburg,2,50,16,needs,medium,2022,4,23,6338515
Yekaterinburg,3,85,13,needs,medium,1981,8,40,9972982
Yekaterinburg,1,54,9,absolutely_needs,bad,1975,17,28,4042385
Yekaterinburg,3,98,14,needs,good,2012,19,28,14591425
Yekaterinburg,2,79,14,absolutely_needs,good,1979,10,11,8871370
Yekaterinburg,4,104,13,needs,good,1961,6,10,12033889
Yekaterinburg,3,77,11,not_needs,medium,1971,1,4,8996155
Yekaterinburg,5,138,18,not_needs,good,1997,7,35,29299794
Yekaterinburg,3,104,13,needs,good,2013,8,38,17721651
Yekaterinburg,4,110,13,needs,bad,1957,14,24,8725878
Yekaterinburg,3,94,17,not_needs,medium,1994,10,34,14971812
Yekaterinburg,3,88,13,not_needs,medium,2003,23,30,14697088
Yekaterinburg,1,57,5,absolutely_needs,bad,2015,11,22,6131195
Yekaterinburg,2,75,10,needs,very bad,1976,8,25,5201510
Yekaterinburg,2,58,10,not_needs,medium,1983,2,5,8807632
Yekaterinburg,2,100,10,needs,medium,2020,10,26,14044401
Yekaterinburg,4,125,13,needs,medium,2005,32,32,17771562
Yekaterinburg,1,74,13,not_needs,bad,1973,19,20,8366594
Yekaterinburg,3,82,13,needs,medium,1996,22,31,9589844
Yekaterinburg,4,89,12,absolutely_needs,good,1983,11,30,12695020
Yekaterinburg,4,119,15,not_needs,medium,1987,8,11,17492140
Yekaterinburg,1,53,9,needs,good,2024,14,21,9243791
Yekaterinburg,1,49,13,not_needs,very bad,1961,13,16,3755555
Yekaterinburg,2,85,14,not_needs,bad,1961,2,10,8885687
Yekaterinburg,1,54,8,needs,good,2024,3,31,9812004
Yekaterinburg,3,110,15,needs,very good,2000,24,28,18598409
Yekaterinburg,1,50,10,needs,very good,1986,6,13,8216438
Yekaterinburg,1,66,9,needs,medium,2008,2,11,9058904
Yekaterinburg,2,69,12,needs,good,2000,7,7,10530253
Yekaterinburg,5,130,20,not_needs,medium,1957,34,39,15344665
Yekaterinburg,4,115,13,needs,good,1959,11,23,14232776
Yekaterinburg,4,119,15,needs,very bad,2018,16,27,11903582
Yekaterinburg,1,55,5,not_needs,very good,1973,14,19,10140495
Yekaterinburg,3,79,10,needs,medium,1970,6,12,8832696
Yekaterinburg,4,105,13,needs,medium,1999,17,24,15407090
Yekaterinburg,1,54,10,needs,good,2014,2,5,9279548
Yekaterinburg,2,76,8,needs,medium,2025,10,13,10311188
Yekaterinburg,2,63,8,not_needs,good,1976,7,7,10407990
Yekaterinburg,2,81,9,absolutely_needs,good,1982,2,3,10584763
Yekaterinburg,2,56,10,absolutely_needs,very good,1972,3,29,7424266
Yekaterinburg,1,59,12,absolutely_needs,medium,2020,4,26,6539028
Yekaterinburg,2,72,11,not_needs,medium,1990,9,39,11089094
Yekaterinburg,4,107,17,not_needs,bad,1969,24,32,13450858
Yekaterinburg,3,83,14,absolutely_needs,very bad,1976,12,17,6178563
Yekaterinburg,2,66,14,not_needs,good,2004,1,11,10463499
Yekaterinburg,1,58,11,not_needs,medium,2010,4,25,9940033
Yekaterinburg,3,98,14,not_needs,medium,1960,1,27,9469257
Yekaterinburg,2,68,13,not_needs,very bad,1976,17,18,5523466
Yekaterinburg,2,79,10,not_needs,very good,2021,31,38,19119245
Yekaterinburg,1,47,12,absolutely_needs,good,1981,1,22,5106448
Yekaterinburg,3,88,14,needs,bad,1957,1,5,6137772
Yekaterinburg,2,74,10,not_needs,medium,1993,3,4,11397935
Yekaterinburg,3,93,11,not_needs,medium,1984,11,27,14080481
Yekaterinburg,1,71,9,needs,medium,2008,13,18,10499381
Yekaterinburg,1,41,7,not_needs,bad,2017,9,37,5092809
Yekaterinburg,4,128,10,needs,medium,1960,18,20,13937032
Yekaterinburg,3,84,12,absolutely_needs,medium,1979,4,22,8897850
Yekaterinburg,2,73,11,absolutely_needs,bad,1960,10,29,4781499
Yekaterinburg,2,95,8,needs,medium,1956,23,30,9752663
Yekaterinburg,1,60,9,needs,very bad,1989,21,33,5510016
Yekaterinburg,3,104,12,not_needs,medium,1960,16,18,10677338
Yekaterinburg,4,103,12,needs,good,2016,7,21,18587903
Yekaterinburg,5,87,16,needs,medium,2010,11,35,13919261
Nizhny Novgorod,5,144,17,not_needs,good,2000,8,28,23487915
Nizhny Novgorod,1,41,8,not_needs,bad,1962,20,37,4050622
Nizhny Novgorod,3,98,12,not_needs,medium,2011,15,29,13378180
Nizhny Novgorod,3,101,7,needs,good,2017,2,14,15737199
Nizhny Novgorod,2,65,14,not_needs,good,1979,16,20,9122468
Nizhny Novgorod,2,66,8,not_needs,very good,1997,13,33,15149636
Nizhny Novgorod,4,106,17,not_needs,bad,2015,7,24,13606881
Nizhny Novgorod,2,83,9,absolutely_needs,very bad,2015,31,35,7659268
Nizhny Novgorod,1,61,10,not_needs,good,2023,5,6,11496701
Nizhny Novgorod,3,88,18,absolutely_needs,medium,1969,1,4,8330953
Nizhny Novgorod,2,55,11,not_needs,medium,1986,6,6,7519890
Nizhny Novgorod,3,105,12,needs,very bad,1985,1,5,7979923
Nizhny Novgorod,2,81,12,not_needs,good,1983,13,39,11143526
Nizhny Novgorod,3,95,17,absolutely_needs,bad,1998,27,29,9322898
Nizhny Novgorod,1,40,13,needs,very good,1969,21,33,5465542
Nizhny Novgorod,1,56,10,needs,medium,2019,19,28,8425222
Nizhny Novgorod,3,104,14,needs,bad,1964,8,32,9393145
Nizhny Novgorod,2,89,10,needs,bad,2016,13,24,10967851
Nizhny Novgorod,1,43,12,needs,bad,1970,24,32,4097790
Nizhny Novgorod,2,85,14,needs,medium,2012,2,5,11702666
Nizhny Novgorod,1,64,11,not_needs,bad,1996,2,23,8265060
Nizhny Novgorod,1,63,10,not_needs,medium,1986,9,37,7738984
Nizhny Novgorod,1,66,7,needs,very good,1961,8,11,8598605
Nizhny Novgorod,2,66,9,not_needs,medium,1977,8,15,7410717
Nizhny Novgorod,3,92,11,absolutely_needs,good,2024,3,36,13224100
Nizhny Novgorod,1,45,11,needs,very good,1959,34,40,5868011
Nizhny Novgorod,1,58,5,needs,bad,1995,7,14,5766288
Nizhny Novgorod,2,83,14,absolutely_needs,good,2025,28,33,13336130
Nizhny Novgorod,2,64,15,needs,bad,2011,1,14,7019952
Nizhny Novgorod,3,93,13,needs,medium,1975,20,39,8926735
Nizhny Novgorod,5,133,18,not_needs,medium,1984,3,22,19308662
Nizhny Novgorod,1,63,13,absolutely_needs,medium,1981,3,5,5624214
Nizhny Novgorod,5,135,22,not_needs,very good,1979,12,40,27796066
Nizhny Novgorod,5,99,20,not_needs,good,1988,4,10,16914270
Nizhny Novgorod,1,64,9,absolutely_needs,medium,1982,9,40,6901260
Nizhny Novgorod,1,57,9,needs,medium,2025,13,17,7252097
Nizhny Novgorod,2,91,9,needs,bad,1969,3,6,7640702
Nizhny Novgorod,3,108,13,needs,good,1996,6,16,16818171
Nizhny Novgorod,4,104,15,needs,medium,2017,16,17,13301102
Nizhny Novgorod,2,70,16,absolutely_needs,very good,1985,13,29,11681156
Nizhny Novgorod,2,77,14,not_needs,medium,1991,6,6,9236392
Nizhny Novgorod,2,77,13,not_needs,bad,2020,3,4,10618218
Nizhny Novgorod,3,76,12,absolutely_needs,good,1991,4,7,10472854
Nizhny Novgorod,4,141,15,not_needs,good,2025,1,3,28159801
Nizhny Novgorod,3,108,14,not_needs,good,1968,7,12,13125783
Nizhny Novgorod,1,71,11,needs,medium,2007,7,11,8172106
Nizhny Novgorod,1,39,9,needs,good,1966,32,40,4593971
Nizhny Novgorod,1,44,11,absolutely_needs,medium,2015,15,39,5087288
Nizhny Novgorod,3,75,15,needs,very good,1976,12,17,12766340
Nizhny Novgorod,2,60,10,needs,medium,1965,1,9,6075212
Nizhny Novgorod,3,76,12,not_needs,medium,1989,25,29,9601977
Nizhny Novgorod,2,86,16,needs,medium,1960,19,35,7526285
Nizhny Novgorod,5,130,15,not_needs,medium,1962,17,19,14929009
Nizhny Novgorod,2,84,13,needs,bad,2016,6,8,10034946
Nizhny Novgorod,2,71,17,absolutely_needs,bad,1984,14,33,6577755
Nizhny Novgorod,4,114,15,not_needs,bad,2015,7,37,17352670
Nizhny Novgorod,2,94,9,needs,very good,2009,14,28,16561474
Nizhny Novgorod,3,80,13,not_needs,good,1974,3,5,11351527
Nizhny Novgorod,1,46,9,not_needs,very bad,1964,2,5,3966779
Nizhny Novgorod,3,99,13,not_needs,medium,1980,15,26,13654586
Nizhny Novgorod,4,113,14,not_needs,medium,1987,2,5,18024215
Nizhny Novgorod,1,42,5,needs,medium,1995,21,26,4632402
Nizhny Novgorod,1,46,7,absolutely_needs,good,1962,12,23,4949160
Nizhny Novgorod,1,52,11,needs,very good,1965,18,36,6926613
Nizhny Novgorod,1,47,6,needs,good,2022,7,40,6977716
Nizhny Novgorod,1,61,9,needs,medium,1998,1,3,7572028
Nizhny Novgorod,4,106,15,absolutely_needs,bad,2022,16,33,10803607
Nizhny Novgorod,1,68,11,needs,very bad,1997,9,25,5388989
Nizhny Novgorod,1,70,12,not_needs,very good,2005,15,38,15518429
Nizhny Novgorod,2,88,10,not_needs,medium,1995,27,27,11525248
Nizhny Novgorod,1,52,10,not_needs,medium,1973,22,28,5604868
Nizhny Novgorod,2,66,13,absolutely_needs,good,1978,3,12,6634051
Nizhny Novgorod,1,56,10,needs,medium,1965,2,40,4875478
Nizhny Novgorod,4,109,17,needs,medium,2000,14,35,14170577
Nizhny Novgorod,2,103,11,needs,good,1969,31,40,12284334
Nizhny Novgorod,2,69,9,not_needs,good,1991,2,4,12656775
Nizhny Novgorod,2,71,9,not_needs,very bad,1976,5,18,5413812
Nizhny Novgorod,4,105,14,not_needs,medium,1991,9,32,15518260
Nizhny Novgorod,2,65,8,not_needs,medium,1958,1,14,7152495
Nizhny Novgorod,1,62,8,not_needs,very bad,1971,31,39,5206321
Nizhny Novgorod,2,46,15,not_needs,good,2018,9,20,7964606
Nizhny Novgorod,3,96,14,not_needs,bad,1959,2,14,9641130
Nizhny Novgorod,3,90,12,absolutely_needs,medium,1971,16,39,7079330
Nizhny Novgorod,2,72,13,not_needs,medium,2010,2,13,11341062
Nizhny Novgorod,3,89,11,needs,medium,1960,14,34,8109407
Nizhny Novgorod,5,139,18,not_needs,good,1991,1,19,24066365
Nizhny Novgorod,1,81,10,not_needs,very bad,2003,5,5,7098209
Nizhny Novgorod,1,55,6,absolutely_needs,medium,2008,15,28,6504201
Nizhny Novgorod,4,96,13,not_needs,good,1973,8,23,14924686
Nizhny Novgorod,1,61,10,needs,bad,1989,7,7,6414238
Nizhny Novgorod,2,74,13,absolutely_needs,medium,2019,7,18,9046294
Nizhny Novgorod,2,70,11,needs,very bad,1970,3,7,5236780
Nizhny Novgorod,3,98,17,needs,bad,2011,7,24,10569607
Nizhny Novgorod,3,82,16,not_needs,good,1983,5,20,13327308
Nizhny Novgorod,2,57,16,not_needs,very bad,1981,1,8,4910101
Nizhny Novgorod,1,68,8,needs,very good,2011,1,23,11138274
Nizhny Novgorod,4,118,13,needs,very good,1992,11,29,21616005
Nizhny Novgorod,3,99,15,needs,medium,2023,5,6,12087171
Nizhny Novgorod,2,93,8,not_needs,medium,2012,6,11,13494823
Nizhny Novgorod,4,105,17,absolutely_needs,very good,1965,6,19,13586341
Nizhny Novgorod,2,78,11,not_needs,good,2018,1,34,15937915
Nizhny Novgorod,2,40,16,not_needs,good,2016,14,22,7520837
Nizhny Novgorod,2,94,12,needs,bad,1984,8,16,10046243
Nizhny Novgorod,5,128,20,absolutely_needs,bad,1962,4,10,8764504
Nizhny Novgorod,3,85,15,not_needs,good,1991,26,39,14074378
Nizhny Novgorod,1,52,11,not_needs,medium,2007,8,9,7244382
Nizhny Novgorod,5,108,19,needs,good,2007,3,20,16076634
Nizhny Novgorod,5,140,16,needs,bad,1982,13,31,15003968
Nizhny Novgorod,1,60,8,needs,very good,1991,12,17,10006205
Nizhny Novgorod,4,124,14,absolutely_needs,medium,1978,16,29,11738979
Nizhny Novgorod,1,69,11,not_needs,medium,1957,19,21,7673633
Nizhny Novgorod,3,92,14,needs,good,2010,25,25,14558315
Nizhny Novgorod,2,91,11,needs,medium,1978,4,15,9981050
Nizhny Novgorod,5,125,23,needs,bad,2010,16,20,16626995
Nizhny Novgorod,3,88,14,needs,bad,1965,8,26,7105857
Nizhny Novgorod,2,57,9,not_needs,medium,2012,1,26,8950640
Nizhny Novgorod,1,75,8,needs,very bad,2005,27,37,7257540
Nizhny Novgorod,4,96,12,not_needs,medium,2015,2,39,18101662
Nizhny Novgorod,1,59,11,not_needs,medium,1975,3,6,6717379
Nizhny Novgorod,3,107,17,not_needs,medium,1972,1,3,12253335
Nizhny Novgorod,4,93,21,not_needs,medium,1999,8,18,13692589
Nizhny Novgorod,4,114,16,not_needs,very bad,1973,18,33,10360948
Nizhny Novgorod,3,101,16,not_needs,bad,2021,2,6,12661069
Nizhny Novgorod,2,74,10,needs,very bad,1990,18,22,5509262
Nizhny Novgorod,3,80,13,needs,bad,2009,2,26,9634114
Nizhny Novgorod,1,56,6,not_needs,bad,1983,15,21,5574311
Nizhny Novgorod,3,83,12,absolutely_needs,very good,2010,32,40,15716264
Nizhny Novgorod,3,104,14,needs,medium,1955,11,13,9195074
Nizhny Novgorod,4,113,14,not_needs,very good,1967,22,32,23644923
Nizhny Novgorod,3,75,10,needs,very bad,1991,5,8,5921542
Nizhny Novgorod,3,91,8,needs,bad,1971,25,34,7190625
Nizhny Novgorod,2,71,12,not_needs,medium,1976,14,14,7750604
Nizhny Novgorod,2,81,10,not_needs,good,1995,2,5,15005203
Nizhny Novgorod,4,119,13,needs,medium,1990,21,21,14421425
Nizhny Novgorod,5,126,19,needs,bad,1980,36,36,11750372
Nizhny Novgorod,4,102,14,needs,good,1956,13,19,12882203
Nizhny Novgorod,2,67,11,needs,very bad,1975,2,27,5325740
Nizhny Novgorod,1,54,14,not_needs,bad,2001,7,17,5754067
Nizhny Novgorod,2,77,13,absolutely_needs,medium,1963,22,28,7128055
Nizhny Novgorod,4,109,13,not_needs,medium,2014,22,30,16024552
Nizhny Novgorod,2,88,11,needs,bad,1967,8,28,6817786
Nizhny Novgorod,1,69,10,needs,medium,2018,14,26,10665816
Nizhny Novgorod,1,58,5,not_needs,very good,2017,33,35,15333178
Nizhny Novgorod,3,115,11,absolutely_needs,good,1970,3,15,11901416
Nizhny Novgorod,2,99,9,absolutely_needs,good,1977,9,15,11345992
Nizhny Novgorod,3,96,13,needs,good,1969,8,27,12366226
Nizhny Novgorod,4,108,15,not_needs,medium,2006,4,12,15923751
Nizhny Novgorod,2,62,7,not_needs,bad,2003,22,39,7366040
Nizhny Novgorod,3,95,12,needs,very bad,1980,10,24,6756936
Nizhny Novgorod,4,100,10,needs,good,1982,13,17,15848591
Nizhny Novgorod,2,86,15,not_needs,bad,2000,10,19,9933765
Nizhny Novgorod,1,43,10,not_needs,medium,2022,12,36,7241293
Nizhny Novgorod,3,97,12,not_needs,good,1956,4,18,11336367
Nizhny Novgorod,3,63,12,absolutely_needs,good,1982,10,31,6987911
Nizhny Novgorod,2,67,12,needs,medium,2021,1,10,9007751
Nizhny Novgorod,3,81,16,absolutely_needs,medium,2019,35,38,9141793
Nizhny Novgorod,5,138,16,absolutely_needs,medium,1982,27,28,14815055
Nizhny Novgorod,3,100,12,needs,good,2019,15,35,18240902
Nizhny Novgorod,3,100,10,needs,medium,1979,4,7,11371508
Nizhny Novgorod,3,86,15,needs,medium,2005,8,28,10227038
Nizhny Novgorod,1,47,12,needs,bad,2005,17,27,5053016
Nizhny Novgorod,2,64,17,not_needs,medium,2021,21,24,10778580
Nizhny Novgorod,4,92,18,not_needs,very bad,1981,21,34,8099789
Nizhny Novgorod,1,46,13,not_needs,very bad,1978,5,23,4487525
Nizhny Novgorod,1,45,10,needs,bad,1991,4,33,4591419
Nizhny Novgorod,2,80,11,needs,very good,1989,10,23,13850296
Nizhny Novgorod,2,65,12,not_needs,medium,1958,1,7,5976925
Nizhny Novgorod,2,75,10,not_needs,medium,2004,6,7,11777890
Nizhny Novgorod,5,129,20,needs,medium,1962,29,39,12102426
Nizhny Novgorod,3,99,13,absolutely_needs,very good,1994,12,33,15648090
Nizhny Novgorod,4,96,12,needs,medium,2011,2,11,13971082
Nizhny Novgorod,3,93,12,absolutely_needs,medium,2007,13,18,11387080
Nizhny Novgorod,3,83,14,needs,good,1968,18,26,10216404
Nizhny Novgorod,2,90,10,absolutely_needs,very bad,1975,1,6,4922314
Nizhny Novgorod,2,80,13,not_needs,bad,1999,15,21,10917985
Nizhny Novgorod,3,61,10,not_needs,very good,1960,35,36,9543716
Nizhny Novgorod,1,61,11,not_needs,medium,1957,15,16,6313793
Nizhny Novgorod,3,81,11,not_needs,very bad,1990,1,4,6895873
Nizhny Novgorod,3,79,16,needs,medium,2006,4,5,10752093
Nizhny Novgorod,3,101,13,absolutely_needs,very bad,1956,27,30,6107681
Nizhny Novgorod,2,73,8,not_needs,bad,2023,28,36,10615229
Nizhny Novgorod,1,48,10,needs,bad,1997,5,6,4760143
Nizhny Novgorod,2,56,7,absolutely_needs,bad,1957,6,27,3683844
Nizhny Novgorod,1,53,7,not_needs,medium,2005,2,6,7973577
Nizhny Novgorod,3,84,17,not_needs,bad,2007,7,26,11067848
Nizhny Novgorod,4,122,13,absolutely_needs,very good,2011,16,17,21491746
Nizhny Novgorod,2,95,10,needs,medium,1962,7,18,9530189
Nizhny Novgorod,4,121,14,absolutely_needs,medium,2004,28,35,15923791
Nizhny Novgorod,1,72,6,needs,medium,1982,13,20,7027551
Nizhny Novgorod,4,119,17,not_needs,good,2008,8,19,21554173
Nizhny Novgorod,1,42,11,not_needs,good,1994,22,26,6700541
Nizhny Novgorod,2,68,5,not_needs,bad,1972,17,19,7352741
Nizhny Novgorod,2,66,10,not_needs,medium,1978,9,17,8522282
Nizhny Novgorod,3,80,16,not_needs,medium,2021,14,26,12549397
Nizhny Novgorod,3,90,9,needs,very bad,2024,22,24,8557855
Nizhny Novgorod,3,74,10,needs,medium,2005,11,28,10133254
Nizhny Novgorod,3,80,14,needs,medium,2023,16,23,11085907
Nizhny Novgorod,4,104,12,needs,medium,1961,2,16,11132450
Nizhny Novgorod,2,106,13,absolutely_needs,medium,1996,3,22,10873458
Nizhny Novgorod,1,47,8,needs,good,2012,1,25,6982156
Nizhny Novgorod,4,125,19,absolutely_needs,good,2017,10,20,17247503
Nizhny Novgorod,4,101,13,not_needs,medium,2001,10,36,15497135
Nizhny Novgorod,2,63,12,needs,bad,1980,36,38,5516518
Nizhny Novgorod,1,51,7,not_needs,very good,1963,9,36,7845722
Nizhny Novgorod,3,108,13,not_needs,medium,1976,8,15,14160080
Nizhny Novgorod,3,82,17,absolutely_needs,bad,2018,2,8,9055390
Nizhny Novgorod,5,141,14,not_needs,very good,1960,4,6,25242063
Nizhny Novgorod,3,67,15,not_needs,medium,1984,2,6,7662095
Nizhny Novgorod,1,34,8,absolutely_needs,medium,1975,2,3,3401559
Nizhny Novgorod,3,90,14,not_needs,medium,2001,12,22,11581038
Nizhny Novgorod,3,110,9,needs,medium,2018,25,27,15193895
Nizhny Novgorod,3,63,17,not_needs,bad,2022,5,5,9268316
Nizhny Novgorod,3,91,12,absolutely_needs,medium,2022,4,8,11258534
Nizhny Novgorod,3,70,18,needs,medium,1961,1,4,6454715
Nizhny Novgorod,2,89,14,not_needs,bad,1984,7,27,9947066
Nizhny Novgorod,1,59,11,needs,very good,1985,19,20,9192615
Nizhny Novgorod,3,104,13,needs,good,1961,1,39,12650817
Nizhny Novgorod,1,59,9,absolutely_needs,medium,1967,23,26,5363814
Nizhny Novgorod,2,81,11,needs,very bad,2016,13,34,8509865
Nizhny Novgorod,3,94,16,needs,very good,1968,7,8,12866588
Nizhny Novgorod,4,90,14,needs,bad,1956,5,6,7670679
Nizhny Novgorod,2,58,7,needs,very bad,1991,1,8,3946758
Nizhny Novgorod,4,121,14,needs,medium,2008,29,37,16408372
Nizhny Novgorod,4,108,11,needs,medium,1970,3,21,10652281
Nizhny Novgorod,1,80,9,not_needs,good,1955,28,30,8810123
Nizhny Novgorod,4,98,12,absolutely_needs,medium,2000,24,29,10787557
Nizhny Novgorod,1,74,8,not_needs,very bad,1957,1,33,5686118
Nizhny Novgorod,1,62,6,needs,good,2012,8,11,9148763
Nizhny Novgorod,4,92,16,not_needs,medium,1959,11,18,9597901
Nizhny Novgorod,2,67,11,needs,medium,1991,8,24,7018599
Nizhny Novgorod,2,75,11,not_needs,medium,2010,16,20,10847067
Nizhny Novgorod,1,42,8,not_needs,good,1998,10,26,6661278
Nizhny Novgorod,4,116,16,absolutely_needs,very bad,1979,13,24,7982518
Nizhny Novgorod,1,64,9,not_needs,bad,2024,18,20,9004334
Nizhny Novgorod,1,53,5,needs,good,1995,3,8,7670485
Nizhny Novgorod,2,70,8,not_needs,medium,1986,7,10,10419529
Nizhny Novgorod,3,88,11,not_needs,medium,1998,9,15,12043173
Nizhny Novgorod,2,71,16,absolutely_needs,good,1998,2,16,8559692
Nizhny Novgorod,1,57,13,needs,medium,2018,17,23,8476495
Nizhny Novgorod,2,102,11,not_needs,medium,2013,4,17,15340666
Nizhny Novgorod,4,107,9,needs,good,1981,20,29,16228070
Nizhny Novgorod,2,78,14,not_needs,good,2002,5,9,13877961
Nizhny Novgorod,3,101,11,not_needs,very good,1977,19,25,20593937
Nizhny Novgorod,2,74,9,not_needs,good,1956,22,23,8187218
Nizhny Novgorod,4,111,12,needs,very bad,1986,1,29,9125972
Nizhny Novgorod,3,94,11,not_needs,good,2013,9,36,15864693
Nizhny Novgorod,2,55,10,needs,very bad,1982,8,19,3948768
Nizhny Novgorod,1,62,12,not_needs,bad,2001,11,11,7786123
Nizhny Novgorod,1,55,7,needs,bad,2013,15,33,6256242
Nizhny Novgorod,2,52,12,not_needs,medium,2010,6,8,8384954
Nizhny Novgorod,3,92,14,not_needs,medium,1988,24,32,12405025
Nizhny Novgorod,1,47,5,needs,medium,1991,2,8,5514808
Nizhny Novgorod,5,128,16,needs,very good,1991,13,14,21034288
Nizhny Novgorod,5,110,18,needs,good,1958,1,17,13572452
Nizhny Novgorod,5,135,22,not_needs,medium,1986,23,31,21200537
Nizhny Novgorod,3,91,14,needs,good,2006,19,40,14163394
Nizhny Novgorod,4,115,16,needs,very bad,2009,8,24,11693098
Nizhny Novgorod,3,101,10,not_needs,bad,2012,6,9,13637483
Nizhny Novgorod,5,112,21,needs,good,1971,24,35,15101428
Nizhny Novgorod,2,83,11,not_needs,bad,2016,2,13,11962311
Nizhny Novgorod,2,73,12,needs,bad,2013,4,32,8611060
Nizhny Novgorod,2,75,6,needs,very good,1992,23,26,13129738
Nizhny Novgorod,4,123,15,needs,very good,1982,12,14,23685864
Nizhny Novgorod,2,46,12,absolutely_needs,bad,2023,15,27,5443356
Nizhny Novgorod,3,93,12,not_needs,medium,1978,18,19,11468300
Nizhny Novgorod,2,74,11,absolutely_needs,bad,1985,40,40,5855950
Nizhny Novgorod,5,132,18,not_needs,medium,2020,3,9,21780987
Nizhny Novgorod,2,79,11,needs,good,1996,8,35,12037511
Nizhny Novgorod,3,88,12,not_needs,good,2008,24,40,15261366
Nizhny Novgorod,3,80,14,needs,good,1991,5,38,11240632
Nizhny Novgorod,3,105,15,absolutely_needs,bad,2003,16,40,10524944
Nizhny Novgorod,4,121,14,needs,very bad,2025,8,17,11512658
Nizhny Novgorod,3,102,14,not_needs,bad,1999,21,39,12003985
Nizhny Novgorod,2,82,8,needs,good,1982,11,23,11150120
Nizhny Novgorod,2,82,9,absolutely_needs,very good,2012,6,6,15311606
Nizhny Novgorod,5,116,17,not_needs,medium,2010,3,13,17152108
Nizhny Novgorod,5,130,19,absolutely_needs,medium,2024,13,23,19036810
Nizhny Novgorod,2,57,10,absolutely_needs,good,2019,14,15,9170523
Nizhny Novgorod,1,73,10,needs,medium,1997,3,23,8588174
Nizhny Novgorod,3,89,16,not_needs,good,1963,6,8,11135984
Nizhny Novgorod,2,73,11,absolutely_needs,medium,2005,5,39,8384410
Nizhny Novgorod,1,47,8,needs,good,1986,24,29,5723095
Nizhny Novgorod,4,114,17,not_needs,very good,1995,8,10,23267673
Nizhny Novgorod,1,57,9,not_needs,medium,1993,13,25,8700901
Nizhny Novgorod,1,69,12,needs,bad,1964,2,12,5165210
Nizhny Novgorod,2,75,13,not_needs,good,1973,7,9,10785003
Nizhny Novgorod,5,130,15,not_needs,bad,2007,10,16,19664084
Nizhny Novgorod,2,89,14,needs,bad,1960,1,8,6451980
Nizhny Novgorod,1,60,11,needs,good,2004,11,33,8390835
Nizhny Novgorod,3,99,12,absolutely_needs,good,1978,26,38,11514909
Nizhny Novgorod,4,110,15,not_needs,good,2024,25,28,21279586
Nizhny Novgorod,3,79,13,absolutely_needs,good,1992,5,30,9152379
Nizhny Novgorod,4,112,14,needs,medium,2016,6,7,18144795
Nizhny Novgorod,1,24,6,needs,good,2014,9,9,4068011
Nizhny Novgorod,5,122,16,not_needs,good,2010,7,9,21950104
Nizhny Novgorod,3,95,16,needs,bad,1962,16,32,7208688
Nizhny Novgorod,3,102,14,needs,good,2005,5,38,14272471
Nizhny Novgorod,1,58,5,needs,medium,2005,12,12,7390336
Nizhny Novgorod,5,143,19,not_needs,very bad,1976,29,29,11597712
Nizhny Novgorod,2,58,8,needs,medium,1981,3,17,5634219
Nizhny Novgorod,2,83,7,needs,very good,1981,18,39,13350287
Nizhny Novgorod,4,106,20,not_needs,good,1974,26,36,17195977
Nizhny Novgorod,2,87,11,needs,bad,1993,25,39,8026749
Nizhny Novgorod,3,93,10,absolutely_needs,very good,1984,8,38,15131244
Nizhny Novgorod,5,117,13,absolutely_needs,bad,1980,2,3,8960738
Nizhny Novgorod,5,123,15,needs,medium,1996,7,14,15105068
Nizhny Novgorod,2,84,11,absolutely_needs,medium,2000,28,32,9259969
Nizhny Novgorod,2,63,11,needs,very bad,1987,12,26,4598287
Nizhny Novgorod,4,130,14,not_needs,medium,2011,25,33,23600512
Nizhny Novgorod,3,101,14,not_needs,medium,1979,2,9,11112686
Nizhny Novgorod,2,94,11,needs,good,2017,15,30,15408259
Nizhny Novgorod,3,84,16,needs,good,1991,5,7,11748350
Nizhny Novgorod,2,68,12,not_needs,very good,1959,1,34,10486983
Nizhny Novgorod,3,92,11,absolutely_needs,bad,1968,20,21,7325947
Nizhny Novgorod,2,80,10,needs,very bad,1988,3,12,5777492
Nizhny Novgorod,1,52,12,needs,bad,1970,2,27,4060517
Nizhny Novgorod,5,130,15,not_needs,bad,1976,12,32,13259760
Nizhny Novgorod,4,123,16,not_needs,good,1973,6,9,19331075
Nizhny Novgorod,1,60,7,not_needs,good,1991,6,32,10031040
Nizhny Novgorod,3,93,10,not_needs,medium,2012,17,22,12812726
Nizhny Novgorod,3,92,11,needs,good,1982,14,32,12099282
Nizhny Novgorod,4,104,18,needs,medium,1964,3,4,12036127
Nizhny Novgorod,3,99,12,absolutely_needs,medium,1985,7,30,10181765
Nizhny Novgorod,4,127,17,needs,very bad,1989,8,17,11159737
Nizhny Novgorod,3,89,16,not_needs,medium,2000,1,15,11218366
Nizhny Novgorod,3,107,11,not_needs,good,1991,18,30,19603126
Nizhny Novgorod,2,58,9,not_needs,good,2020,15,28,10043134
Nizhny Novgorod,2,64,12,needs,medium,1989,6,7,7979277
Nizhny Novgorod,1,55,11,needs,very good,1974,14,24,7585786
Nizhny Novgorod,1,52,10,needs,good,1986,9,14,7351418
Nizhny Novgorod,2,81,11,absolutely_needs,medium,2001,4,13,8975981
Nizhny Novgorod,1,61,13,needs,good,1986,3,7,8740474
Nizhny Novgorod,2,95,8,not_needs,bad,1965,4,12,9638457
Nizhny Novgorod,2,87,10,not_needs,very bad,1993,21,31,8067940
Nizhny Novgorod,2,69,11,needs,good,1959,9,9,8143390
Nizhny Novgorod,4,111,13,not_needs,good,2025,7,22,25143100
Nizhny Novgorod,2,89,12,not_needs,bad,1988,1,22,10324833
Nizhny Novgorod,4,102,13,not_needs,good,1976,4,9,17856323
Nizhny Novgorod,1,54,10,not_needs,medium,2005,23,24,7559666
Nizhny Novgorod,3,87,8,absolutely_needs,good,1972,12,32,10166926
Nizhny Novgorod,4,106,15,not_needs,bad,1962,4,6,12236977
Nizhny Novgorod,3,87,12,absolutely_needs,good,1958,23,33,8139583
Nizhny Novgorod,1,64,14,needs,medium,1957,3,3,5871752
Nizhny Novgorod,1,51,9,absolutely_needs,medium,2019,1,5,5243649
Nizhny Novgorod,1,39,10,absolutely_needs,good,2001,3,4,5510721
Nizhny Novgorod,1,55,9,not_needs,bad,1973,4,5,5917432
Nizhny Novgorod,4,115,11,absolutely_needs,very bad,1972,25,39,8268470
Nizhny Novgorod,3,113,9,not_needs,medium,1966,6,34,11906351
Nizhny Novgorod,2,73,11,not_needs,good,1992,38,39,12601676
Nizhny Novgorod,3,104,10,needs,very bad,1974,24,27,7051649
Nizhny Novgorod,1,83,13,needs,good,1956,33,37,9249563
Nizhny Novgorod,1,35,10,not_needs,bad,1987,26,39,3629482
Nizhny Novgorod,2,73,12,absolutely_needs,bad,1957,6,6,5002540
Nizhny Novgorod,3,85,14,not_needs,very good,1962,8,9,14727336
Nizhny Novgorod,2,92,13,needs,medium,2018,14,39,11403696
Nizhny Novgorod,4,103,16,absolutely_needs,good,1981,3,3,13180679
Nizhny Novgorod,2,64,13,needs,bad,1977,17,39,5804945
Nizhny Novgorod,5,117,17,needs,very bad,1988,11,19,9703794
Nizhny Novgorod,4,101,11,needs,bad,2006,10,16,12773474
Nizhny Novgorod,4,99,14,absolutely_needs,good,1987,2,18,12172876
Nizhny Novgorod,3,96,8,not_needs,very good,1983,3,8,18869046
Nizhny Novgorod,3,97,15,needs,medium,1967,8,28,10882626
Nizhny Novgorod,3,100,12,needs,medium,1974,2,24,9253858
Nizhny Novgorod,4,110,16,not_needs,bad,1966,37,40,11215940
Nizhny Novgorod,1,44,9,absolutely_needs,medium,2003,12,39,5308545
Nizhny Novgorod,3,87,11,needs,good,1995,3,4,13008818
Nizhny Novgorod,1,43,9,needs,medium,1961,14,14,3463267
Nizhny Novgorod,1,56,8,needs,bad,2000,5,18,5665561
Nizhny Novgorod,2,85,10,not_needs,good,1965,6,12,11403906
Nizhny Novgorod,1,67,10,needs,medium,2007,11,19,7473588
Nizhny Novgorod,3,84,14,needs,good,2020,11,16,14182116
Nizhny Novgorod,2,82,14,not_needs,bad,1969,7,12,8655205
Nizhny Novgorod,1,57,8,not_needs,good,1975,18,25,9121185
Nizhny Novgorod,2,58,9,not_needs,medium,2005,5,23,8260413
Nizhny Novgorod,3,115,9,not_needs,bad,1961,1,10,11046051
Nizhny Novgorod,3,85,12,not_needs,medium,1994,21,25,11787591
Nizhny Novgorod,1,63,11,absolutely_needs,medium,2024,19,25,8279070
Nizhny Novgorod,3,120,18,needs,medium,2000,7,20,12927868
Nizhny Novgorod,2,76,16,absolutely_needs,medium,1956,6,7,6008914
Nizhny Novgorod,2,75,9,needs,bad,2022,20,27,9200491
Nizhny Novgorod,5,138,18,absolutely_needs,medium,2009,3,6,18004448
Nizhny Novgorod,2,59,15,needs,medium,2013,28,40,8374781
Nizhny Novgorod,2,82,11,not_needs,good,1973,9,10,12835567
Nizhny Novgorod,1,44,12,not_needs,very bad,2022,14,38,5286173
Nizhny Novgorod,1,54,12,needs,good,1979,23,37,7538216
Nizhny Novgorod,2,59,5,not_needs,bad,2001,3,20,7839295
Nizhny Novgorod,4,108,13,needs,good,2000,8,33,16092522
Nizhny Novgorod,2,67,17,needs,medium,1962,6,22,7249799
Nizhny Novgorod,2,81,8,needs,medium,2014,14,15,11176657
Nizhny Novgorod,4,94,16,not_needs,good,1974,6,28,15629218
Nizhny Novgorod,1,73,6,needs,medium,1975,10,26,6987885
Nizhny Novgorod,2,68,11,absolutely_needs,good,2023,3,12,10586356
Nizhny Novgorod,1,37,11,not_needs,good,1980,38,40,5406301
Nizhny Novgorod,4,113,14,absolutely_needs,medium,2010,1,5,14665746
Nizhny Novgorod,1,45,7,not_needs,medium,1977,4,8,5194881
Nizhny Novgorod,3,79,13,not_needs,medium,1975,4,19,9043185
Nizhny Novgorod,5,145,21,needs,medium,1995,1,12,19409859
Nizhny Novgorod,3,67,16,not_needs,very bad,1984,17,29,6792827
Nizhny Novgorod,1,49,7,needs,bad,1963,19,31,3906111
Nizhny Novgorod,3,73,9,not_needs,bad,1997,3,21,9032549
Nizhny Novgorod,2,79,5,not_needs,good,1965,9,16,9944851
Nizhny Novgorod,3,96,11,not_needs,good,1963,28,32,14073859
Nizhny Novgorod,2,49,13,needs,good,1964,4,5,5321744
Nizhny Novgorod,1,83,11,not_needs,medium,1997,2,5,11736998
Nizhny Novgorod,3,97,15,not_needs,bad,2013,5,14,12052067
Nizhny Novgorod,2,61,12,not_needs,medium,1974,7,18,8088660
Nizhny Novgorod,3,98,12,needs,very bad,1957,4,23,6171967
Nizhny Novgorod,1,58,10,not_needs,good,2020,1,13,11397661
Nizhny Novgorod,3,94,11,needs,good,2020,10,22,14786127
Nizhny Novgorod,4,104,16,not_needs,good,2022,20,20,19545574
Nizhny Novgorod,4,106,13,not_needs,bad,1990,2,21,13335397
Nizhny Novgorod,3,80,11,not_needs,good,1992,5,24,11757183
Nizhny Novgorod,2,69,12,not_needs,bad,2005,7,14,8753907
Nizhny Novgorod,1,49,9,needs,very bad,1965,3,3,3499612
Nizhny Novgorod,1,58,11,needs,bad,2018,14,18,6443982
Nizhny Novgorod,1,48,9,not_needs,good,2016,2,40,9251780
Nizhny Novgorod,4,106,10,needs,medium,2016,7,38,14195190
Nizhny Novgorod,3,89,14,not_needs,good,2009,1,3,16557994
Nizhny Novgorod,1,68,10,not_needs,medium,2011,11,33,10064737
Nizhny Novgorod,4,101,12,not_needs,medium,2018,21,36,16650444
Nizhny Novgorod,4,110,12,needs,medium,1985,17,30,14033150
Nizhny Novgorod,1,54,5,not_needs,medium,1955,3,27,6024064
Nizhny Novgorod,5,116,14,needs,good,2001,6,10,20973536
Nizhny Novgorod,2,77,11,absolutely_needs,very bad,1963,13,16,5050446
Nizhny Novgorod,1,63,6,needs,very good,2017,3,3,12357357
Nizhny Novgorod,4,88,10,needs,very bad,2020,26,37,8432900
Nizhny Novgorod,1,30,10,not_needs,medium,1983,14,31,4031705
Nizhny Novgorod,2,70,11,not_needs,very good,1983,12,12,11609587
Nizhny Novgorod,4,91,16,needs,very bad,1970,5,5,7620482
Nizhny Novgorod,2,69,7,needs,very good,1970,29,40,10679766
Nizhny Novgorod,1,76,9,needs,very good,1980,15,16,13633767
Nizhny Novgorod,2,93,12,needs,good,2009,12,14,13326252
Nizhny Novgorod,4,117,13,not_needs,very bad,2018,6,15,13522842
Nizhny Novgorod,2,85,9,not_needs,good,2003,15,17,13179954
Nizhny Novgorod,4,126,17,not_needs,very good,1968,5,33,20949010
Nizhny Novgorod,4,115,14,not_needs,medium,1984,3,21,15672973
Nizhny Novgorod,3,98,15,not_needs,very bad,2006,33,38,10987236
Nizhny Novgorod,3,101,17,needs,very bad,1955,3,15,6449909
Nizhny Novgorod,3,90,7,not_needs,good,2012,30,31,16581733
Nizhny Novgorod,2,60,9,needs,very bad,1973,6,7,4088363
Nizhny Novgorod,3,100,11,needs,good,1979,33,38,11924595
Nizhny Novgorod,4,115,11,needs,good,1977,10,16,17433337
Nizhny Novgorod,1,57,5,absolutely_needs,medium,2020,10,31,6156578
Nizhny Novgorod,1,30,6,not_needs,good,1963,26,35,4550116
Nizhny Novgorod,2,88,15,needs,medium,2005,28,30,11386057
Nizhny Novgorod,2,89,11,absolutely_needs,good,2006,4,4,10228694
Nizhny Novgorod,5,118,19,not_needs,good,1968,12,38,17090842
Nizhny Novgorod,1,64,9,not_needs,medium,1999,9,24,7913204
Nizhny Novgorod,1,64,6,needs,medium,1960,1,12,6157248
Nizhny Novgorod,2,52,13,not_needs,medium,1987,28,38,6829971
Nizhny Novgorod,1,61,10,needs,medium,2006,33,38,7113436
Nizhny Novgorod,3,107,16,absolutely_needs,medium,1968,17,29,8423913
Nizhny Novgorod,2,80,15,needs,medium,1997,7,13,8974461
Nizhny Novgorod,1,52,13,needs,bad,1961,29,33,4520073
Nizhny Novgorod,2,78,10,not_needs,medium,2011,26,32,13272731
Nizhny Novgorod,1,67,10,not_needs,good,2014,1,37,11185664
Nizhny Novgorod,4,119,14,absolutely_needs,good,1989,7,32,16914486
Nizhny Novgorod,4,112,13,not_needs,bad,1968,4,32,11292696
Nizhny Novgorod,3,91,17,absolutely_needs,good,1967,5,8,9881460
Nizhny Novgorod,3,101,11,needs,good,1972,4,17,13439918
Nizhny Novgorod,1,55,10,absolutely_needs,very bad,1963,13,32,2884102
Nizhny Novgorod,1,64,11,needs,bad,1985,5,7,6636467
Nizhny Novgorod,4,94,14,not_needs,very bad,1984,11,35,8300110
Nizhny Novgorod,1,46,10,needs,good,1968,16,17,5242738
Nizhny Novgorod,1,76,10,needs,very bad,2003,10,14,6407148
Nizhny Novgorod,2,78,12,not_needs,medium,1998,2,35,10474254
Nizhny Novgorod,1,55,9,absolutely_needs,bad,1988,14,24,4809492
Nizhny Novgorod,1,51,8,absolutely_needs,medium,1967,17,25,4986271
Nizhny Novgorod,2,67,9,needs,bad,2014,1,16,6429897
Nizhny Novgorod,5,143,20,not_needs,good,1959,11,13,21087199
Nizhny Novgorod,3,89,13,not_needs,very bad,1955,20,22,7221485
Nizhny Novgorod,2,71,11,needs,very bad,1988,6,7,5472798
Nizhny Novgorod,1,60,12,needs,bad,2006,21,26,6828050
Nizhny Novgorod,2,74,12,needs,medium,1976,12,25,8833219
Nizhny Novgorod,2,84,8,not_needs,good,1998,4,4,12051273
Nizhny Novgorod,3,106,12,not_needs,good,1956,1,10,11235370
Nizhny Novgorod,3,110,10,not_needs,good,2006,10,10,16554193
Nizhny Novgorod,2,55,11,not_needs,medium,1981,28,38,6178533
Nizhny Novgorod,3,114,11,not_needs,medium,2000,21,28,15909412
Nizhny Novgorod,1,37,10,needs,good,1974,34,39,5119495
Nizhny Novgorod,2,67,10,absolutely_needs,good,2002,14,19,8338114
Nizhny Novgorod,3,76,13,needs,bad,1995,6,7,8639748
Nizhny Novgorod,1,41,7,needs,very bad,1994,34,39,3573704
Nizhny Novgorod,1,66,5,not_needs,very good,2020,5,6,16859884
Nizhny Novgorod,3,99,16,needs,good,1983,11,13,13647227
Nizhny Novgorod,2,69,13,not_needs,bad,2007,7,24,9517610
Nizhny Novgorod,4,117,17,absolutely_needs,bad,2013,11,12,11120960
Nizhny Novgorod,1,72,13,not_needs,very good,1972,10,19,14158928
Nizhny Novgorod,3,113,12,needs,medium,1988,10,20,12889669
Nizhny Novgorod,5,130,18,needs,good,1966,15,16,18652081
Nizhny Novgorod,3,84,14,needs,very bad,2005,6,18,7028986
Nizhny Novgorod,3,103,13,needs,medium,1959,29,38,9271741
Nizhny Novgorod,2,53,14,not_needs,very good,2024,6,8,13996481
Nizhny Novgorod,3,88,16,not_needs,medium,1980,2,10,12212739
Nizhny Novgorod,2,47,11,not_needs,medium,2022,14,35,8241328
Nizhny Novgorod,1,62,9,not_needs,good,2012,19,37,12693759
Nizhny Novgorod,3,70,11,needs,bad,1995,14,19,7879847
Nizhny Novgorod,3,88,18,needs,good,2022,6,16,14518702
Nizhny Novgorod,5,149,17,needs,bad,1964,11,13,14200474
Nizhny Novgorod,1,46,7,not_needs,medium,1989,28,37,5725917
Nizhny Novgorod,2,72,10,absolutely_needs,bad,1977,19,22,5758527
Nizhny Novgorod,1,46,13,needs,bad,1958,10,11,3995194
Nizhny Novgorod,1,67,11,not_needs,good,2003,1,4,10387775
Nizhny Novgorod,3,67,14,not_needs,medium,2002,15,15,9519320
Nizhny Novgorod,2,65,12,needs,medium,1987,19,35,8073424
Nizhny Novgorod,3,82,15,absolutely_needs,medium,1976,1,4,6501932
Nizhny Novgorod,3,100,18,not_needs,very bad,2019,5,37,10983416
Nizhny Novgorod,4,94,17,not_needs,very bad,2002,2,6,11124300
Nizhny Novgorod,1,49,9,not_needs,bad,1957,12,12,4656945
Nizhny Novgorod,4,99,11,absolutely_needs,medium,2013,29,39,11658930
Nizhny Novgorod,2,58,11,not_needs,very good,2022,16,16,11912208
Nizhny Novgorod,1,60,11,needs,good,1970,11,19,7509680
Nizhny Novgorod,4,98,12,needs,medium,1956,11,16,9671011
Nizhny Novgorod,3,98,13,absolutely_needs,medium,1974,25,30,8147715
Nizhny Novgorod,3,106,13,not_needs,good,2016,29,34,18930442
Nizhny Novgorod,3,109,12,needs,medium,1976,24,24,10810093
Nizhny Novgorod,2,74,12,needs,medium,2001,10,28,9293564
Nizhny Novgorod,2,52,10,absolutely_needs,good,1960,2,3,5651362
Nizhny Novgorod,2,83,14,needs,medium,1970,10,19,8119420
Nizhny Novgorod,2,81,10,needs,bad,1989,25,35,7341961
Nizhny Novgorod,2,81,16,needs,medium,1965,7,7,7909059
Nizhny Novgorod,2,64,14,not_needs,very bad,1957,4,12,5262143
Nizhny Novgorod,2,72,13,needs,good,2017,11,30,11486065
Nizhny Novgorod,1,58,11,not_needs,bad,2005,10,30,7900414
Nizhny Novgorod,2,63,10,not_needs,bad,2024,4,36,8610706
Nizhny Novgorod,2,70,9,needs,very good,1982,1,20,11233626
Nizhny Novgorod,2,65,12,needs,very good,1976,8,12,11221896
Nizhny Novgorod,1,58,12,not_needs,bad,2003,7,12,6261742
Nizhny Novgorod,2,57,11,needs,good,1973,1,5,6895874
Nizhny Novgorod,2,98,9,not_needs,good,2022,3,26,16866813
Nizhny Novgorod,4,111,14,not_needs,medium,2016,8,29,17267076
Nizhny Novgorod,1,48,10,needs,medium,2007,20,22,6861942
Nizhny Novgorod,2,76,12,absolutely_needs,medium,2007,6,12,9451560
Nizhny Novgorod,2,72,10,needs,very good,1998,22,23,12059014
Nizhny Novgorod,5,112,18,not_needs,very good,1987,1,23,25740388
Nizhny Novgorod,4,109,14,not_needs,good,1960,4,15,16320042
Nizhny Novgorod,2,73,14,not_needs,very bad,1956,10,10,5523085
Nizhny Novgorod,3,102,14,needs,good,1998,15,19,14078727
Nizhny Novgorod,1,34,8,absolutely_needs,medium,1981,21,22,3239600
Nizhny Novgorod,2,75,12,not_needs,good,1983,11,18,12458396
Nizhny Novgorod,3,97,12,needs,bad,2011,5,11,11972325
Nizhny Novgorod,3,89,17,absolutely_needs,bad,1986,3,4,8210095
Nizhny Novgorod,3,101,9,absolutely_needs,medium,1977,14,23,8981735
Nizhny Novgorod,2,64,9,needs,medium,1958,10,16,6224949
Nizhny Novgorod,1,70,10,needs,very good,1965,9,32,9955127
Nizhny Novgorod,1,55,6,not_needs,good,1966,5,6,7262438
Nizhny Novgorod,1,36,10,needs,medium,2011,9,14,4123072
Nizhny Novgorod,5,151,17,absolutely_needs,medium,2001,6,9,18358928
Nizhny Novgorod,3,85,14,needs,good,1963,1,14,9904968
Nizhny Novgorod,1,81,10,not_needs,medium,2017,37,38,12185437
Nizhny Novgorod,1,77,8,needs,bad,1969,15,21,6761331
Nizhny Novgorod,2,47,14,needs,medium,1991,3,20,5246942
Nizhny Novgorod,3,105,14,not_needs,good,2020,20,36,21140766
Nizhny Novgorod,1,52,12,not_needs,bad,1997,6,18,7026516
Nizhny Novgorod,3,88,14,not_needs,medium,1973,6,21,9243653
Nizhny Novgorod,3,99,8,needs,bad,1985,25,39,10458675
Nizhny Novgorod,1,69,13,needs,medium,2014,15,34,8410935
Nizhny Novgorod,5,116,17,absolutely_needs,medium,1957,9,39,9727551
Nizhny Novgorod,5,148,14,not_needs,very good,2001,7,24,37938364
Nizhny Novgorod,3,92,13,not_needs,medium,2013,21,24,15077533
Nizhny Novgorod,1,63,6,needs,medium,1999,3,5,8020842
Nizhny Novgorod,2,67,15,not_needs,very good,1974,7,9,13343411
Nizhny Novgorod,3,95,13,absolutely_needs,very bad,1977,2,17,6929248
Nizhny Novgorod,4,125,16,absolutely_needs,very good,2013,28,28,20582590
Nizhny Novgorod,4,119,11,not_needs,very bad,1973,4,7,11130833
Nizhny Novgorod,4,129,16,not_needs,bad,1968,15,22,12297202
Nizhny Novgorod,1,58,6,needs,bad,1967,22,28,4660129
Nizhny Novgorod,5,137,14,not_needs,medium,1976,24,37,18436712
Nizhny Novgorod,3,76,12,not_needs,bad,1991,20,29,9645076
Nizhny Novgorod,3,101,16,needs,bad,1978,6,30,8559884
Nizhny Novgorod,3,119,13,needs,bad,1986,6,6,10246362
Nizhny Novgorod,5,135,14,not_needs,good,2024,34,38,26645440
Nizhny Novgorod,1,46,9,absolutely_needs,good,1962,1,25,4561926
Nizhny Novgorod,1,54,8,needs,very bad,2012,16,19,5298111
Nizhny Novgorod,2,47,11,not_needs,very bad,1982,14,15,4261525
Nizhny Novgorod,2,59,11,absolutely_needs,medium,2009,16,36,6973114
Nizhny Novgorod,2,63,15,needs,good,1958,5,5,6478601
Nizhny Novgorod,5,136,19,needs,good,1962,19,39,18065350
Nizhny Novgorod,3,86,9,not_needs,bad,1999,32,37,9674189
Nizhny Novgorod,2,82,10,needs,medium,1988,9,9,8804088
Nizhny Novgorod,1,52,8,needs,bad,2006,8,13,6140195
Nizhny Novgorod,3,83,17,absolutely_needs,very bad,2023,20,37,6904878
Nizhny Novgorod,4,97,15,absolutely_needs,medium,2006,19,19,12223956
Nizhny Novgorod,4,128,8,not_needs,medium,1992,19,27,20189947
Nizhny Novgorod,3,94,14,not_needs,bad,1969,19,25,8481574
Nizhny Novgorod,3,107,13,needs,medium,2010,8,27,15709962
Nizhny Novgorod,4,111,17,needs,medium,1968,8,14,10761214
Nizhny Novgorod,4,115,16,absolutely_needs,medium,1996,6,34,11596429
Nizhny Novgorod,4,107,15,not_needs,medium,1963,28,31,14007593
Nizhny Novgorod,1,52,10,needs,medium,1960,3,3,5183554
Nizhny Novgorod,2,63,12,not_needs,very good,1964,3,29,9477607
Nizhny Novgorod,4,110,12,needs,good,1967,16,25,13264292
Nizhny Novgorod,2,72,11,needs,very good,1962,3,5,10000199
Nizhny Novgorod,1,69,9,needs,medium,1968,6,9,7098866
Nizhny Novgorod,2,96,12,not_needs,medium,2023,18,33,17061501
Nizhny Novgorod,3,104,16,absolutely_needs,very bad,1963,5,7,6723529
Nizhny Novgorod,1,59,12,needs,good,2014,18,21,10528346
Nizhny Novgorod,4,103,22,not_needs,good,1978,4,33,15830242
Nizhny Novgorod,1,57,6,needs,medium,1955,19,35,5284004
Nizhny Novgorod,1,45,11,needs,medium,1995,8,39,5927795
Nizhny Novgorod,1,50,11,not_needs,bad,2015,25,39,7335381
Nizhny Novgorod,2,77,10,needs,good,2020,1,6,11827434
Nizhny Novgorod,4,116,16,not_needs,bad,2007,22,30,17734565
Nizhny Novgorod,4,109,15,absolutely_needs,bad,1999,23,23,11812970
Nizhny Novgorod,1,62,9,not_needs,good,1956,19,24,8527978
Nizhny Novgorod,3,88,13,absolutely_needs,medium,1994,2,13,9457877
Nizhny Novgorod,1,62,7,not_needs,medium,1997,20,29,8483454
Nizhny Novgorod,4,115,15,not_needs,good,1986,2,6,19137857
Nizhny Novgorod,5,135,12,absolutely_needs,medium,1988,4,7,16257938
Nizhny Novgorod,3,90,19,not_needs,good,2023,4,8,16946334
Nizhny Novgorod,2,59,8,needs,bad,1962,9,27,4957202
Nizhny Novgorod,4,117,14,not_needs,medium,1958,11,12,15093921
Nizhny Novgorod,1,62,10,absolutely_needs,bad,1979,11,18,4499688
Nizhny Novgorod,3,79,17,absolutely_needs,bad,1998,17,18,6450763
Nizhny Novgorod,1,29,6,needs,medium,1971,5,33,2745228
Nizhny Novgorod,1,46,8,not_needs,bad,1986,15,33,4482240
Nizhny Novgorod,2,73,10,needs,very bad,1975,10,17,5866170
Nizhny Novgorod,2,81,13,needs,medium,1986,8,8,8893979
Nizhny Novgorod,5,134,18,not_needs,good,2022,19,24,29453600
Nizhny Novgorod,2,65,12,absolutely_needs,medium,1998,15,17,6940239
Nizhny Novgorod,1,64,13,needs,bad,2021,3,6,8482689
Nizhny Novgorod,2,77,12,needs,very bad,1968,2,4,5996596
Nizhny Novgorod,2,95,8,not_needs,medium,2012,25,33,14004595
Nizhny Novgorod,1,66,11,not_needs,medium,2022,17,26,9785953
Nizhny Novgorod,4,111,14,not_needs,medium,1966,2,7,15025905
Nizhny Novgorod,3,97,11,absolutely_needs,medium,2008,21,31,11742879
Nizhny Novgorod,1,57,9,needs,very bad,2019,12,36,6051077
Nizhny Novgorod,2,72,7,not_needs,medium,1986,10,22,10425729
Nizhny Novgorod,2,63,14,needs,very good,2021,3,3,13851399
Nizhny Novgorod,1,53,10,absolutely_needs,medium,1963,2,39,4011580
Nizhny Novgorod,1,50,6,not_needs,very bad,2023,4,6,5025772
Nizhny Novgorod,4,74,15,absolutely_needs,good,1993,6,27,11165722
Nizhny Novgorod,1,44,11,absolutely_needs,medium,1991,26,32,4887473
Nizhny Novgorod,5,143,16,absolutely_needs,medium,1991,24,31,16857909
Nizhny Novgorod,1,47,10,absolutely_needs,good,1997,12,19,5775624
Nizhny Novgorod,2,55,9,needs,very bad,1960,12,13,3182739
Nizhny Novgorod,1,60,10,not_needs,good,2005,2,15,10796936
Nizhny Novgorod,1,51,9,needs,very good,1995,4,18,10234255
Nizhny Novgorod,1,59,8,needs,very good,2024,2,18,13921833
Nizhny Novgorod,4,93,14,not_needs,good,1973,2,3,14902840
Nizhny Novgorod,3,95,12,not_needs,bad,1994,4,21,9964590
Nizhny Novgorod,3,86,12,needs,medium,2013,4,6,12442442
Nizhny Novgorod,1,62,7,not_needs,medium,1960,3,4,7581794
Nizhny Novgorod,3,87,16,not_needs,bad,1960,2,38,8934693
Nizhny Novgorod,3,98,11,not_needs,medium,1963,24,36,11106501
Nizhny Novgorod,1,55,8,not_needs,very good,2003,3,19,13239162
Nizhny Novgorod,3,73,14,not_needs,very bad,1963,14,26,5033801
Nizhny Novgorod,1,68,7,needs,good,1976,5,17,8002223
Nizhny Novgorod,1,64,9,needs,very bad,1981,10,24,4285738
Nizhny Novgorod,4,105,10,absolutely_needs,bad,2005,4,26,11026573
Nizhny Novgorod,4,108,14,not_needs,bad,1991,6,19,11786592
Nizhny Novgorod,1,51,7,needs,bad,1988,1,16,4226802
Nizhny Novgorod,1,62,6,not_needs,medium,2010,13,20,8287994
Nizhny Novgorod,3,80,16,not_needs,good,1970,1,20,9598034
Nizhny Novgorod,1,68,10,absolutely_needs,good,1962,7,14,6231642
Nizhny Novgorod,1,56,11,not_needs,good,2021,4,38,9743246
Nizhny Novgorod,1,48,14,needs,medium,1987,36,36,4694749
Nizhny Novgorod,2,69,11,not_needs,good,2004,2,15,11989233
Nizhny Novgorod,2,82,7,not_needs,medium,1963,8,8,8128691
Nizhny Novgorod,1,58,8,not_needs,medium,1958,13,26,6515528
Nizhny Novgorod,1,70,7,not_needs,very good,2015,1,7,15264327
Nizhny Novgorod,2,81,17,absolutely_needs,good,2001,1,3,9900202
Nizhny Novgorod,2,67,12,not_needs,medium,1966,31,38,7310862
Nizhny Novgorod,5,127,18,needs,good,2013,16,19,21333499
Nizhny Novgorod,3,86,18,absolutely_needs,good,1976,10,12,10237144
Nizhny Novgorod,1,63,10,needs,medium,1977,7,7,6495185
Nizhny Novgorod,5,153,17,needs,medium,1990,22,40,20824886
Nizhny Novgorod,2,92,8,absolutely_needs,medium,1975,8,33,8490927
Nizhny Novgorod,1,57,10,not_needs,very bad,1989,11,11,5278382
Nizhny Novgorod,2,81,11,needs,good,1984,11,15,11542078
Nizhny Novgorod,4,113,14,needs,medium,1981,5,14,14155091
Nizhny Novgorod,4,113,16,not_needs,medium,2024,32,38,17505540
Nizhny Novgorod,1,60,7,absolutely_needs,very bad,1983,7,33,4201275
Nizhny Novgorod,1,61,10,not_needs,medium,1999,6,17,8660886
Nizhny Novgorod,1,45,11,not_needs,good,1976,7,12,6203723
Nizhny Novgorod,2,45,9,needs,good,1961,9,18,4616712
Nizhny Novgorod,2,68,12,not_needs,very bad,2000,6,7,6975241
Nizhny Novgorod,5,125,15,not_needs,very good,2002,4,21,30475437
Nizhny Novgorod,3,71,11,needs,bad,2012,11,18,7173877
Nizhny Novgorod,1,62,8,not_needs,bad,1991,10,13,6537810
Nizhny Novgorod,2,78,11,needs,very bad,2009,21,35,6730787
Nizhny Novgorod,2,86,14,not_needs,good,1998,24,25,14443300
Nizhny Novgorod,4,98,12,absolutely_needs,medium,2021,1,9,12772614
Nizhny Novgorod,4,90,13,needs,medium,1959,15,23,7948798
Nizhny Novgorod,1,37,10,not_needs,very good,1958,6,27,5556158
Nizhny Novgorod,1,72,7,needs,good,2001,21,36,12115018
Nizhny Novgorod,3,81,9,not_needs,medium,2010,14,25,12461947
Nizhny Novgorod,4,107,13,needs,very good,1977,5,11,18521961
Nizhny Novgorod,4,105,19,needs,good,2011,20,38,18636080
Nizhny Novgorod,1,64,11,not_needs,bad,1964,8,18,5520712
Nizhny Novgorod,3,57,15,not_needs,very bad,2014,29,31,5759122
Nizhny Novgorod,3,81,13,needs,medium,1967,15,38,9038868
Nizhny Novgorod,2,80,9,not_needs,very bad,1971,23,23,6139256
Nizhny Novgorod,1,41,12,absolutely_needs,good,1975,9,21,4128300
Nizhny Novgorod,1,54,10,absolutely_needs,very bad,1975,7,22,3583174
Nizhny Novgorod,2,88,11,needs,medium,2002,23,40,11851835
Nizhny Novgorod,1,47,12,not_needs,good,1998,18,38,8233967
Nizhny Novgorod,1,50,7,needs,bad,1966,12,12,4325329
Nizhny Novgorod,1,69,11,not_needs,medium,1980,13,16,7627016
Nizhny Novgorod,2,65,9,needs,good,2002,10,14,9032979
Nizhny Novgorod,2,71,10,absolutely_needs,medium,2025,26,27,9039411
Nizhny Novgorod,3,89,10,not_needs,medium,2025,13,20,15557374
Nizhny Novgorod,2,77,14,absolutely_needs,medium,1964,26,26,5642092
Nizhny Novgorod,3,97,15,not_needs,medium,1976,7,22,13177267
Nizhny Novgorod,2,67,9,needs,medium,2004,21,24,8852437
Nizhny Novgorod,3,115,15,not_needs,medium,2024,12,35,16536898
Nizhny Novgorod,1,56,9,not_needs,very good,1974,35,36,9104554
Nizhny Novgorod,3,94,13,not_needs,bad,1993,2,30,11715682
Nizhny Novgorod,2,55,10,needs,good,2005,9,10,8001880
Nizhny Novgorod,2,75,5,needs,medium,2006,2,14,10093345
Nizhny Novgorod,2,85,10,needs,very bad,1965,12,30,5417437
Nizhny Novgorod,4,113,17,needs,medium,2008,2,23,14363250
Nizhny Novgorod,1,63,11,needs,good,2025,9,18,10265772
Nizhny Novgorod,1,51,10,not_needs,good,1959,11,13,6578691
Nizhny Novgorod,5,109,18,absolutely_needs,medium,2000,28,32,11557588
Nizhny Novgorod,2,80,13,needs,very bad,1988,12,22,6201770
Nizhny Novgorod,5,119,19,needs,medium,1970,3,39,12173699
Nizhny Novgorod,2,72,12,needs,medium,2009,8,22,8928171
Nizhny Novgorod,1,42,6,needs,bad,2012,8,21,4676195
Nizhny Novgorod,3,103,11,needs,bad,2023,3,12,11816171
Nizhny Novgorod,3,92,13,not_needs,medium,2004,16,34,14873440
Nizhny Novgorod,3,85,9,needs,very bad,2010,31,31,7763116
Nizhny Novgorod,3,83,9,needs,bad,2009,22,32,9531597
Nizhny Novgorod,2,52,8,needs,bad,2009,6,33,5768440
Nizhny Novgorod,1,47,10,needs,medium,1970,5,20,4228585
Nizhny Novgorod,2,66,11,needs,bad,1961,15,16,5934569
Nizhny Novgorod,1,74,8,not_needs,bad,1962,11,31,6332638
Nizhny Novgorod,3,79,10,not_needs,medium,1966,1,18,8489338
Nizhny Novgorod,3,98,10,not_needs,good,1998,18,28,14739298
Nizhny Novgorod,1,37,10,needs,good,2020,11,14,5378886
Nizhny Novgorod,2,104,13,not_needs,good,1986,13,18,16680466
Nizhny Novgorod,2,74,8,needs,very good,1971,4,37,11163058
Nizhny Novgorod,1,53,12,needs,bad,1977,3,14,5368078
Nizhny Novgorod,2,65,16,not_needs,very good,1981,2,3,13030716
Nizhny Novgorod,2,66,11,absolutely_needs,bad,2024,7,19,7617772
Nizhny Novgorod,1,53,5,not_needs,good,1982,10,10,8244146
Nizhny Novgorod,3,84,13,not_needs,bad,2015,13,27,11908667
Nizhny Novgorod,2,80,7,not_needs,very good,2022,11,12,20190654
Nizhny Novgorod,1,63,9,needs,good,1972,6,10,7509624
Nizhny Novgorod,2,77,13,needs,good,2010,22,37,12581833
Nizhny Novgorod,5,119,14,needs,bad,2012,12,36,15349703
Nizhny Novgorod,1,43,7,absolutely_needs,bad,2014,2,5,4446762
Nizhny Novgorod,2,73,11,absolutely_needs,good,1996,16,36,8494778
Nizhny Novgorod,2,65,13,not_needs,medium,1978,7,23,8309195
Nizhny Novgorod,4,120,13,absolutely_needs,bad,2010,9,26,13378869
Nizhny Novgorod,2,68,11,not_needs,good,1973,3,6,9316161
Nizhny Novgorod,1,67,11,needs,medium,1974,15,16,6765262
Nizhny Novgorod,1,47,8,needs,very good,1963,2,3,7615876
Nizhny Novgorod,3,83,12,not_needs,bad,2014,15,26,12395737
Nizhny Novgorod,2,79,16,needs,medium,1970,5,10,7761633
Nizhny Novgorod,3,77,12,needs,bad,1965,15,35,5650486
Nizhny Novgorod,1,51,11,not_needs,very bad,2005,17,23,5481221
Nizhny Novgorod,4,100,12,needs,bad,2014,28,31,13780844
Nizhny Novgorod,1,41,6,needs,bad,1982,11,11,3245875
Nizhny Novgorod,2,70,15,not_needs,medium,2014,14,21,10564579
Nizhny Novgorod,5,114,11,not_needs,good,1995,3,3,21308065
Nizhny Novgorod,1,51,12,needs,medium,2000,20,30,6611682
Nizhny Novgorod,4,121,11,absolutely_needs,very bad,1965,34,36,7847151
Nizhny Novgorod,2,60,13,needs,very bad,1999,9,32,5547840
Nizhny Novgorod,4,118,14,not_needs,bad,1963,3,36,11475671
Nizhny Novgorod,2,67,10,needs,very bad,2003,6,17,5281322
Nizhny Novgorod,2,67,10,needs,medium,1965,1,16,5998333
Nizhny Novgorod,1,45,10,needs,good,2021,17,37,7967132
Nizhny Novgorod,1,53,5,not_needs,very bad,1983,2,6,5375028
Nizhny Novgorod,2,87,9,needs,medium,2007,4,6,10271841
Nizhny Novgorod,2,68,9,not_needs,medium,1964,30,31,6952457
Nizhny Novgorod,4,124,13,needs,very good,2015,11,31,24123187
Nizhny Novgorod,5,127,18,absolutely_needs,medium,2023,9,16,17207495
Nizhny Novgorod,1,70,7,needs,good,1989,3,19,9474359
Nizhny Novgorod,4,117,14,needs,bad,1991,9,39,12615364
Nizhny Novgorod,1,53,10,not_needs,very bad,2004,3,25,4950834
Nizhny Novgorod,1,47,9,not_needs,good,1973,4,10,7229285
Nizhny Novgorod,2,63,9,not_needs,bad,2016,15,32,9491292
Nizhny Novgorod,1,55,8,not_needs,good,2007,23,33,8789062
Nizhny Novgorod,3,88,14,not_needs,medium,1956,8,34,9240485
Nizhny Novgorod,3,104,11,not_needs,medium,1997,20,27,14311419
Nizhny Novgorod,3,85,11,not_needs,medium,1974,8,13,10522497
Nizhny Novgorod,2,87,10,not_needs,bad,1957,36,37,7578242
Nizhny Novgorod,3,105,14,needs,medium,1961,16,30,8914318
Nizhny Novgorod,2,82,14,not_needs,medium,1980,9,12,10666965
Nizhny Novgorod,5,122,18,not_needs,medium,1975,2,11,17710789
Nizhny Novgorod,3,94,9,absolutely_needs,very bad,2007,24,24,7577486
Nizhny Novgorod,2,58,11,not_needs,very good,1958,10,10,9230027
Nizhny Novgorod,3,89,14,needs,bad,1978,6,17,7445360
Nizhny Novgorod,1,47,8,not_needs,bad,2012,1,4,5930680
Nizhny Novgorod,5,127,13,not_needs,medium,1999,33,36,17838397
Nizhny Novgorod,2,75,13,needs,medium,1987,2,5,7536671
Nizhny Novgorod,1,74,12,not_needs,medium,1988,11,11,8365828
Nizhny Novgorod,1,40,11,needs,good,2013,27,27,5391515
Nizhny Novgorod,4,107,14,needs,medium,1969,24,28,10186573
Nizhny Novgorod,1,52,8,not_needs,good,1974,9,25,6567285
Nizhny Novgorod,5,130,17,not_needs,very good,1976,1,6,25506001
Nizhny Novgorod,2,88,9,needs,good,1962,4,12,11434692
Nizhny Novgorod,1,50,12,absolutely_needs,very bad,2024,25,35,4163760
Nizhny Novgorod,5,109,17,absolutely_needs,very bad,1973,20,22,7053039
Nizhny Novgorod,3,106,14,needs,bad,1981,23,28,9514317
Nizhny Novgorod,5,125,18,not_needs,medium,2006,14,25,19585339
Nizhny Novgorod,2,74,14,not_needs,medium,1995,32,37,9059609
Nizhny Novgorod,1,61,10,absolutely_needs,medium,1976,30,35,6408700
Nizhny Novgorod,1,55,13,needs,medium,2018,19,24,8073291
Nizhny Novgorod,1,32,9,needs,bad,2002,2,22,3776532
Nizhny Novgorod,2,67,15,needs,medium,1973,1,4,6388899
Nizhny Novgorod,3,90,12,needs,bad,1999,4,6,10427423
Nizhny Novgorod,4,126,16,needs,medium,1980,4,10,16246076
Nizhny Novgorod,5,146,17,not_needs,medium,2001,15,16,23362178
Nizhny Novgorod,2,75,15,not_needs,good,2020,6,6,12443067
Nizhny Novgorod,1,62,9,absolutely_needs,medium,1989,3,17,6697014
Nizhny Novgorod,2,75,16,needs,good,1989,4,6,9734328
Nizhny Novgorod,2,91,14,needs,bad,1995,4,17,8578088
Nizhny Novgorod,2,82,10,needs,medium,1966,22,25,7321584
Nizhny Novgorod,2,72,10,absolutely_needs,medium,2000,13,38,7372666
Nizhny Novgorod,2,69,9,needs,good,1961,23,23,7135650
Nizhny Novgorod,1,47,9,absolutely_needs,bad,2025,5,26,5622513
Nizhny Novgorod,2,93,12,needs,bad,1969,5,18,8419957
Nizhny Novgorod,2,90,11,not_needs,bad,1959,1,18,8841417
Nizhny Novgorod,4,127,13,not_needs,bad,1989,18,18,15842837
Nizhny Novgorod,1,54,15,not_needs,good,2016,4,5,9675873
Nizhny Novgorod,2,56,9,not_needs,very good,1989,4,18,10574365
Nizhny Novgorod,1,69,13,needs,medium,1972,3,9,6717899
Nizhny Novgorod,1,67,8,not_needs,medium,1988,21,23,9912229
Nizhny Novgorod,1,58,11,needs,medium,1975,3,20,6735331
Nizhny Novgorod,1,42,9,needs,good,2005,16,38,6419561
Nizhny Novgorod,2,93,10,needs,medium,2019,13,17,13127345
Nizhny Novgorod,1,69,13,not_needs,very bad,1986,9,33,5797419
Nizhny Novgorod,1,57,8,needs,medium,2024,20,26,7015360
Nizhny Novgorod,1,60,7,needs,very good,2001,11,22,11681243
Nizhny Novgorod,5,130,12,needs,good,2001,19,26,23260452
Nizhny Novgorod,1,41,6,needs,bad,1958,4,24,3054264
Nizhny Novgorod,1,56,5,not_needs,good,1963,13,34,7516782
Nizhny Novgorod,4,126,15,not_needs,bad,1965,20,23,14676708
Nizhny Novgorod,1,37,13,not_needs,good,1987,13,23,5849755
Nizhny Novgorod,3,85,12,absolutely_needs,bad,2023,32,35,8094037
Nizhny Novgorod,4,119,14,needs,good,2009,15,31,18153413
Nizhny Novgorod,3,105,14,absolutely_needs,good,1971,29,29,9584891
Nizhny Novgorod,4,110,15,needs,bad,1998,24,24,13103067
Nizhny Novgorod,3,98,12,absolutely_needs,medium,1972,14,30,9633663
Nizhny Novgorod,1,29,9,needs,medium,1980,13,15,3229193
Nizhny Novgorod,4,117,12,needs,medium,2016,16,20,15511861
Nizhny Novgorod,4,97,13,needs,medium,2021,1,19,13555000
Nizhny Novgorod,2,72,9,not_needs,medium,2024,3,4,12002138
Nizhny Novgorod,1,73,13,needs,very bad,2001,18,21,5665277
Nizhny Novgorod,1,59,8,absolutely_needs,medium,2010,2,14,6165465
Nizhny Novgorod,3,83,9,not_needs,good,2003,4,24,15883996
Nizhny Novgorod,4,116,16,not_needs,very bad,1989,4,10,12696041
Nizhny Novgorod,2,74,12,absolutely_needs,very good,1963,2,19,10566883
Nizhny Novgorod,2,79,5,needs,medium,1960,1,15,6950206
Nizhny Novgorod,1,54,10,not_needs,bad,2019,26,35,6630506
Nizhny Novgorod,3,91,12,not_needs,good,1960,2,26,10920799
Nizhny Novgorod,1,83,10,not_needs,bad,2014,6,8,10067591
Nizhny Novgorod,1,47,6,needs,medium,1979,3,3,4761125
Nizhny Novgorod,1,57,9,not_needs,good,2016,6,6,9026793
Nizhny Novgorod,3,104,14,not_needs,medium,2023,21,31,16045114
Nizhny Novgorod,4,109,17,needs,medium,1984,26,29,13430130
Nizhny Novgorod,1,57,11,not_needs,very good,1987,6,6,11259824
Nizhny Novgorod,1,52,6,needs,very good,1975,8,8,7190723
Nizhny Novgorod,3,85,13,needs,good,1994,15,38,11607430
Nizhny Novgorod,3,75,11,needs,good,1956,24,30,9038774
Nizhny Novgorod,2,78,12,absolutely_needs,very bad,2005,26,36,6119055
Nizhny Novgorod,1,67,10,needs,good,1959,9,15,8491440
Nizhny Novgorod,1,73,12,needs,very bad,2009,24,30,6766022
Nizhny Novgorod,3,80,10,absolutely_needs,good,1976,6,19,9495808
Nizhny Novgorod,1,60,12,needs,good,2011,27,28,9999674
Nizhny Novgorod,2,68,14,not_needs,good,2015,2,25,12961473
Nizhny Novgorod,3,96,10,not_needs,medium,1973,23,37,10686362
Nizhny Novgorod,1,43,7,not_needs,very good,1990,20,29,9235262
Nizhny Novgorod,2,96,12,not_needs,medium,2012,18,21,16199129
Nizhny Novgorod,2,71,11,needs,very bad,2025,13,19,7190877
Nizhny Novgorod,2,71,8,not_needs,medium,1984,5,11,8179968
Nizhny Novgorod,2,79,10,not_needs,medium,1984,4,6,11054441
Nizhny Novgorod,1,53,15,not_needs,medium,2000,19,28,7521047
Nizhny Novgorod,3,108,11,needs,medium,2002,8,18,12104505
Nizhny Novgorod,3,111,16,not_needs,medium,1981,2,3,15993593
Nizhny Novgorod,1,46,12,not_needs,very bad,2010,16,33,4458784
Nizhny Novgorod,1,67,12,needs,medium,1975,15,32,7851916
Nizhny Novgorod,4,111,12,not_needs,medium,1996,8,13,17497682
Nizhny Novgorod,5,126,17,not_needs,good,2009,2,6,23345056
Nizhny Novgorod,3,93,17,needs,medium,1969,10,16,9270819
Nizhny Novgorod,1,59,7,needs,bad,2025,6,9,7915431
Nizhny Novgorod,3,102,13,not_needs,good,1998,2,10,18071961
Nizhny Novgorod,1,75,11,not_needs,very bad,1983,9,12,7472321
Nizhny Novgorod,5,135,21,needs,very bad,1990,13,25,11108172
Nizhny Novgorod,3,98,8,not_needs,medium,1995,34,37,12853370
Nizhny Novgorod,3,100,14,not_needs,very good,2015,13,33,20889457
Nizhny Novgorod,1,61,9,not_needs,bad,1976,2,7,5942750
Nizhny Novgorod,5,125,19,needs,bad,1959,31,32,10981371
Nizhny Novgorod,2,64,15,needs,bad,1957,7,7,5440413
Nizhny Novgorod,1,44,6,absolutely_needs,medium,1997,29,29,4684456
Nizhny Novgorod,2,70,14,not_needs,very bad,1961,5,8,5727469
Nizhny Novgorod,1,61,11,not_needs,medium,1962,3,28,7036512
Nizhny Novgorod,4,134,14,absolutely_needs,medium,1966,30,34,12223218
Nizhny Novgorod,5,138,15,absolutely_needs,very bad,2019,5,16,11948046
Nizhny Novgorod,5,159,19,absolutely_needs,very good,1959,2,4,19945311
Nizhny Novgorod,4,117,18,absolutely_needs,medium,1995,22,33,14690810
Nizhny Novgorod,2,74,10,absolutely_needs,very good,1980,2,17,10179584
Nizhny Novgorod,3,101,14,needs,medium,1957,24,30,9429140
Nizhny Novgorod,4,100,11,needs,medium,2012,12,30,14978123
Nizhny Novgorod,2,81,12,absolutely_needs,good,2025,4,6,13424781
Nizhny Novgorod,1,66,13,needs,very good,1983,21,27,9600487
Nizhny Novgorod,2,69,14,not_needs,medium,1996,3,6,9768467
Nizhny Novgorod,4,112,12,needs,medium,2024,2,5,19279032
Nizhny Novgorod,1,39,7,not_needs,bad,1976,2,36,3988139
Nizhny Novgorod,1,30,10,needs,medium,1972,12,31,3447778
Nizhny Novgorod,1,58,11,not_needs,very good,1970,6,28,11225142
Nizhny Novgorod,3,98,15,not_needs,very good,1999,15,32,21586967
Nizhny Novgorod,1,50,11,not_needs,bad,1993,17,18,5688745
Nizhny Novgorod,2,72,12,absolutely_needs,very bad,2008,28,29,5533098
Nizhny Novgorod,3,91,13,needs,very bad,1999,7,14,8454600
Nizhny Novgorod,1,70,8,not_needs,medium,1967,9,33,7132934
Nizhny Novgorod,4,106,11,needs,very good,1957,1,3,16717585
Nizhny Novgorod,3,73,13,not_needs,very good,2003,24,29,17443786
Nizhny Novgorod,1,61,9,not_needs,good,1965,7,27,9304879
Nizhny Novgorod,2,68,16,not_needs,medium,2024,13,19,10664821
Nizhny Novgorod,1,58,5,absolutely_needs,good,2005,14,30,6864473
Nizhny Novgorod,1,34,7,not_needs,very good,2002,4,20,7411878
Nizhny Novgorod,2,75,11,needs,very good,1970,6,12,9981731
Nizhny Novgorod,3,92,11,needs,medium,1993,11,18,10652607
Nizhny Novgorod,1,57,10,not_needs,bad,1994,19,28,6549273
Nizhny Novgorod,1,50,9,not_needs,medium,2006,8,19,7142289
Nizhny Novgorod,1,72,12,needs,medium,1988,12,23,8091217
Nizhny Novgorod,3,88,17,needs,medium,2007,6,37,11778049
Nizhny Novgorod,4,109,12,not_needs,medium,2020,8,40,17447935
Nizhny Novgorod,5,125,14,needs,bad,1992,16,20,13045408
Nizhny Novgorod,3,106,8,needs,bad,2002,2,20,10339970
Nizhny Novgorod,4,108,14,absolutely_needs,medium,1976,30,31,11425999
Nizhny Novgorod,2,58,14,absolutely_needs,bad,1985,8,24,4363780
Nizhny Novgorod,2,74,12,not_needs,medium,1975,14,20,8702436
Nizhny Novgorod,5,131,14,absolutely_needs,medium,1970,18,36,13805557
Nizhny Novgorod,4,81,15,needs,good,2022,4,21,16263779
Nizhny Novgorod,5,123,17,absolutely_needs,medium,2021,23,29,18394830
Nizhny Novgorod,1,57,10,needs,good,1960,17,26,7253207
Nizhny Novgorod,4,87,15,not_needs,medium,1979,6,23,13315526
Nizhny Novgorod,1,59,13,needs,very good,1987,21,40,9796906
Nizhny Novgorod,1,39,10,needs,very bad,1982,6,28,3090792
Nizhny Novgorod,4,113,13,needs,very good,1957,14,17,15716498
Nizhny Novgorod,1,37,11,needs,bad,1991,7,14,3795498
Nizhny Novgorod,1,53,8,needs,medium,2005,24,30,6853116
Nizhny Novgorod,1,44,9,needs,medium,1994,7,36,5280366
Nizhny Novgorod,3,98,13,not_needs,very good,2021,20,36,21585929
Nizhny Novgorod,2,80,8,needs,very bad,1977,3,35,5416961
Nizhny Novgorod,2,77,11,needs,bad,2010,3,35,7967382
Nizhny Novgorod,2,88,14,needs,good,2000,5,20,14472495
Nizhny Novgorod,3,79,15,not_needs,good,1964,4,39,11600579
Nizhny Novgorod,3,99,13,needs,bad,1996,13,37,10133173
Nizhny Novgorod,1,63,8,needs,medium,1987,7,12,7530341
Nizhny Novgorod,2,80,12,absolutely_needs,very good,1989,1,25,10947745
Nizhny Novgorod,4,100,13,needs,very good,2001,22,32,21067588
Nizhny Novgorod,3,80,15,not_needs,medium,2006,15,15,11967551
Nizhny Novgorod,1,58,6,not_needs,good,1981,12,30,8551443
Nizhny Novgorod,3,72,14,needs,very bad,1965,16,23,5550213
Nizhny Novgorod,5,128,14,needs,medium,1999,8,8,14284433
Nizhny Novgorod,1,38,12,not_needs,medium,1962,27,38,4549846
Nizhny Novgorod,1,46,7,not_needs,medium,1961,24,35,5529894
Nizhny Novgorod,2,70,9,not_needs,good,1965,33,36,9138629
Nizhny Novgorod,2,66,8,not_needs,very good,1998,11,14,12432440
Nizhny Novgorod,2,69,8,absolutely_needs,good,1968,2,26,6687045
Nizhny Novgorod,4,122,16,needs,good,2019,31,35,22424108
Nizhny Novgorod,2,67,16,needs,medium,1974,5,8,6603276
Nizhny Novgorod,2,73,16,needs,very bad,2011,12,27,6488160
Nizhny Novgorod,3,93,14,absolutely_needs,bad,1995,9,25,7737030
Nizhny Novgorod,2,75,10,needs,bad,1999,23,31,7346133
Nizhny Novgorod,2,73,11,not_needs,bad,1991,8,20,7816205
Nizhny Novgorod,3,99,10,needs,very good,1965,18,31,15351240
Nizhny Novgorod,2,55,12,needs,medium,2016,6,36,7684879
Nizhny Novgorod,1,48,8,needs,good,1971,5,18,5803132
Nizhny Novgorod,3,83,13,not_needs,medium,1978,5,13,11246710
Nizhny Novgorod,1,53,13,not_needs,bad,2005,15,24,6875456
Nizhny Novgorod,1,45,8,needs,bad,1956,5,6,3393867
Nizhny Novgorod,3,88,12,not_needs,good,1972,8,14,11502525
Nizhny Novgorod,4,128,14,needs,medium,1999,4,10,19196332
Nizhny Novgorod,5,110,18,needs,bad,1990,10,35,11718736
Nizhny Novgorod,3,79,13,not_needs,very bad,2015,1,4,8905340
Nizhny Novgorod,3,87,16,not_needs,very bad,1960,29,32,6103332
Nizhny Novgorod,2,61,10,needs,medium,1998,12,15,7260360
Nizhny Novgorod,4,96,19,not_needs,medium,2004,3,25,13386761
Nizhny Novgorod,2,79,7,absolutely_needs,very good,1973,4,15,10847687
Nizhny Novgorod,1,64,14,not_needs,medium,2019,9,23,8853522
Nizhny Novgorod,4,111,16,not_needs,medium,2015,19,21,18296234
Nizhny Novgorod,1,61,9,not_needs,good,2018,11,14,11880393
Nizhny Novgorod,1,58,13,needs,bad,1974,23,31,4679930
Nizhny Novgorod,3,71,16,needs,medium,1995,9,36,7962359
Nizhny Novgorod,1,68,6,needs,very good,1962,3,5,9208460
Nizhny Novgorod,3,97,13,not_needs,medium,2022,4,17,17461475
Nizhny Novgorod,4,104,17,needs,good,2006,15,36,17115192
Nizhny Novgorod,3,87,16,absolutely_needs,medium,1965,18,23,8060654
Nizhny Novgorod,1,51,8,absolutely_needs,good,1996,7,16,6806089
Nizhny Novgorod,2,81,11,needs,bad,2001,21,27,8657787
Nizhny Novgorod,1,51,10,needs,good,2012,29,37,7464969
Nizhny Novgorod,2,61,10,needs,bad,2014,3,7,6496987
Nizhny Novgorod,1,45,12,needs,medium,2021,14,26,5613358
Nizhny Novgorod,2,85,10,needs,medium,1971,14,18,9392366
Nizhny Novgorod,1,57,9,needs,medium,1992,5,31,6146568
Nizhny Novgorod,4,120,15,not_needs,very bad,1958,28,40,9016984
Nizhny Novgorod,3,99,16,needs,good,1974,7,10,12708345
Nizhny Novgorod,4,101,16,not_needs,good,1981,3,12,17257098
Nizhny Novgorod,1,52,8,not_needs,medium,2001,3,24,6606412
Nizhny Novgorod,1,42,5,not_needs,medium,2003,31,33,5875899
Nizhny Novgorod,4,122,16,absolutely_needs,good,1966,18,37,15413848
Nizhny Novgorod,3,78,11,not_needs,bad,1982,36,39,7649955
Nizhny Novgorod,2,67,13,absolutely_needs,medium,1983,3,3,6001952
Nizhny Novgorod,1,50,11,absolutely_needs,very good,1983,14,18,6656062
Krasnoyarsk,3,86,11,absolutely_needs,medium,2006,12,15,10504313
Krasnoyarsk,4,129,16,absolutely_needs,good,1985,6,26,17820424
Krasnoyarsk,5,129,19,not_needs,medium,1986,3,6,17411484
Krasnoyarsk,1,54,9,absolutely_needs,very good,1991,5,20,8643910
Krasnoyarsk,2,60,11,absolutely_needs,good,2016,3,6,7880237
Krasnoyarsk,2,68,6,needs,good,1961,3,19,6767363
Krasnoyarsk,1,42,7,needs,medium,1964,9,12,4392100
Krasnoyarsk,1,40,9,not_needs,very good,1998,26,33,8900210
Krasnoyarsk,4,92,14,absolutely_needs,medium,1965,17,31,9077790
Krasnoyarsk,3,110,11,needs,good,2008,12,13,16913922
Krasnoyarsk,1,69,9,needs,bad,2024,1,11,6531477
Krasnoyarsk,3,81,12,needs,good,2007,10,13,12868634
Krasnoyarsk,3,72,14,needs,bad,1988,16,21,7478519
Krasnoyarsk,3,84,13,not_needs,medium,2014,5,9,12719516
Krasnoyarsk,3,103,16,absolutely_needs,medium,1980,1,18,8560989
Krasnoyarsk,1,61,5,needs,medium,1968,8,11,6614965
Krasnoyarsk,1,42,19,needs,bad,2025,1,4,5143220
Krasnoyarsk,1,23,12,needs,medium,1985,16,16,2466904
Krasnoyarsk,1,62,9,needs,medium,1960,7,36,5695712
Krasnoyarsk,2,80,9,needs,medium,1988,13,23,9491672
Krasnoyarsk,3,98,12,needs,medium,2019,8,10,11421361
Krasnoyarsk,2,76,11,needs,very good,1991,8,40,11068097
Krasnoyarsk,3,99,10,not_needs,bad,2019,1,4,13298600
Krasnoyarsk,3,103,12,needs,very bad,2002,7,23,7599971
Krasnoyarsk,2,60,12,needs,bad,1967,18,24,5118030
Krasnoyarsk,1,53,9,needs,bad,1997,5,11,4621789
Krasnoyarsk,2,68,10,needs,good,1995,6,14,10545507
Krasnoyarsk,1,73,13,not_needs,very bad,1995,7,32,6695728
Krasnoyarsk,1,57,8,needs,very good,2008,14,28,11680735
Krasnoyarsk,1,74,10,absolutely_needs,bad,1978,21,24,5344835
Krasnoyarsk,3,95,19,needs,good,1990,21,23,14191508
Krasnoyarsk,3,97,11,needs,good,2002,18,29,13961859
Krasnoyarsk,4,97,19,absolutely_needs,good,1955,7,13,10788003
Krasnoyarsk,2,77,12,not_needs,medium,1994,8,15,10268026
Krasnoyarsk,2,77,9,absolutely_needs,good,1964,5,19,7876887
Krasnoyarsk,1,60,8,not_needs,bad,1980,16,17,5855777
Krasnoyarsk,2,59,11,absolutely_needs,bad,1960,13,20,4303939
Krasnoyarsk,1,50,8,not_needs,good,1957,4,31,6755637
Krasnoyarsk,1,49,10,needs,good,1956,11,17,5262338
Krasnoyarsk,2,73,11,not_needs,medium,1988,13,30,9940498
Krasnoyarsk,2,67,8,not_needs,medium,2008,6,22,8681152
Krasnoyarsk,3,105,13,needs,bad,1994,15,34,10061261
Krasnoyarsk,2,70,10,needs,medium,1962,1,30,6068971
Krasnoyarsk,1,69,11,not_needs,medium,1978,13,16,7543869
Krasnoyarsk,2,83,9,not_needs,very bad,1980,7,9,7745002
Krasnoyarsk,4,124,14,needs,medium,1966,19,31,11981234
Krasnoyarsk,1,59,8,needs,medium,2010,3,5,7557907
Krasnoyarsk,3,85,12,needs,medium,1996,4,26,10311573
Krasnoyarsk,3,100,14,needs,very good,1978,3,15,14679371
Krasnoyarsk,1,50,11,not_needs,bad,2002,4,11,6604711
Krasnoyarsk,3,77,12,needs,medium,2010,4,5,8827829
Krasnoyarsk,2,53,6,needs,very bad,2025,7,35,5302135
Krasnoyarsk,1,68,10,not_needs,medium,1968,10,34,7050690
Krasnoyarsk,1,58,13,needs,medium,1968,16,28,6056939
Krasnoyarsk,3,103,14,needs,medium,2014,3,30,13899691
Krasnoyarsk,1,62,11,not_needs,good,1974,26,31,8693797
Krasnoyarsk,3,102,14,needs,good,2016,21,34,15346562
Krasnoyarsk,2,80,14,absolutely_needs,very bad,2014,15,17,6842588
Krasnoyarsk,2,54,9,needs,good,1979,4,35,7162911
Krasnoyarsk,1,57,7,not_needs,good,2019,14,26,11717619
Krasnoyarsk,4,112,13,not_needs,very good,2012,10,12,24973280
Krasnoyarsk,1,57,7,needs,bad,2001,24,27,5459121
Krasnoyarsk,3,70,12,not_needs,good,2005,17,30,10821268
Krasnoyarsk,4,117,18,needs,bad,1971,1,3,9560285
Krasnoyarsk,4,127,17,not_needs,good,1994,19,34,24455218
Krasnoyarsk,1,59,8,not_needs,bad,1965,2,22,4811651
Krasnoyarsk,4,109,16,needs,very bad,2019,16,37,9914544
Krasnoyarsk,1,62,12,not_needs,good,1981,10,28,8660770
Krasnoyarsk,1,49,5,not_needs,very bad,2004,6,13,4452542
Krasnoyarsk,2,50,15,needs,very bad,1991,23,33,4191661
Krasnoyarsk,1,44,5,not_needs,bad,1988,12,16,5244233
Krasnoyarsk,3,74,9,needs,good,1998,12,22,9835479
Krasnoyarsk,4,111,14,needs,bad,2008,19,35,14211248
Krasnoyarsk,3,110,12,absolutely_needs,good,1961,12,26,10276284
Krasnoyarsk,2,91,10,needs,very good,1993,30,31,14659825
Krasnoyarsk,5,113,19,not_needs,good,1961,9,33,16139105
Krasnoyarsk,3,108,18,absolutely_needs,medium,2014,9,24,11409977
Krasnoyarsk,4,108,17,needs,good,1965,17,40,13954635
Krasnoyarsk,4,107,15,needs,medium,1976,5,14,11018618
Krasnoyarsk,1,42,8,not_needs,medium,2020,20,20,7029129
Krasnoyarsk,2,78,15,needs,bad,2017,19,23,9053600
Krasnoyarsk,3,89,17,needs,good,1984,2,6,10638524
Krasnoyarsk,2,88,10,needs,good,2007,15,32,11999440
Krasnoyarsk,4,146,15,not_needs,medium,2006,2,23,24128579
Krasnoyarsk,1,83,11,needs,very good,1972,19,36,13422031
Krasnoyarsk,1,74,11,not_needs,very good,1971,4,16,13967256
Krasnoyarsk,1,62,12,not_needs,good,2005,9,9,11156004
Krasnoyarsk,5,132,17,not_needs,medium,2014,6,8,19955780
Krasnoyarsk,3,103,11,absolutely_needs,bad,2022,14,31,11555820
Krasnoyarsk,3,84,10,needs,medium,2010,20,26,11456969
Krasnoyarsk,1,52,10,not_needs,bad,1999,13,19,6618257
Krasnoyarsk,4,108,16,needs,medium,1999,5,14,12796236
Krasnoyarsk,1,58,8,needs,bad,1982,19,20,5552615
Krasnoyarsk,2,83,9,needs,medium,2008,15,17,11458857
Krasnoyarsk,2,95,10,not_needs,medium,2021,4,8,15607387
Krasnoyarsk,3,105,12,not_needs,medium,2016,30,37,15848750
Krasnoyarsk,2,80,5,needs,medium,1973,11,13,8998831
Krasnoyarsk,4,84,15,needs,bad,2006,9,14,10205920
Krasnoyarsk,1,51,11,not_needs,good,1997,10,12,7376701
Krasnoyarsk,4,122,13,not_needs,medium,1958,17,17,13347486
Krasnoyarsk,1,65,8,needs,very good,1990,10,22,11704256
Krasnoyarsk,1,56,7,needs,good,2016,6,6,9080701
Krasnoyarsk,3,93,13,not_needs,good,1989,7,13,15661722
Krasnoyarsk,3,96,13,not_needs,medium,2022,4,9,16088074
Krasnoyarsk,1,41,15,needs,very bad,1976,3,28,2902438
Krasnoyarsk,2,76,11,needs,very bad,1973,9,23,5315161
Krasnoyarsk,3,109,11,not_needs,very good,2017,3,6,23283447
Krasnoyarsk,1,59,13,not_needs,very bad,2002,31,39,6098219
Krasnoyarsk,5,152,19,absolutely_needs,bad,1965,14,21,10952241
Krasnoyarsk,2,39,13,needs,good,2001,30,35,6010688
Krasnoyarsk,4,115,16,absolutely_needs,good,1992,1,39,15350879
Krasnoyarsk,1,71,8,not_needs,very good,1981,16,29,11391084
Krasnoyarsk,3,101,11,needs,medium,1997,6,36,11835360
Krasnoyarsk,2,57,10,not_needs,very bad,2010,13,21,6187972
Krasnoyarsk,3,102,17,not_needs,very bad,1957,8,11,7556422
Krasnoyarsk,5,137,17,not_needs,medium,2017,1,39,20288297
Krasnoyarsk,5,124,13,not_needs,very bad,2019,5,5,13234440
Krasnoyarsk,1,38,9,not_needs,good,2025,3,5,7823221
Krasnoyarsk,4,102,13,not_needs,very good,2006,6,6,20188141
Krasnoyarsk,2,81,11,absolutely_needs,medium,2021,17,29,9104616
Krasnoyarsk,1,54,7,not_needs,good,1981,4,10,7163920
Krasnoyarsk,1,39,12,not_needs,medium,1958,28,30,3771704
Krasnoyarsk,3,79,9,not_needs,medium,2016,10,38,11245222
Krasnoyarsk,1,54,9,not_needs,good,2008,9,12,9610312
Krasnoyarsk,1,28,5,not_needs,good,1972,3,3,4058314
Krasnoyarsk,3,80,13,needs,medium,1965,27,33,7187304
Krasnoyarsk,3,86,13,needs,medium,2011,2,37,10077453
Krasnoyarsk,2,77,17,needs,very bad,1976,6,20,5754301
Krasnoyarsk,2,79,14,needs,very good,1955,13,35,9387992
Krasnoyarsk,1,52,9,absolutely_needs,medium,1972,12,23,4202409
Krasnoyarsk,4,117,13,not_needs,good,2023,6,10,25620008
Krasnoyarsk,3,102,14,needs,very good,1997,19,35,17737782
Krasnoyarsk,4,138,17,needs,medium,1967,15,24,12548592
Krasnoyarsk,1,60,11,absolutely_needs,bad,2010,2,34,5762574
Krasnoyarsk,1,38,9,needs,very good,2014,29,34,8195381
Krasnoyarsk,2,62,13,not_needs,bad,1986,6,17,6696055
Krasnoyarsk,3,91,9,not_needs,medium,2000,24,34,11227072
Krasnoyarsk,3,88,15,not_needs,good,1994,11,19,12618292
Krasnoyarsk,1,55,8,needs,medium,1992,6,20,5951500
Krasnoyarsk,4,98,13,needs,good,2019,10,22,16981340
Krasnoyarsk,2,62,12,needs,good,2025,10,15,10016750
Krasnoyarsk,2,62,10,needs,bad,1965,1,26,4895978
Krasnoyarsk,2,71,12,needs,good,2015,20,22,11267336
Krasnoyarsk,1,84,9,needs,good,1986,7,21,9517571
Krasnoyarsk,4,121,15,needs,good,2001,6,11,21092024
Krasnoyarsk,1,37,8,needs,very bad,1955,12,12,1938977
Krasnoyarsk,3,121,12,needs,very bad,1976,21,39,9647424
Krasnoyarsk,1,45,10,needs,good,1993,9,26,5868816
Krasnoyarsk,2,88,6,not_needs,bad,2002,11,33,10355138
Krasnoyarsk,1,52,11,not_needs,medium,1971,7,9,5156105
Krasnoyarsk,2,77,11,not_needs,good,1958,5,12,8510690
Krasnoyarsk,1,60,7,not_needs,bad,2002,5,15,6749298
Krasnoyarsk,2,81,15,not_needs,good,1991,12,19,12395851
Krasnoyarsk,3,88,16,not_needs,bad,1993,14,25,11121868
Krasnoyarsk,2,70,13,needs,bad,2017,6,14,8306319
Krasnoyarsk,2,77,9,needs,medium,1970,7,14,7503448
Krasnoyarsk,3,93,17,needs,medium,1989,2,28,10234895
Krasnoyarsk,1,74,6,not_needs,good,2023,2,13,14434192
Krasnoyarsk,5,108,18,not_needs,bad,1994,9,12,14778316
Krasnoyarsk,2,88,12,needs,good,1962,20,21,8935813
Krasnoyarsk,4,95,17,not_needs,very good,1967,12,14,15321955
Krasnoyarsk,2,82,10,not_needs,good,1986,27,30,11968968
Krasnoyarsk,1,64,6,needs,bad,2020,32,34,6862972
Krasnoyarsk,1,52,6,needs,good,2016,26,32,7077622
Krasnoyarsk,2,98,15,needs,good,1974,11,20,12790531
Krasnoyarsk,1,57,8,needs,medium,1996,5,13,6992149
Krasnoyarsk,1,44,13,absolutely_needs,bad,1983,8,31,3971335
Krasnoyarsk,2,67,9,needs,medium,1966,3,22,5756416
Krasnoyarsk,1,53,9,needs,medium,1991,9,32,6363002
Krasnoyarsk,1,23,8,needs,medium,1986,1,12,2261640
Krasnoyarsk,1,64,6,needs,very good,1968,15,36,9777000
Krasnoyarsk,1,54,6,needs,medium,1980,12,39,5302395
Krasnoyarsk,2,72,13,needs,medium,2007,7,30,7742044
Krasnoyarsk,3,99,15,not_needs,good,1984,21,24,15853886
Krasnoyarsk,3,78,9,absolutely_needs,good,2014,30,40,9881935
Krasnoyarsk,3,89,8,needs,very good,2024,19,32,15666031
Krasnoyarsk,2,76,11,absolutely_needs,medium,2020,6,26,9181624
Krasnoyarsk,1,60,12,absolutely_needs,medium,1971,16,34,4527275
Krasnoyarsk,4,90,16,not_needs,very good,1995,24,34,18992136
Krasnoyarsk,3,101,16,not_needs,very good,2013,1,3,23520829
Krasnoyarsk,2,89,10,needs,medium,2005,21,37,10458585
Krasnoyarsk,3,90,12,needs,bad,2011,5,5,10209621
Krasnoyarsk,4,119,11,not_needs,medium,1970,25,28,12648747
Krasnoyarsk,3,93,13,needs,bad,1984,1,9,8813847
Krasnoyarsk,3,115,11,absolutely_needs,medium,1975,2,9,9264488
Krasnoyarsk,3,86,14,not_needs,good,1982,2,6,11857969
Krasnoyarsk,4,106,16,needs,very bad,2007,5,22,10771576
Krasnoyarsk,3,93,9,not_needs,good,1990,13,30,15554006
Krasnoyarsk,2,78,11,needs,medium,1973,14,30,7025395
Krasnoyarsk,1,40,13,not_needs,good,1995,2,15,6782895
Krasnoyarsk,2,64,16,needs,bad,1999,25,35,6862330
Krasnoyarsk,1,48,11,needs,very bad,2008,25,32,4451263
Krasnoyarsk,3,95,18,absolutely_needs,bad,1980,29,31,7987837
Krasnoyarsk,3,91,12,needs,medium,2022,2,18,11536094
Krasnoyarsk,1,50,7,needs,bad,1984,2,21,5046852
Krasnoyarsk,1,57,10,not_needs,very good,2019,7,8,11761264
Krasnoyarsk,3,90,15,needs,medium,2016,17,24,11127710
Krasnoyarsk,2,75,13,absolutely_needs,bad,2004,22,29,6233601
Krasnoyarsk,1,51,9,absolutely_needs,medium,1990,8,10,4586995
Krasnoyarsk,3,67,13,not_needs,medium,2010,4,5,9925434
Krasnoyarsk,2,65,13,not_needs,very good,1994,19,19,12505509
Krasnoyarsk,2,80,7,needs,very bad,1978,2,16,5328810
Krasnoyarsk,1,64,10,needs,bad,1964,3,31,4967455
Krasnoyarsk,4,120,14,not_needs,good,1978,2,15,21009658
Krasnoyarsk,3,86,18,needs,bad,1955,13,14,7060330
Krasnoyarsk,5,112,15,not_needs,medium,2012,19,24,17462458
Krasnoyarsk,2,50,9,not_needs,bad,2010,15,34,5479467
Krasnoyarsk,1,59,13,not_needs,good,2014,26,28,11102913
Krasnoyarsk,3,112,15,not_needs,medium,1957,1,3,12042762
Krasnoyarsk,2,72,13,not_needs,good,2002,7,35,11913181
Krasnoyarsk,1,64,12,needs,medium,2011,14,29,7234896
Krasnoyarsk,1,55,6,absolutely_needs,medium,1987,3,16,4961318
Krasnoyarsk,4,109,18,not_needs,medium,2010,20,35,18950475
Krasnoyarsk,4,100,13,not_needs,very good,1995,29,34,24203215
Krasnoyarsk,2,76,13,needs,medium,1980,26,28,7722826
Krasnoyarsk,2,65,8,absolutely_needs,good,1976,3,4,6670070
Krasnoyarsk,1,39,11,not_needs,good,1956,8,21,5333847
Krasnoyarsk,3,69,15,needs,medium,2022,4,4,8546323
Krasnoyarsk,1,43,6,not_needs,good,1968,2,11,6002851
Krasnoyarsk,2,71,10,not_needs,good,1970,5,30,9062072
Krasnoyarsk,2,60,10,needs,medium,1955,8,22,5536065
Krasnoyarsk,2,88,8,needs,bad,1977,8,10,7499937
Krasnoyarsk,1,36,8,absolutely_needs,very bad,2017,21,27,2652985
Krasnoyarsk,4,115,16,needs,very bad,1958,30,37,8149970
Krasnoyarsk,2,80,14,not_needs,good,1996,20,23,12462471
Krasnoyarsk,1,82,11,not_needs,good,1957,6,17,10478320
Krasnoyarsk,4,98,16,not_needs,bad,2018,12,13,15424987
Krasnoyarsk,1,55,7,absolutely_needs,medium,1982,25,37,5324784
Krasnoyarsk,2,42,10,absolutely_needs,medium,1999,31,32,4013819
Krasnoyarsk,2,86,10,needs,good,1973,1,3,10801393
Krasnoyarsk,2,59,13,needs,medium,2015,4,6,8145231
Krasnoyarsk,1,61,8,needs,good,2015,16,37,8528567
Krasnoyarsk,3,95,9,absolutely_needs,good,2000,14,27,12021136
Krasnoyarsk,2,54,14,not_needs,medium,1987,2,7,6952744
Krasnoyarsk,3,80,14,absolutely_needs,medium,1992,1,4,7149468
Krasnoyarsk,1,68,10,not_needs,bad,1972,1,7,6984972
Krasnoyarsk,3,105,14,not_needs,medium,2016,20,25,16970139
Krasnoyarsk,1,56,10,absolutely_needs,medium,1992,10,18,4833926
Krasnoyarsk,2,52,6,needs,bad,1958,18,22,4312531
Krasnoyarsk,4,99,15,absolutely_needs,bad,2020,15,30,9301829
Krasnoyarsk,2,51,9,not_needs,good,2006,1,15,7973961
Krasnoyarsk,1,80,9,not_needs,good,1973,21,23,10127530
Krasnoyarsk,1,36,10,needs,medium,2015,3,38,4918168
Krasnoyarsk,2,84,14,absolutely_needs,very good,2006,25,31,13800480
Krasnoyarsk,3,91,12,needs,medium,2003,10,37,11657461
Krasnoyarsk,3,102,14,needs,good,1972,19,31,11122255
Krasnoyarsk,2,72,14,not_needs,medium,1987,17,36,9524277
Krasnoyarsk,3,68,16,absolutely_needs,bad,2007,8,14,6671497
Krasnoyarsk,2,67,9,not_needs,medium,1976,25,26,8567029
Krasnoyarsk,1,66,9,needs,good,2022,9,27,11875446
Krasnoyarsk,2,82,12,absolutely_needs,medium,1969,6,40,7786259
Krasnoyarsk,2,81,10,not_needs,good,1979,1,8,10200117
Krasnoyarsk,1,57,8,not_needs,good,1986,4,33,8191514
Krasnoyarsk,2,109,14,needs,medium,2000,6,6,12024066
Krasnoyarsk,3,100,13,needs,very good,1999,3,7,17990205
Krasnoyarsk,3,105,13,not_needs,good,1998,8,23,18912366
Krasnoyarsk,1,43,7,not_needs,bad,1955,11,25,3483606
Krasnoyarsk,3,76,11,not_needs,good,1997,19,27,13214016
Krasnoyarsk,3,83,13,needs,bad,1987,9,40,7607321
Krasnoyarsk,3,119,15,absolutely_needs,medium,1973,1,24,9696393
Krasnoyarsk,2,86,11,not_needs,medium,1977,3,9,9856435
Krasnoyarsk,2,68,7,not_needs,very bad,1969,1,3,4598096
Krasnoyarsk,1,32,9,needs,good,1958,21,33,3282209
Krasnoyarsk,1,51,9,not_needs,medium,2006,8,13,7347179
Krasnoyarsk,3,82,14,absolutely_needs,good,1982,5,5,9866949
Krasnoyarsk,2,77,12,needs,very good,2016,2,12,13706192
Krasnoyarsk,3,83,15,not_needs,very bad,2022,12,37,9196690
Krasnoyarsk,5,111,17,absolutely_needs,good,1956,7,24,10883242
Krasnoyarsk,3,80,14,absolutely_needs,medium,1996,31,38,8033044
Krasnoyarsk,4,119,11,needs,very bad,1989,5,23,9948969
Krasnoyarsk,5,102,19,not_needs,medium,1976,10,10,12911461
Krasnoyarsk,1,55,9,needs,good,1994,7,14,8050911
Krasnoyarsk,4,104,12,absolutely_needs,medium,1981,31,35,9551095
Krasnoyarsk,2,60,11,needs,very good,1974,2,20,8201301
Krasnoyarsk,5,130,12,not_needs,medium,2019,10,11,20050326
Krasnoyarsk,4,115,17,needs,medium,1982,7,13,12095760
Krasnoyarsk,1,60,5,needs,medium,1971,6,39,5934716
Krasnoyarsk,3,82,12,needs,medium,1974,9,31,7486756
Krasnoyarsk,2,64,9,absolutely_needs,bad,1958,2,3,4126556
Krasnoyarsk,3,74,14,needs,very good,1957,24,38,10515015
Krasnoyarsk,2,66,9,not_needs,bad,2022,1,5,7761645
Krasnoyarsk,2,68,12,needs,medium,1985,3,4,6537496
Krasnoyarsk,1,57,6,needs,bad,2012,7,8,5473217
Krasnoyarsk,4,108,7,needs,medium,2015,9,14,16347976
Krasnoyarsk,2,73,7,needs,bad,2025,4,7,7486674
Krasnoyarsk,2,79,11,not_needs,bad,2008,8,20,8433494
Krasnoyarsk,3,89,15,needs,good,1993,13,23,11643907
Krasnoyarsk,2,68,7,absolutely_needs,very bad,2020,4,17,5539743
Krasnoyarsk,3,109,12,needs,medium,1964,3,3,8582113
Krasnoyarsk,1,50,9,needs,medium,1971,8,15,5442222
Krasnoyarsk,1,62,11,needs,good,1960,8,22,6527064
Krasnoyarsk,1,51,10,not_needs,very good,1972,10,34,7697782
Krasnoyarsk,1,76,9,absolutely_needs,medium,1980,4,4,7487136
Krasnoyarsk,2,79,13,not_needs,bad,1981,16,39,7502806
Krasnoyarsk,1,41,8,absolutely_needs,very good,2012,22,27,7655118
Krasnoyarsk,1,67,12,not_needs,bad,2013,17,40,9008668
Krasnoyarsk,2,83,12,absolutely_needs,good,2009,4,24,11826785
Krasnoyarsk,1,64,6,needs,medium,1982,2,20,6355855
Krasnoyarsk,2,78,12,needs,bad,2021,2,8,8229843
Krasnoyarsk,3,77,14,absolutely_needs,very good,2023,7,36,14378025
Krasnoyarsk,4,92,13,needs,medium,1974,21,26,10495168
Krasnoyarsk,4,136,13,needs,medium,1996,1,15,17322029
Krasnoyarsk,3,88,11,not_needs,medium,1964,1,4,8013789
Krasnoyarsk,3,109,12,needs,very bad,1959,31,36,6315221
Krasnoyarsk,5,135,14,not_needs,very bad,1965,1,19,11917124
Krasnoyarsk,2,84,14,not_needs,good,2023,3,21,15099376
Krasnoyarsk,2,82,15,needs,very bad,1992,9,27,6954335
Krasnoyarsk,3,92,11,absolutely_needs,very bad,1956,7,16,5517337
Krasnoyarsk,4,96,15,not_needs,very bad,2004,22,22,10020339
Krasnoyarsk,5,120,16,not_needs,very good,2006,2,5,27828792
Krasnoyarsk,2,67,6,not_needs,good,1987,16,27,9921191
Krasnoyarsk,3,88,15,not_needs,very bad,2000,12,17,9373474
Krasnoyarsk,1,55,9,needs,medium,2020,6,7,7756428
Krasnoyarsk,3,98,13,needs,medium,2010,5,5,10400788
Krasnoyarsk,1,38,8,needs,bad,1986,9,12,3742438
Krasnoyarsk,2,68,12,absolutely_needs,very bad,1983,37,39,4221847
Krasnoyarsk,4,103,14,not_needs,very bad,1964,14,22,7543977
Krasnoyarsk,1,42,6,needs,bad,1994,32,39,3597789
Krasnoyarsk,2,63,12,not_needs,good,1996,15,22,11235047
Krasnoyarsk,1,35,9,needs,good,1992,4,7,4750103
Krasnoyarsk,1,48,12,not_needs,very bad,1969,15,16,3606857
Krasnoyarsk,1,52,9,needs,bad,1983,2,36,4589090
Krasnoyarsk,1,66,9,needs,good,1996,13,24,9885970
Krasnoyarsk,2,63,12,absolutely_needs,medium,2004,23,27,5854207
Krasnoyarsk,2,72,12,absolutely_needs,medium,1978,1,31,6719793
Krasnoyarsk,2,61,10,needs,medium,1963,26,27,5761059
Krasnoyarsk,3,99,13,needs,medium,2015,3,15,12079135
Krasnoyarsk,5,131,15,absolutely_needs,medium,2010,12,18,15886867
Krasnoyarsk,1,61,10,needs,very bad,2011,12,30,5684195
Krasnoyarsk,1,50,8,needs,medium,1993,21,27,5532130
Krasnoyarsk,2,88,10,absolutely_needs,good,1986,12,26,9312209
Krasnoyarsk,3,105,9,not_needs,bad,1997,1,3,11894102
Krasnoyarsk,5,125,18,not_needs,good,1989,2,40,20666604
Krasnoyarsk,1,62,9,absolutely_needs,bad,2023,4,10,6170226
Krasnoyarsk,2,93,9,absolutely_needs,very bad,1969,28,31,5499536
Krasnoyarsk,2,91,8,not_needs,very bad,1958,4,25,6756598
Krasnoyarsk,1,70,8,needs,medium,1987,1,8,6600645
Krasnoyarsk,5,132,21,not_needs,bad,2021,1,10,20048054
Krasnoyarsk,2,73,8,needs,good,1957,10,31,7493163
Krasnoyarsk,1,53,14,absolutely_needs,very bad,1983,4,15,3913289
Krasnoyarsk,2,83,9,not_needs,very good,2014,3,7,20488969
Krasnoyarsk,1,62,10,absolutely_needs,bad,1992,16,28,5595313
Krasnoyarsk,1,47,8,not_needs,bad,1963,7,31,3907143
Krasnoyarsk,3,89,12,absolutely_needs,medium,1998,2,18,8704022
Krasnoyarsk,2,58,9,absolutely_needs,very bad,2002,12,32,3983619
Krasnoyarsk,2,75,12,needs,very good,1968,9,10,11641904
Krasnoyarsk,2,56,7,needs,very good,1983,5,11,7977135
Krasnoyarsk,3,92,12,absolutely_needs,good,2006,9,26,10978607
Krasnoyarsk,2,77,13,needs,bad,2017,8,17,8166733
Krasnoyarsk,2,71,15,needs,very bad,2014,18,19,6662574
Krasnoyarsk,3,83,14,absolutely_needs,medium,1975,20,26,7677124
Krasnoyarsk,1,38,5,needs,bad,1987,14,24,3718561
Krasnoyarsk,4,89,13,not_needs,medium,1975,4,5,11042863
Krasnoyarsk,2,68,9,needs,medium,1979,15,35,7759825
Krasnoyarsk,4,92,21,absolutely_needs,very good,1980,11,20,14817330
Krasnoyarsk,1,57,8,needs,very bad,1988,8,16,3993197
Krasnoyarsk,3,97,16,not_needs,medium,1984,5,13,12687740
Krasnoyarsk,1,44,9,needs,bad,2019,22,27,5048069
Krasnoyarsk,2,71,7,not_needs,good,1955,6,26,8527116
Krasnoyarsk,1,54,9,absolutely_needs,medium,1964,8,25,4086284
Krasnoyarsk,3,70,14,not_needs,medium,1997,2,5,9980254
Krasnoyarsk,1,78,12,not_needs,very good,1981,10,18,13341809
Krasnoyarsk,3,103,12,not_needs,medium,2008,6,6,12576669
Krasnoyarsk,2,87,9,not_needs,medium,1995,8,34,13060435
Krasnoyarsk,1,65,9,needs,medium,1989,3,4,8108415
Krasnoyarsk,1,66,8,not_needs,bad,1990,5,12,7060622
Krasnoyarsk,2,65,8,needs,very good,2025,8,13,12425527
Krasnoyarsk,2,78,11,absolutely_needs,very bad,1979,3,29,4333540
Krasnoyarsk,1,43,7,needs,good,1993,29,32,5604222
Krasnoyarsk,2,86,15,not_needs,medium,1971,25,36,9435843
Krasnoyarsk,1,67,8,needs,medium,2000,12,16,7601953
Krasnoyarsk,1,63,6,needs,medium,1999,28,33,7594840
Krasnoyarsk,1,68,5,absolutely_needs,very bad,1974,2,35,4036053
Krasnoyarsk,3,95,13,not_needs,bad,1983,4,14,10830403
Krasnoyarsk,3,82,17,needs,medium,2015,3,7,11365223
Krasnoyarsk,3,95,14,needs,medium,1993,12,27,11569669
Krasnoyarsk,5,117,15,not_needs,medium,1987,21,39,17575553
Krasnoyarsk,2,88,12,needs,very good,1977,4,14,14601439
Krasnoyarsk,2,68,12,absolutely_needs,very bad,1958,11,17,3772903
Krasnoyarsk,2,52,11,not_needs,good,1967,25,26,7758941
Krasnoyarsk,1,49,11,not_needs,very good,2020,33,35,10519628
Krasnoyarsk,2,61,9,not_needs,bad,2025,24,25,7578470
Krasnoyarsk,3,107,13,not_needs,very good,2012,23,34,21449202
Krasnoyarsk,2,91,9,not_needs,bad,1970,2,19,9878854
Krasnoyarsk,1,48,12,needs,bad,1971,16,30,4216874
Krasnoyarsk,2,67,7,absolutely_needs,bad,1995,3,10,5469499
Krasnoyarsk,1,50,9,needs,bad,2025,14,21,5125722
Krasnoyarsk,1,51,10,needs,very bad,1985,4,5,4244371
Krasnoyarsk,1,75,5,needs,bad,2020,14,16,9238340
Krasnoyarsk,3,77,14,not_needs,good,1964,18,23,9617137
Krasnoyarsk,2,73,12,needs,very bad,1958,7,27,4210179
Krasnoyarsk,3,79,14,needs,medium,1990,22,39,7719653
Krasnoyarsk,1,44,7,needs,good,2008,12,24,6912835
Krasnoyarsk,3,92,15,not_needs,good,2004,6,14,15380775
Krasnoyarsk,3,81,12,needs,medium,1993,33,33,9725261
Krasnoyarsk,3,98,9,not_needs,very bad,2005,20,21,9380162
Krasnoyarsk,2,81,9,not_needs,bad,2016,28,33,9176799
Krasnoyarsk,1,46,11,not_needs,good,2014,8,24,8408644
Krasnoyarsk,2,82,16,absolutely_needs,bad,1967,7,12,5137672
Krasnoyarsk,3,79,15,not_needs,medium,1991,6,20,9406498
Krasnoyarsk,5,117,17,needs,medium,1978,5,18,12478126
Krasnoyarsk,2,54,11,not_needs,bad,1961,7,20,4322851
Krasnoyarsk,3,84,15,needs,medium,2020,7,18,11411069
Krasnoyarsk,1,63,13,needs,good,2017,28,40,11045950
Krasnoyarsk,5,134,19,needs,very good,1990,13,19,25546479
Krasnoyarsk,3,103,10,needs,good,2013,6,6,13404301
Krasnoyarsk,5,136,18,not_needs,medium,1990,15,38,17521746
Krasnoyarsk,2,66,14,not_needs,bad,1993,15,20,8029683
Krasnoyarsk,3,76,13,not_needs,good,2010,25,40,13716958
Krasnoyarsk,3,101,11,not_needs,good,1965,6,29,13860795
Krasnoyarsk,1,61,7,absolutely_needs,medium,2016,2,22,7140038
Krasnoyarsk,1,35,14,needs,very good,1994,5,18,6471449
Krasnoyarsk,1,52,10,needs,medium,1991,3,36,5853919
Krasnoyarsk,1,49,10,absolutely_needs,medium,1963,18,39,4178827
Krasnoyarsk,2,65,8,needs,good,1963,3,26,7151093
Krasnoyarsk,2,81,14,needs,medium,2022,2,6,9996477
Krasnoyarsk,5,115,20,not_needs,medium,2022,1,27,16688515
Krasnoyarsk,2,66,11,not_needs,medium,2024,12,37,11049292
Krasnoyarsk,1,37,6,needs,good,1966,9,14,4732538
Krasnoyarsk,3,116,10,needs,very good,2017,9,13,20609765
Krasnoyarsk,1,52,6,not_needs,medium,1996,10,23,6475882
Krasnoyarsk,3,97,12,not_needs,medium,2021,1,8,12642472
Krasnoyarsk,2,72,13,not_needs,medium,1956,6,17,6913527
Krasnoyarsk,1,70,11,needs,good,2018,6,29,12385849
Krasnoyarsk,1,70,10,absolutely_needs,medium,1991,10,24,6645886
Krasnoyarsk,2,84,9,needs,medium,2022,17,25,11813518
Krasnoyarsk,4,77,17,absolutely_needs,good,2003,16,35,10865660
Krasnoyarsk,2,58,11,not_needs,very good,2000,1,36,11074011
Krasnoyarsk,1,54,16,absolutely_needs,medium,1957,5,12,4365335
Krasnoyarsk,4,130,14,needs,bad,1963,11,16,10692490
Krasnoyarsk,1,40,14,not_needs,medium,1955,12,24,3592144
Krasnoyarsk,2,88,10,not_needs,good,2020,9,13,17799482
Krasnoyarsk,4,112,11,absolutely_needs,very good,2006,13,15,18175991
Krasnoyarsk,1,53,8,needs,medium,2007,15,15,6997648
Krasnoyarsk,2,82,17,needs,bad,1983,6,26,7986061
Krasnoyarsk,1,60,7,needs,medium,2005,12,18,6880646
Krasnoyarsk,1,53,5,needs,bad,1957,7,7,4148268
Krasnoyarsk,3,89,12,needs,good,1959,10,23,8512079
Krasnoyarsk,2,47,13,not_needs,good,1984,7,11,7423850
Krasnoyarsk,1,54,11,not_needs,bad,1972,14,18,5739652
Krasnoyarsk,5,143,21,needs,good,2022,1,8,23057412
Krasnoyarsk,4,116,15,not_needs,medium,2023,24,29,21901896
Krasnoyarsk,3,77,14,not_needs,bad,2006,26,40,10203889
Krasnoyarsk,2,64,10,needs,very bad,1992,14,38,4880212
Krasnoyarsk,1,40,14,not_needs,good,2000,7,18,6890423
Krasnoyarsk,3,105,15,not_needs,very good,1959,19,30,17144277
Krasnoyarsk,3,103,8,not_needs,good,2003,5,13,16805084
Krasnoyarsk,2,54,12,needs,medium,2012,2,15,6970803
Krasnoyarsk,1,49,12,needs,bad,1994,19,27,4790220
Krasnoyarsk,3,100,8,not_needs,medium,1994,16,20,14564343
Krasnoyarsk,2,56,11,not_needs,bad,2005,11,11,6552075
Krasnoyarsk,5,119,11,not_needs,bad,1992,31,32,15216691
Krasnoyarsk,2,60,9,needs,good,1963,31,37,6778739
Krasnoyarsk,5,110,18,absolutely_needs,very bad,2015,1,8,8554112
Krasnoyarsk,3,65,13,needs,medium,2001,35,38,8469479
Krasnoyarsk,1,49,10,needs,very good,2013,20,31,8684392
Krasnoyarsk,1,36,9,needs,medium,1996,4,40,4458772
Krasnoyarsk,2,71,10,needs,bad,1976,8,8,5477917
Krasnoyarsk,2,75,15,needs,bad,1999,23,25,7951239
Krasnoyarsk,2,86,12,not_needs,medium,1968,6,29,10775156
Krasnoyarsk,4,121,16,not_needs,medium,1977,11,25,13730588
Krasnoyarsk,2,83,12,needs,very good,1976,5,9,13748874
Krasnoyarsk,1,55,8,needs,good,1978,3,35,6623596
Krasnoyarsk,1,50,9,not_needs,very good,1957,12,18,7101588
Krasnoyarsk,1,44,9,needs,bad,1993,17,19,3803547
Krasnoyarsk,2,82,13,absolutely_needs,medium,1975,13,19,8008086
Krasnoyarsk,2,117,13,needs,medium,2011,28,35,15560468
Krasnoyarsk,5,120,15,absolutely_needs,medium,1981,4,5,11053543
Krasnoyarsk,3,108,13,not_needs,very good,1963,12,37,18576154
Krasnoyarsk,4,112,14,absolutely_needs,very good,1993,10,28,18211084
Krasnoyarsk,3,84,10,absolutely_needs,good,2013,26,30,12649419
Krasnoyarsk,1,57,9,needs,good,2007,15,22,9057617
Krasnoyarsk,3,78,15,needs,good,2006,33,33,12437365
Krasnoyarsk,1,44,10,needs,very good,2021,3,36,9359301
Krasnoyarsk,2,90,10,needs,bad,1962,3,20,7343748
Krasnoyarsk,2,60,8,absolutely_needs,good,1975,13,27,6798935
Krasnoyarsk,2,68,12,needs,very good,2015,27,29,12263136
Krasnoyarsk,3,107,13,not_needs,good,1964,1,12,14122115
Krasnoyarsk,3,90,9,absolutely_needs,medium,1993,16,23,9828135
Krasnoyarsk,1,59,12,needs,medium,2020,1,9,6510453
Krasnoyarsk,3,92,14,absolutely_needs,bad,1991,27,33,7714074
Krasnoyarsk,2,65,10,needs,medium,1990,18,29,7948428
Krasnoyarsk,1,58,11,not_needs,good,2016,5,14,11846308
Krasnoyarsk,1,65,6,needs,medium,2002,12,26,7389193
Krasnoyarsk,4,95,12,not_needs,good,1957,6,12,13624653
Krasnoyarsk,4,115,19,needs,good,1999,11,18,15308442
Krasnoyarsk,3,82,11,needs,good,1975,4,21,9966680
Krasnoyarsk,5,116,14,needs,medium,1957,9,21,12289464
Krasnoyarsk,3,109,14,needs,medium,1955,2,27,9003731
Krasnoyarsk,2,84,10,absolutely_needs,very good,1979,3,3,10198883
Krasnoyarsk,1,44,7,absolutely_needs,bad,2013,13,39,4366551
Krasnoyarsk,2,78,9,needs,very good,2008,16,23,15025155
Krasnoyarsk,3,87,14,not_needs,medium,1995,2,6,10327692
Krasnoyarsk,1,33,11,needs,bad,2000,25,27,3593010
Krasnoyarsk,4,106,15,not_needs,very bad,2012,19,21,10224382
Krasnoyarsk,1,45,13,absolutely_needs,medium,1995,6,23,3968771
Krasnoyarsk,1,62,10,needs,good,1999,6,21,8457370
Krasnoyarsk,4,118,18,absolutely_needs,bad,2016,40,40,11250430
Krasnoyarsk,2,83,14,not_needs,medium,1986,8,9,10487833
Krasnoyarsk,3,95,6,needs,medium,1957,20,28,9219714
Krasnoyarsk,1,45,14,not_needs,medium,1997,29,36,6076977
Krasnoyarsk,2,86,14,not_needs,very bad,1956,7,21,5349392
Krasnoyarsk,2,41,6,absolutely_needs,medium,2012,11,13,5162849
Krasnoyarsk,1,67,10,needs,medium,1989,9,34,7535720
Krasnoyarsk,1,58,8,not_needs,medium,1969,20,23,6316654
Krasnoyarsk,2,60,12,absolutely_needs,bad,1959,17,23,3700849
Krasnoyarsk,2,68,10,needs,very bad,1969,10,19,4782944
Krasnoyarsk,3,91,8,not_needs,good,1968,4,7,12233230
Krasnoyarsk,4,111,14,needs,good,1978,5,7,16205490
Krasnoyarsk,1,54,9,absolutely_needs,bad,1964,13,20,3699247
Krasnoyarsk,3,90,8,needs,medium,1989,1,13,9331904
Krasnoyarsk,1,65,8,not_needs,very good,1998,14,22,11812115
Krasnoyarsk,3,124,11,absolutely_needs,medium,1985,20,35,10392168
Krasnoyarsk,1,69,7,not_needs,good,2022,4,7,13883701
Krasnoyarsk,1,67,7,not_needs,good,2004,4,12,10885088
Krasnoyarsk,3,85,15,not_needs,bad,2010,10,17,11786114
Krasnoyarsk,2,77,12,needs,medium,1990,17,37,9162753
Krasnoyarsk,2,85,11,not_needs,bad,2009,16,24,11477233
Krasnoyarsk,3,105,18,absolutely_needs,very bad,1972,12,12,6598799
Krasnoyarsk,4,106,13,not_needs,very good,1999,2,15,22513270
Krasnoyarsk,5,133,17,absolutely_needs,good,1987,11,18,18614630
Krasnoyarsk,3,117,13,needs,bad,1955,23,38,8535232
Krasnoyarsk,3,74,9,needs,good,1972,7,25,8106627
Krasnoyarsk,1,44,10,not_needs,good,2010,8,32,7649586
Krasnoyarsk,1,40,11,needs,very bad,1957,3,28,2691004
Krasnoyarsk,2,76,13,needs,very good,1996,2,8,14378591
Krasnoyarsk,4,114,18,not_needs,good,1957,8,25,15901452
Krasnoyarsk,1,53,9,needs,very bad,2025,1,4,4848496
Krasnoyarsk,1,36,7,needs,very bad,1975,17,32,2695887
Krasnoyarsk,3,79,15,needs,very bad,2010,11,13,7299454
Krasnoyarsk,2,65,10,needs,very bad,1998,14,16,4913009
Krasnoyarsk,1,54,10,absolutely_needs,very good,2005,2,34,8284684
Krasnoyarsk,3,82,9,absolutely_needs,bad,1973,6,30,6514771
Krasnoyarsk,2,70,9,not_needs,bad,1964,24,25,5793663
Krasnoyarsk,2,81,12,absolutely_needs,bad,1977,5,5,5313640
Krasnoyarsk,1,54,13,absolutely_needs,good,1969,15,29,5552923
Krasnoyarsk,1,74,13,needs,very good,1970,2,14,11623867
Krasnoyarsk,1,61,8,not_needs,medium,1960,25,38,6815759
Krasnoyarsk,2,86,6,not_needs,medium,2001,10,10,11672015
Krasnoyarsk,3,74,12,absolutely_needs,medium,2018,4,8,8685070
Krasnoyarsk,1,65,11,needs,very bad,1957,4,7,4156195
Krasnoyarsk,3,102,11,needs,good,1974,12,35,12225667
Krasnoyarsk,5,102,12,absolutely_needs,very good,2017,11,14,20744510
Krasnoyarsk,1,88,6,needs,bad,1990,10,21,7347881
Krasnoyarsk,2,80,14,absolutely_needs,good,1998,3,4,9137929
Krasnoyarsk,3,80,13,needs,medium,1959,8,28,7537693
Krasnoyarsk,4,99,14,needs,good,2007,22,33,14631250
Krasnoyarsk,4,135,16,not_needs,medium,2004,1,37,19612675
Krasnoyarsk,4,112,15,needs,good,1966,3,3,13014587
Krasnoyarsk,3,100,16,not_needs,medium,2011,11,18,16261244
Krasnoyarsk,5,125,19,not_needs,medium,1977,26,32,14860621
Krasnoyarsk,2,65,9,needs,medium,2011,25,27,8189433
Krasnoyarsk,3,86,13,not_needs,very bad,1994,5,18,7040388
Krasnoyarsk,1,61,10,absolutely_needs,medium,1978,9,39,4893569
Krasnoyarsk,1,51,11,needs,medium,1991,16,39,5134223
Krasnoyarsk,5,131,20,needs,medium,2022,14,36,19983463
Krasnoyarsk,1,66,12,needs,medium,1986,22,22,7037145
Krasnoyarsk,4,105,14,needs,very good,2023,24,39,23797045
Krasnoyarsk,4,91,14,not_needs,very good,2004,4,22,18093688
Krasnoyarsk,4,102,17,not_needs,very good,1987,3,16,22395045
Krasnoyarsk,2,68,6,needs,medium,1963,2,22,6014183
Krasnoyarsk,3,96,10,needs,bad,1960,20,37,6436491
Krasnoyarsk,3,84,12,not_needs,good,1974,20,24,11560774
Krasnoyarsk,2,68,15,needs,medium,1956,26,39,5901125
Krasnoyarsk,3,106,13,needs,bad,1980,2,4,8219190
Krasnoyarsk,2,70,14,needs,bad,2024,19,21,7587343
Krasnoyarsk,4,105,14,needs,medium,1994,9,19,13232223
Krasnoyarsk,3,96,19,needs,medium,1971,34,37,10449771
Krasnoyarsk,2,80,11,not_needs,medium,2024,7,14,14200509
Krasnoyarsk,1,58,14,absolutely_needs,good,1972,26,27,6125950
Krasnoyarsk,2,85,10,needs,medium,1976,6,14,7576812
Krasnoyarsk,4,135,13,needs,very good,2025,3,9,32996874
Krasnoyarsk,3,76,17,needs,good,2025,11,14,13309834
Krasnoyarsk,4,110,13,not_needs,bad,1965,1,11,11093835
Krasnoyarsk,3,90,15,not_needs,good,2004,2,4,14546294
Krasnoyarsk,2,57,12,not_needs,bad,2001,3,4,7141924
Krasnoyarsk,1,32,8,needs,medium,2007,9,10,4399364
Krasnoyarsk,1,22,13,needs,good,1965,3,38,2671492
Krasnoyarsk,3,88,11,absolutely_needs,medium,1976,9,20,8347931
Krasnoyarsk,3,84,9,needs,bad,1977,2,38,8259825
Krasnoyarsk,3,88,14,needs,good,1963,9,12,9104516
Krasnoyarsk,2,50,11,needs,good,2012,11,22,8060636
Krasnoyarsk,1,58,13,not_needs,bad,1971,20,32,5884802
Krasnoyarsk,3,103,10,needs,good,1964,29,35,12465113
Krasnoyarsk,3,117,14,needs,medium,1956,18,36,10742323
Krasnoyarsk,1,58,9,absolutely_needs,medium,2024,3,37,7425510
Krasnoyarsk,4,119,13,needs,bad,1967,13,24,10474782
Krasnoyarsk,4,101,15,needs,medium,2005,18,27,12086203
Krasnoyarsk,3,74,10,not_needs,very good,1955,1,15,9935094
Krasnoyarsk,4,101,15,needs,very bad,1959,22,26,7402526
Krasnoyarsk,3,90,13,absolutely_needs,medium,1980,6,9,9021964
Krasnoyarsk,1,46,6,not_needs,bad,1962,7,26,4213439
Krasnoyarsk,3,104,13,not_needs,very good,2012,10,18,24090876
Krasnoyarsk,4,88,13,not_needs,bad,2012,20,24,13083344
Krasnoyarsk,2,67,13,needs,medium,1986,20,35,7338512
Krasnoyarsk,4,131,17,needs,very good,1995,5,9,21466328
Krasnoyarsk,3,84,9,needs,very good,2008,6,9,14654320
Krasnoyarsk,3,76,11,needs,medium,1998,18,22,7795643
Krasnoyarsk,1,49,9,not_needs,bad,1979,14,17,4933150
Krasnoyarsk,1,57,8,not_needs,good,1960,19,36,7603432
Krasnoyarsk,4,87,15,absolutely_needs,medium,2017,3,10,11451650
Krasnoyarsk,2,65,11,absolutely_needs,bad,1964,21,22,4558956
Krasnoyarsk,4,91,18,not_needs,good,1958,14,28,11336449
Krasnoyarsk,3,89,12,not_needs,good,2017,35,36,15351841
Krasnoyarsk,2,57,11,needs,good,2014,4,39,7693506
Krasnoyarsk,3,116,15,needs,bad,1967,11,17,9034337
Krasnoyarsk,1,47,10,needs,medium,1958,5,30,4269357
Krasnoyarsk,2,57,11,absolutely_needs,medium,2005,16,24,5915476
Krasnoyarsk,1,53,8,not_needs,medium,1993,23,38,7613182
Krasnoyarsk,2,66,12,not_needs,medium,1997,8,25,8452956
Krasnoyarsk,1,50,9,not_needs,very good,2025,18,40,11458583
Krasnoyarsk,1,63,10,not_needs,very good,1987,2,4,13526536
Krasnoyarsk,2,85,15,not_needs,bad,2024,7,8,9877975
Krasnoyarsk,4,95,14,not_needs,very bad,1966,23,24,7102906
Krasnoyarsk,2,52,9,needs,bad,2020,4,5,6519856
Krasnoyarsk,2,72,10,needs,good,1967,8,10,9283009
Krasnoyarsk,3,103,12,not_needs,good,2014,7,36,16983114
Krasnoyarsk,5,121,16,needs,very good,2025,4,5,26790047
Krasnoyarsk,3,99,13,needs,medium,1998,17,20,11822114
Krasnoyarsk,1,48,11,absolutely_needs,medium,1960,6,7,3439903
Krasnoyarsk,2,63,10,not_needs,very good,1984,9,28,10230114
Krasnoyarsk,3,89,14,not_needs,good,2014,8,15,17361674
Krasnoyarsk,1,68,16,absolutely_needs,bad,1984,1,10,4581870
Krasnoyarsk,5,143,15,absolutely_needs,very good,1973,8,27,20537703
Krasnoyarsk,2,84,12,needs,medium,1971,1,15,8633503
Krasnoyarsk,1,34,13,not_needs,good,1960,2,3,3818331
Krasnoyarsk,5,139,17,needs,good,1999,6,27,21341408
Krasnoyarsk,4,106,7,absolutely_needs,bad,1992,1,3,8603959
Krasnoyarsk,2,86,14,needs,good,1993,4,9,13209783
Krasnoyarsk,2,86,11,absolutely_needs,medium,1984,10,17,8178095
Krasnoyarsk,2,52,10,not_needs,good,1961,23,26,5905709
Krasnoyarsk,2,64,7,not_needs,medium,2016,2,6,9186532
Krasnoyarsk,2,74,11,needs,very bad,2004,3,15,7061096
Krasnoyarsk,3,106,8,needs,bad,1985,3,31,10887265
Krasnoyarsk,1,43,8,not_needs,medium,2001,6,13,5544948
Krasnoyarsk,1,59,7,needs,medium,1965,13,15,5690738
Krasnoyarsk,2,65,14,not_needs,medium,1968,28,33,6950435
Krasnoyarsk,4,124,19,absolutely_needs,very bad,1958,4,26,7345130
Krasnoyarsk,1,62,15,needs,very bad,1977,3,30,4537488
Krasnoyarsk,2,64,9,needs,medium,1983,1,3,5710126
Krasnoyarsk,3,88,11,not_needs,medium,1967,9,32,9721505
Krasnoyarsk,4,103,16,needs,very good,1977,18,23,17750754
Krasnoyarsk,1,23,11,needs,medium,2021,10,33,2943652
Krasnoyarsk,3,111,13,not_needs,bad,2018,13,30,15800347
Krasnoyarsk,1,45,9,needs,very good,1991,36,37,7274845
Krasnoyarsk,4,102,15,not_needs,medium,1965,2,12,11128507
Krasnoyarsk,3,81,12,not_needs,bad,2024,4,4,10266095
Krasnoyarsk,3,125,9,not_needs,medium,2011,34,38,17927612
Krasnoyarsk,2,64,12,not_needs,good,1969,34,39,9572106
Krasnoyarsk,1,51,12,not_needs,good,1990,2,32,8082380
Krasnoyarsk,3,96,15,not_needs,bad,2025,2,9,12724538
Krasnoyarsk,2,73,12,needs,very bad,1959,4,9,4206874
Krasnoyarsk,2,79,13,absolutely_needs,medium,1971,32,35,7601473
Krasnoyarsk,4,111,16,absolutely_needs,bad,1961,1,4,7074264
Krasnoyarsk,1,56,9,needs,medium,1963,9,20,5746363
Krasnoyarsk,2,82,8,not_needs,medium,1975,18,36,9766220
Krasnoyarsk,3,82,10,not_needs,good,2016,15,36,14038162
Krasnoyarsk,4,114,18,not_needs,good,1957,2,18,15481538
Krasnoyarsk,3,72,11,not_needs,medium,1973,8,9,7886741
Krasnoyarsk,1,55,10,absolutely_needs,medium,2002,1,10,5498937
Krasnoyarsk,1,68,6,needs,good,1987,6,29,8567288
Krasnoyarsk,2,71,10,not_needs,bad,2017,10,14,9937481
Krasnoyarsk,1,66,7,needs,good,2024,11,34,10776042
Krasnoyarsk,3,78,15,not_needs,good,1998,8,40,12006235
Krasnoyarsk,5,126,17,not_needs,good,2003,10,31,21314301
Krasnoyarsk,3,105,16,not_needs,good,2019,7,38,17343108
Krasnoyarsk,2,62,7,needs,very bad,1958,18,19,3640900
Krasnoyarsk,1,51,10,not_needs,bad,1966,13,25,4366848
Krasnoyarsk,2,79,14,not_needs,medium,1959,3,14,7301787
Krasnoyarsk,1,62,11,needs,medium,1982,7,35,6420280
Krasnoyarsk,2,68,8,needs,bad,2024,4,4,7047359
Krasnoyarsk,2,63,11,needs,medium,2021,29,40,8450660
Krasnoyarsk,3,92,15,not_needs,medium,2007,1,18,11837907
Krasnoyarsk,1,27,8,needs,very bad,1983,15,28,2204000
Krasnoyarsk,2,56,13,not_needs,medium,1970,3,34,6165288
Krasnoyarsk,3,85,13,absolutely_needs,bad,1985,31,38,7033905
Krasnoyarsk,3,93,13,absolutely_needs,medium,2008,7,7,10164363
Krasnoyarsk,3,85,14,not_needs,bad,1965,5,21,8121688
Krasnoyarsk,2,72,16,needs,bad,1976,7,14,6886024
Krasnoyarsk,1,33,13,needs,good,2010,10,15,4514492
Krasnoyarsk,3,112,18,needs,medium,2014,4,23,14796368
Krasnoyarsk,5,122,16,not_needs,bad,1982,8,28,14503404
Krasnoyarsk,1,22,8,needs,good,1958,5,9,2405612
Krasnoyarsk,3,90,14,needs,very bad,2019,8,29,7858037
Krasnoyarsk,2,86,14,absolutely_needs,very bad,2024,1,7,7219567
Krasnoyarsk,4,124,15,needs,very bad,1993,26,28,9244547
Krasnoyarsk,3,70,14,not_needs,very good,2001,8,29,15806565
Krasnoyarsk,2,83,10,needs,medium,1976,8,10,8092298
Krasnoyarsk,1,51,7,needs,good,1965,6,26,5516102
Krasnoyarsk,4,91,16,needs,medium,1970,4,8,10496918
Krasnoyarsk,4,114,14,needs,good,1997,5,37,18872317
Krasnoyarsk,1,41,11,not_needs,medium,1994,24,30,5833443
Krasnoyarsk,1,51,15,needs,good,1998,21,35,7215473
Krasnoyarsk,3,90,9,not_needs,bad,1963,2,39,8316896
Krasnoyarsk,4,107,13,not_needs,bad,2019,24,31,14206830
Krasnoyarsk,2,61,7,not_needs,good,1962,6,9,8654800
Krasnoyarsk,3,79,13,needs,good,1969,7,10,10212159
Krasnoyarsk,4,89,17,needs,medium,1969,12,20,9315911
Krasnoyarsk,1,40,8,absolutely_needs,medium,2018,11,38,5053897
Krasnoyarsk,2,81,12,needs,good,1967,9,9,7925400
Krasnoyarsk,1,52,10,not_needs,good,1955,3,7,6245356
Krasnoyarsk,3,79,12,needs,very good,1995,8,37,13576603
Krasnoyarsk,2,65,11,needs,bad,2009,9,17,7305631
Krasnoyarsk,2,73,8,not_needs,good,1985,4,4,11378991
Krasnoyarsk,1,82,10,absolutely_needs,very bad,1975,1,28,4254923
Krasnoyarsk,3,73,15,needs,medium,1980,17,27,8170146
Krasnoyarsk,3,78,14,needs,medium,1964,21,40,7768256
Krasnoyarsk,1,67,7,absolutely_needs,very bad,1967,2,40,3499461
Krasnoyarsk,2,88,11,not_needs,bad,1968,1,3,7062438
Krasnoyarsk,4,118,15,absolutely_needs,medium,1978,10,33,11183895
Krasnoyarsk,3,57,11,needs,very bad,1987,26,35,4173256
Krasnoyarsk,1,69,13,not_needs,medium,2020,9,13,9289307
Krasnoyarsk,4,107,17,not_needs,bad,2020,3,24,16102954
Krasnoyarsk,1,46,10,needs,bad,1957,16,18,3037451
Krasnoyarsk,1,47,11,absolutely_needs,very bad,1993,7,8,3345858
Krasnoyarsk,3,111,11,not_needs,medium,2022,33,40,15408533
Krasnoyarsk,2,58,13,needs,bad,1962,2,25,4748425
Krasnoyarsk,2,80,14,absolutely_needs,very good,2017,20,22,13744994
Krasnoyarsk,3,87,16,needs,good,2012,4,4,12132266
Krasnoyarsk,1,62,10,not_needs,medium,1994,10,19,8228429
Krasnoyarsk,1,54,6,needs,very good,1975,5,11,7655840
Krasnoyarsk,3,102,15,not_needs,good,2025,25,37,17224467
Krasnoyarsk,2,70,10,needs,good,1982,20,25,8287818
Krasnoyarsk,4,92,17,needs,medium,2023,1,15,12208621
Krasnoyarsk,4,114,17,not_needs,good,2025,17,18,20577331
Krasnoyarsk,3,79,12,absolutely_needs,very bad,1962,1,13,4097632
Krasnoyarsk,3,104,13,not_needs,good,1998,15,35,17903819
Krasnoyarsk,1,62,7,needs,medium,2022,27,28,8177733
Krasnoyarsk,2,67,13,not_needs,medium,2010,16,17,9189562
Krasnoyarsk,1,37,8,absolutely_needs,medium,1971,14,21,3008567
Krasnoyarsk,2,62,14,needs,good,2002,5,10,9454050
Krasnoyarsk,4,117,19,not_needs,good,1973,20,23,17823160
Krasnoyarsk,2,84,13,needs,medium,2001,14,28,9585808
Krasnoyarsk,3,89,10,needs,very bad,2024,7,26,9361498
Krasnoyarsk,3,91,15,not_needs,medium,1997,11,21,11590655
Krasnoyarsk,2,59,10,not_needs,bad,2016,6,32,7164412
Krasnoyarsk,2,75,10,needs,bad,1985,31,31,6774928
Krasnoyarsk,1,43,7,needs,very bad,1999,3,8,3829458
Krasnoyarsk,2,50,13,needs,good,2017,9,9,7688292
Krasnoyarsk,3,81,18,needs,bad,1985,5,16,6474312
Krasnoyarsk,2,73,11,not_needs,medium,1989,6,9,10282140
Krasnoyarsk,2,62,12,absolutely_needs,medium,1982,9,14,6415400
Krasnoyarsk,1,45,8,needs,medium,1982,2,32,5254750
Krasnoyarsk,3,89,11,needs,good,1969,5,9,11062815
Krasnoyarsk,1,43,5,not_needs,good,1990,12,40,7200852
Krasnoyarsk,3,98,11,not_needs,bad,2008,28,28,11629052
Krasnoyarsk,1,29,12,not_needs,medium,1985,26,37,3817005
Krasnoyarsk,1,87,11,needs,medium,1972,8,8,8714820
Krasnoyarsk,5,148,16,needs,medium,1992,10,23,18825991
Krasnoyarsk,5,120,13,absolutely_needs,medium,1995,2,5,13457195
Krasnoyarsk,1,56,5,absolutely_needs,good,1966,11,21,5229242
Krasnoyarsk,5,132,15,not_needs,medium,2000,2,6,19890119
Krasnoyarsk,3,93,11,needs,medium,2010,3,4,11500432
Krasnoyarsk,1,76,11,not_needs,very good,1997,19,24,15340001
Krasnoyarsk,2,54,7,absolutely_needs,good,1998,9,16,6531502
Krasnoyarsk,2,77,16,needs,bad,1989,7,7,6129369
Krasnoyarsk,2,78,9,needs,very good,1975,8,22,13091920
Krasnoyarsk,3,86,11,absolutely_needs,bad,2021,25,29,8035677
Krasnoyarsk,1,56,10,not_needs,good,1987,9,11,8438659
Krasnoyarsk,5,118,16,not_needs,medium,1962,10,11,12125367
Krasnoyarsk,2,63,5,needs,very bad,1982,12,13,4387829
Krasnoyarsk,4,105,12,needs,medium,1984,5,7,11941160
Krasnoyarsk,3,105,14,not_needs,bad,1999,25,30,12009057
Krasnoyarsk,1,45,13,not_needs,medium,2015,1,3,5789595
Krasnoyarsk,1,71,8,not_needs,medium,1989,12,12,7727948
Krasnoyarsk,2,73,9,needs,good,1971,2,3,7548449
Krasnoyarsk,2,87,9,absolutely_needs,bad,1977,5,5,6399229
Krasnoyarsk,2,65,12,needs,very good,1973,11,32,10246177
Krasnoyarsk,2,79,17,not_needs,good,2020,3,18,15085469
Krasnoyarsk,1,60,5,needs,medium,1958,14,19,5037372
Krasnoyarsk,1,58,11,absolutely_needs,bad,1971,10,35,4807595
Krasnoyarsk,2,69,12,needs,good,1955,5,29,6606400
Krasnoyarsk,4,101,13,absolutely_needs,medium,2013,8,12,10638305
Krasnoyarsk,1,72,12,not_needs,bad,1958,17,37,6127285
Krasnoyarsk,3,87,14,not_needs,bad,2019,14,22,11593136
Krasnoyarsk,2,80,11,needs,bad,2012,21,35,8601406
Krasnoyarsk,2,76,8,needs,medium,1998,8,14,9735425
Krasnoyarsk,1,40,10,not_needs,medium,1965,3,6,4210873
Krasnoyarsk,1,72,13,not_needs,medium,1992,5,12,8445394
Krasnoyarsk,2,56,5,not_needs,bad,1997,1,31,6032712
Krasnoyarsk,2,73,10,needs,medium,1972,2,3,7723711
Krasnoyarsk,1,53,12,needs,good,2024,32,40,9138197
Krasnoyarsk,2,85,14,absolutely_needs,medium,1987,10,20,8940732
Krasnoyarsk,4,111,17,not_needs,good,2010,14,15,20031311
Krasnoyarsk,3,95,10,absolutely_needs,medium,2004,16,26,9229941
Krasnoyarsk,1,39,8,needs,good,2022,14,29,6838532
Krasnoyarsk,2,64,8,not_needs,good,1961,9,12,7213722
Krasnoyarsk,1,56,5,needs,bad,1997,9,13,4824474
Krasnoyarsk,4,134,14,needs,very good,1961,6,9,18136765
Krasnoyarsk,1,61,9,needs,medium,2001,12,29,6794164
Krasnoyarsk,4,90,15,not_needs,medium,2002,11,24,13222600
Krasnoyarsk,1,45,6,needs,bad,1966,9,16,3723319
Krasnoyarsk,4,114,8,absolutely_needs,good,2025,3,8,19721857
Krasnoyarsk,1,55,10,not_needs,good,1993,4,19,9341473
Krasnoyarsk,2,57,12,not_needs,medium,1967,22,34,7125955
Krasnoyarsk,1,75,10,needs,bad,1957,34,36,6194284
Krasnoyarsk,5,130,18,not_needs,very good,2010,9,13,31410681
Krasnoyarsk,1,48,10,needs,medium,2025,4,6,6300419
Krasnoyarsk,2,78,11,needs,bad,2003,2,3,8603509
Krasnoyarsk,2,76,10,not_needs,good,1966,3,37,8950449
Krasnoyarsk,1,39,5,needs,good,1985,8,18,5178397
Krasnoyarsk,4,96,14,not_needs,good,1973,7,20,15539728
Krasnoyarsk,2,91,12,needs,bad,2023,17,23,9645478
Krasnoyarsk,1,46,14,absolutely_needs,very good,2018,11,17,7223299
Krasnoyarsk,1,39,14,not_needs,very bad,1972,15,36,3462298
Krasnoyarsk,3,94,10,not_needs,medium,1986,1,25,11682455
Krasnoyarsk,1,52,5,needs,good,1977,1,6,6804474
Krasnoyarsk,2,67,9,not_needs,very good,1970,8,8,9733252
Krasnoyarsk,5,132,21,absolutely_needs,good,2019,23,25,22057691
Krasnoyarsk,2,68,14,needs,good,2007,6,15,10551306
Krasnoyarsk,1,52,10,needs,good,1969,14,31,5986270
Krasnoyarsk,3,86,15,not_needs,bad,1973,3,3,8275980
Krasnoyarsk,2,74,10,not_needs,medium,1989,7,26,8381609
Krasnoyarsk,1,83,10,absolutely_needs,very good,1965,1,7,10264739
Krasnoyarsk,3,104,17,not_needs,medium,1978,10,18,11678375
Krasnoyarsk,3,98,13,needs,medium,1987,10,10,10328177
Krasnoyarsk,3,92,13,not_needs,bad,2010,5,36,10169892
Krasnoyarsk,1,40,9,not_needs,medium,2008,1,33,5268697
Krasnoyarsk,3,86,16,needs,medium,1999,25,28,9935317
Krasnoyarsk,1,53,10,not_needs,good,2014,8,18,9840487
Krasnoyarsk,4,106,16,absolutely_needs,medium,2010,14,33,11627918
Krasnoyarsk,4,84,15,not_needs,very good,2023,17,25,19998532
Krasnoyarsk,1,69,11,needs,good,2025,10,39,12478518
Krasnoyarsk,3,80,14,not_needs,medium,1988,8,9,9785676
Krasnoyarsk,2,73,12,needs,medium,1968,6,30,6332168
Krasnoyarsk,3,107,13,not_needs,very bad,1990,5,20,9921100
Krasnoyarsk,2,59,7,not_needs,bad,1996,27,40,6128287
Krasnoyarsk,2,84,13,needs,good,2017,1,4,11513296
Krasnoyarsk,2,72,12,not_needs,good,1957,2,4,9814296
Krasnoyarsk,1,64,12,not_needs,bad,1966,36,38,6539448
Krasnoyarsk,2,80,17,not_needs,good,1965,1,29,10212252
Krasnoyarsk,4,93,14,needs,very good,1960,18,19,13253590
Krasnoyarsk,5,134,13,not_needs,good,2001,2,5,22017957
Krasnoyarsk,3,90,11,needs,very bad,1974,19,19,6755994
Krasnoyarsk,1,64,8,absolutely_needs,very good,1982,36,36,8558780
Krasnoyarsk,2,73,14,needs,bad,1979,9,19,6659008
Krasnoyarsk,2,67,7,not_needs,bad,1974,23,35,5804750
Krasnoyarsk,1,46,10,absolutely_needs,medium,1956,3,27,3295630
Krasnoyarsk,2,95,10,absolutely_needs,bad,1969,2,22,6810554
Krasnoyarsk,2,84,10,not_needs,good,1976,22,25,10510653
Krasnoyarsk,1,65,9,not_needs,medium,1970,6,19,7320993
Krasnoyarsk,3,91,12,needs,medium,1998,1,11,9650469
Krasnoyarsk,1,54,10,not_needs,medium,1977,16,18,5686999
Krasnoyarsk,1,63,13,absolutely_needs,medium,2023,9,36,6827955
Krasnoyarsk,2,82,16,absolutely_needs,medium,2014,8,8,9324931
Krasnoyarsk,3,88,10,not_needs,very good,1968,8,13,15935557
Krasnoyarsk,1,56,7,needs,medium,1986,9,16,5858118
Krasnoyarsk,1,64,8,not_needs,very good,1977,11,18,11601023
Krasnoyarsk,3,100,13,not_needs,bad,2007,2,18,13677861
Krasnoyarsk,2,70,12,not_needs,bad,2008,1,16,8282678
Krasnoyarsk,1,43,11,absolutely_needs,good,2016,1,5,5342056
Krasnoyarsk,2,99,12,needs,medium,2024,27,35,14668682
Krasnoyarsk,5,130,15,needs,bad,1965,4,31,12204929
Krasnoyarsk,4,85,18,absolutely_needs,medium,1990,13,26,7960158
Krasnoyarsk,3,95,14,not_needs,very bad,1962,2,14,7301592
Krasnoyarsk,2,72,12,not_needs,very bad,1973,4,9,5307639
Krasnoyarsk,1,48,12,absolutely_needs,medium,1990,22,35,4219372
Krasnoyarsk,3,78,13,needs,medium,2007,3,12,9065858
Krasnoyarsk,5,91,21,absolutely_needs,bad,1979,7,10,8451147
Krasnoyarsk,3,116,10,needs,medium,2009,30,37,14710835
Krasnoyarsk,2,55,10,not_needs,medium,2006,1,7,6552131
Krasnoyarsk,2,67,9,not_needs,medium,1984,3,26,7560370
Krasnoyarsk,4,117,15,needs,very bad,2024,17,26,11564031
Krasnoyarsk,2,92,9,absolutely_needs,very good,2018,3,3,16500866
Krasnoyarsk,5,104,16,needs,good,2013,11,14,15428878
Krasnoyarsk,3,102,12,not_needs,medium,1988,30,30,13095809
Krasnoyarsk,3,114,12,not_needs,medium,1969,3,3,13801955
Krasnoyarsk,2,65,13,not_needs,good,2001,15,16,11363699
Krasnoyarsk,4,109,17,needs,very good,2011,9,13,20667147
Krasnoyarsk,4,114,23,not_needs,good,2020,23,23,24478801
Krasnoyarsk,2,61,16,absolutely_needs,medium,1989,16,21,5318454
Krasnoyarsk,2,78,12,needs,bad,1967,21,35,6279821
Krasnoyarsk,4,131,16,not_needs,medium,2021,13,33,20830405
Krasnoyarsk,2,69,10,needs,medium,1986,4,9,6836556
Krasnoyarsk,4,88,11,not_needs,medium,1982,6,9,11000371
Krasnoyarsk,1,47,12,needs,medium,2011,19,20,6192428
Krasnoyarsk,3,98,14,not_needs,good,1969,21,30,13651411
Krasnoyarsk,3,101,14,not_needs,good,1986,13,13,15778249
Krasnoyarsk,2,73,9,needs,bad,1968,3,35,5297675
Krasnoyarsk,2,68,11,needs,medium,1974,3,21,7649759
Krasnoyarsk,3,95,13,needs,very bad,1999,3,9,7719025
Krasnoyarsk,5,118,17,absolutely_needs,medium,1996,2,36,12939475
Krasnoyarsk,1,64,8,absolutely_needs,very good,1989,14,24,10597821
Krasnoyarsk,3,80,13,not_needs,good,1970,9,19,11575662
Krasnoyarsk,4,107,12,not_needs,medium,1969,29,30,13327179
Krasnoyarsk,2,91,14,needs,medium,2015,2,37,11732306
Krasnoyarsk,3,102,13,absolutely_needs,bad,1992,9,21,7837220
Krasnoyarsk,1,58,10,needs,good,2009,13,29,9614455
Krasnoyarsk,3,80,10,needs,medium,1986,5,10,8344799
Krasnoyarsk,2,69,7,needs,bad,1965,14,20,5466038
Krasnoyarsk,2,51,12,needs,medium,2017,25,38,6833521
Krasnoyarsk,3,77,16,needs,good,1978,9,21,10706933
Krasnoyarsk,4,119,12,needs,good,1980,5,7,16091997
Krasnoyarsk,2,67,15,not_needs,good,2003,11,16,11264360
Krasnoyarsk,1,62,8,needs,bad,1978,8,30,5613979
Krasnoyarsk,3,90,13,not_needs,bad,2019,31,32,11801129
Krasnoyarsk,2,71,13,needs,bad,2025,5,6,8348704
Krasnoyarsk,2,81,9,not_needs,good,2002,8,18,15270450
Krasnoyarsk,3,83,15,needs,medium,1969,33,33,7829883
Krasnoyarsk,4,105,14,not_needs,bad,1962,4,4,8895772
Krasnoyarsk,3,100,10,needs,medium,1971,3,9,9532765
Krasnoyarsk,1,64,9,not_needs,bad,1976,12,34,6048516
Krasnoyarsk,1,42,10,needs,medium,2009,7,7,5730455
Krasnoyarsk,2,60,10,not_needs,bad,2021,10,32,8063469
Krasnoyarsk,2,77,12,needs,good,1965,2,5,8551386
Krasnoyarsk,3,97,10,needs,very good,1959,28,30,13073832
Krasnoyarsk,2,79,13,needs,medium,1996,16,32,9994932
Krasnoyarsk,4,118,14,not_needs,very good,1986,5,18,26051156
Krasnoyarsk,3,97,12,absolutely_needs,bad,2011,13,36,9997882
Krasnoyarsk,3,89,12,needs,bad,1957,15,34,7037541
Krasnoyarsk,2,63,12,not_needs,good,1982,1,21,8381820
Krasnoyarsk,2,85,11,not_needs,very bad,1956,10,14,6276326
Krasnoyarsk,4,114,15,absolutely_needs,bad,1991,8,21,9445958
Krasnoyarsk,1,65,9,needs,medium,1992,2,8,6572242
Krasnoyarsk,2,66,17,needs,very good,1989,9,10,11830586
Krasnoyarsk,2,87,17,not_needs,good,1985,5,30,13633520
Krasnoyarsk,1,46,5,needs,medium,1980,27,40,4492383
Krasnoyarsk,1,61,8,absolutely_needs,medium,1995,1,5,6286297
Krasnoyarsk,1,54,9,needs,good,1989,4,27,6908444
Krasnoyarsk,1,45,5,needs,good,2012,14,33,6344403
Krasnoyarsk,2,85,8,needs,medium,2002,14,21,10078065
Krasnoyarsk,5,120,17,not_needs,bad,2025,20,27,19091237
Krasnoyarsk,3,102,10,needs,good,1984,2,38,14534553
Krasnoyarsk,3,77,17,needs,bad,1970,8,29,6610892
Krasnoyarsk,1,48,9,needs,bad,2020,16,17,6031714
Krasnoyarsk,1,63,8,needs,medium,1982,17,35,7172958
Krasnoyarsk,5,126,18,needs,very bad,2018,3,4,12459385
Krasnoyarsk,2,76,11,not_needs,medium,2015,5,31,10552106
Krasnoyarsk,1,57,9,absolutely_needs,medium,1967,15,16,4498872
Krasnoyarsk,2,84,12,not_needs,good,1970,2,32,10946088
Krasnoyarsk,1,53,7,needs,good,2006,34,40,7295584
Krasnoyarsk,1,70,12,needs,medium,2017,23,27,9512415
Krasnoyarsk,3,110,15,absolutely_needs,medium,2015,4,39,12252076
Krasnoyarsk,3,97,16,needs,very bad,2020,4,24,7943977
Krasnoyarsk,1,49,9,needs,very bad,2005,1,23,3682015
Krasnoyarsk,2,88,10,absolutely_needs,medium,1956,7,10,5996240
Krasnoyarsk,2,70,15,absolutely_needs,bad,1966,5,14,5476596
Krasnoyarsk,3,95,11,needs,good,1995,6,21,14235200
Krasnoyarsk,3,95,11,needs,good,2010,4,21,13723828
Krasnoyarsk,2,77,11,not_needs,medium,1994,20,22,10540044
Krasnoyarsk,3,95,11,not_needs,good,2001,12,16,15124737
Krasnoyarsk,3,113,10,not_needs,medium,1983,7,23,15678369
Krasnoyarsk,2,74,11,needs,medium,2006,5,7,8185839
Krasnoyarsk,2,85,12,not_needs,bad,2015,13,25,9713262
Krasnoyarsk,2,78,12,needs,bad,1975,8,9,7293983
Krasnoyarsk,2,68,13,not_needs,medium,1991,10,18,9631270
Krasnoyarsk,1,50,11,needs,medium,1956,28,31,4282991
Krasnoyarsk,4,97,14,not_needs,very bad,2006,1,30,9940670
Krasnoyarsk,3,97,16,not_needs,medium,1992,36,40,12868006
Krasnoyarsk,2,88,14,not_needs,good,1970,8,37,10405589
Krasnoyarsk,3,85,13,needs,good,2019,1,18,14182286
Krasnoyarsk,2,80,10,needs,medium,1999,3,20,8624561
Krasnoyarsk,3,103,15,needs,good,1991,14,33,12617222
Krasnoyarsk,3,93,11,needs,good,1987,3,11,12966225
Krasnoyarsk,5,134,16,not_needs,medium,1983,15,19,17833285
Krasnoyarsk,1,70,8,needs,medium,1979,19,35,7746910
Krasnoyarsk,4,105,12,not_needs,good,2002,6,34,20728103
Krasnoyarsk,3,93,15,not_needs,medium,1970,2,8,10946530
Krasnoyarsk,2,90,14,needs,bad,1979,7,26,7499444
Krasnoyarsk,2,85,7,needs,very good,1979,4,7,11620580
Krasnoyarsk,2,67,8,needs,bad,1998,21,25,7011815
Krasnoyarsk,4,131,11,not_needs,medium,1989,11,13,17718677
Krasnoyarsk,3,102,13,not_needs,good,2015,1,9,18186270
Krasnoyarsk,3,109,13,not_needs,medium,1989,23,38,12450952
Krasnoyarsk,2,72,9,absolutely_needs,medium,1972,2,4,5585330
Krasnoyarsk,3,92,14,not_needs,very good,1984,3,16,18377328
Krasnoyarsk,3,96,10,not_needs,very bad,1958,2,10,6380095
Krasnoyarsk,1,45,8,needs,very good,1966,19,23,6786593
Krasnoyarsk,3,133,13,absolutely_needs,medium,2019,20,23,15862119
Krasnoyarsk,2,56,10,not_needs,very good,2022,23,31,14624613
Krasnoyarsk,2,60,9,needs,very good,1958,19,28,7734049
Krasnoyarsk,1,36,10,needs,bad,1999,2,33,3189643
Krasnoyarsk,2,90,12,needs,bad,1971,31,38,6859871
Krasnoyarsk,1,50,10,not_needs,very good,2020,21,30,10026919
Krasnoyarsk,2,69,10,absolutely_needs,very bad,1984,3,4,4333464
Krasnoyarsk,1,64,5,not_needs,bad,1957,8,19,6125622
Krasnoyarsk,2,75,13,absolutely_needs,medium,2004,23,35,8171906
Krasnoyarsk,3,102,13,needs,good,1975,27,36,11493754
Krasnoyarsk,1,72,6,not_needs,medium,2002,20,27,10123258
Krasnoyarsk,3,89,16,needs,good,2019,1,7,14454625
Krasnoyarsk,2,79,16,absolutely_needs,good,2022,23,23,12047400
Krasnoyarsk,1,44,6,needs,good,1988,10,11,5886767
Krasnoyarsk,4,108,19,not_needs,very good,1972,15,20,19688583
Krasnoyarsk,2,81,14,needs,bad,1973,14,20,7255756
Krasnoyarsk,3,92,13,not_needs,very good,1983,8,31,17069200
Krasnoyarsk,2,72,9,absolutely_needs,very bad,2001,17,25,5259521
Krasnoyarsk,2,81,11,absolutely_needs,medium,2010,26,31,8339959
Krasnoyarsk,3,102,13,not_needs,good,2008,2,37,15862872
Krasnoyarsk,3,85,11,needs,medium,1999,4,12,10064006
Krasnoyarsk,5,164,18,not_needs,medium,1988,7,19,22373107
Krasnoyarsk,1,30,8,needs,good,2004,9,11,4602688
Krasnoyarsk,1,61,11,not_needs,medium,1980,13,13,7945481
Krasnoyarsk,2,66,13,not_needs,very bad,2019,12,13,6167124
Krasnoyarsk,3,93,15,absolutely_needs,good,1968,6,10,8947240
Krasnoyarsk,3,106,10,not_needs,very good,2024,4,7,24840368
Krasnoyarsk,2,73,13,absolutely_needs,medium,1970,5,22,6478806
Krasnoyarsk,3,93,12,absolutely_needs,medium,1962,28,36,7592547
Krasnoyarsk,3,90,11,not_needs,very bad,2007,1,39,9029757
Krasnoyarsk,5,148,16,not_needs,medium,2025,7,14,25730792
Krasnoyarsk,3,103,14,absolutely_needs,bad,2008,10,18,8697618
Samara,3,104,10,needs,good,2010,1,27,14418022
Samara,5,119,15,absolutely_needs,medium,1993,18,40,10993361
Samara,3,106,12,not_needs,medium,1991,13,13,14286676
Samara,3,92,13,not_needs,good,2011,8,10,14774253
Samara,3,80,13,not_needs,medium,2007,5,33,12087889
Samara,1,56,11,needs,good,1966,7,13,6713429
Samara,2,52,13,needs,bad,1995,18,39,5175043
Samara,2,65,13,not_needs,bad,1976,4,18,5645843
Samara,1,55,10,needs,good,1987,18,39,5983349
Samara,3,98,14,not_needs,bad,2010,11,20,12023858
Samara,4,86,15,needs,medium,2008,20,34,11120831
Samara,1,60,9,not_needs,medium,2000,7,32,6865518
Samara,1,51,14,not_needs,medium,1981,5,7,5799527
Samara,2,81,9,not_needs,medium,2009,5,18,11723757
Samara,2,75,11,needs,medium,1975,7,39,6891283
Samara,4,111,16,not_needs,good,1956,16,18,13088702
Samara,1,50,12,not_needs,bad,1976,10,15,4921793
Samara,4,112,17,not_needs,medium,1969,3,3,11965074
Samara,2,91,14,not_needs,very bad,1982,6,17,8285766
Samara,3,45,9,needs,medium,2010,8,19,4726931
Samara,5,118,12,not_needs,bad,2024,20,29,15536540
Samara,1,35,8,absolutely_needs,bad,2008,23,26,3081619
Samara,1,58,9,needs,very bad,1964,2,14,3191438
Samara,2,59,12,not_needs,very bad,1980,15,23,4610959
Samara,3,100,13,absolutely_needs,medium,1956,7,14,7087449
Samara,2,73,12,not_needs,bad,1955,2,18,6500736
Samara,2,61,11,not_needs,bad,2010,26,27,6498194
Samara,2,93,7,not_needs,medium,2025,26,27,14660490
Samara,1,54,9,not_needs,medium,2003,23,40,6690870
Samara,1,57,8,absolutely_needs,medium,2013,1,21,6223928
Samara,1,56,7,not_needs,medium,1997,27,32,7416231
Samara,1,48,8,needs,medium,1977,12,13,4986113
Samara,3,74,18,needs,good,1989,5,11,8302399
Samara,3,85,12,absolutely_needs,medium,1956,1,34,5223374
Samara,2,91,11,not_needs,very bad,1984,5,19,6700514
Samara,4,112,14,absolutely_needs,medium,1970,7,13,10346273
Samara,3,85,13,absolutely_needs,medium,1986,36,37,6966061
Samara,1,47,9,not_needs,bad,1973,1,21,4175540
Samara,4,117,14,absolutely_needs,medium,1982,11,12,12404013
Samara,4,96,15,needs,medium,1964,20,35,8113272
Samara,1,50,10,not_needs,very good,1973,4,25,7747233
Samara,3,100,13,needs,good,1970,8,25,11151141
Samara,2,85,13,not_needs,medium,1995,12,33,10989187
Samara,3,97,17,needs,medium,1994,3,10,10496230
Samara,2,70,15,needs,very good,1968,8,39,10911575
Samara,2,61,9,not_needs,good,1958,39,40,6944013
Samara,2,77,10,needs,good,1963,23,39,8114519
Samara,2,57,10,not_needs,medium,1988,12,31,6158166
Samara,2,72,13,not_needs,good,1995,19,34,11871935
Samara,3,69,10,absolutely_needs,good,1990,30,36,7057418
Samara,2,92,8,needs,good,1978,8,13,11900414
Samara,2,69,13,needs,good,2001,6,11,10651900
Samara,2,64,13,not_needs,very bad,2019,2,3,6341991
Samara,3,94,14,absolutely_needs,very good,1991,4,6,12312322
Samara,1,39,10,needs,good,1998,9,10,5196715
Samara,5,112,14,not_needs,bad,2023,14,22,14424366
Samara,1,46,11,absolutely_needs,good,1993,2,32,4890175
Samara,1,60,8,not_needs,very good,1990,2,18,12514880
Samara,3,100,11,not_needs,medium,1980,4,18,11712212
Samara,5,132,20,not_needs,bad,2001,10,17,16603873
Samara,1,58,10,needs,good,2000,23,31,7463801
Samara,1,43,11,not_needs,very good,1997,8,18,8043933
Samara,3,102,14,not_needs,bad,1960,5,12,8141877
Samara,1,30,12,needs,good,1969,5,8,3129280
Samara,2,71,14,needs,very good,2007,3,30,11354221
Samara,1,50,10,absolutely_needs,bad,2003,15,37,4557893
Samara,1,67,8,needs,very bad,1991,3,37,4956748
Samara,3,96,13,needs,medium,2020,9,26,10881877
Samara,4,111,13,needs,very bad,1959,11,31,7670376
Samara,1,52,10,not_needs,good,1960,4,13,6448060
Samara,1,37,8,not_needs,medium,1990,23,23,3905335
Samara,2,84,13,absolutely_needs,bad,1959,2,28,5873252
Samara,3,95,14,not_needs,medium,2002,10,30,13283271
Samara,5,128,16,needs,bad,2004,16,31,12363990
Samara,2,86,11,needs,bad,2014,3,19,9420746
Samara,3,88,13,needs,very good,1992,14,14,13517725
Samara,2,91,10,needs,medium,2015,9,14,10386201
Samara,2,77,10,needs,good,2014,1,17,9531287
Samara,1,55,9,absolutely_needs,medium,2012,1,7,5754399
Samara,3,88,13,absolutely_needs,very bad,1988,27,30,5833291
Samara,2,65,8,absolutely_needs,medium,2016,5,5,6413401
Samara,3,92,11,not_needs,very bad,1998,3,3,8958831
Samara,1,54,8,not_needs,good,2025,33,38,9576324
Samara,3,92,14,not_needs,good,2005,5,38,15840599
Samara,3,90,16,not_needs,medium,2016,15,26,11390375
Samara,1,69,6,needs,medium,1999,28,36,8228208
Samara,3,88,11,not_needs,good,1978,26,35,12769831
Samara,1,30,8,needs,bad,2016,3,6,3299993
Samara,2,78,12,needs,medium,1986,14,17,8212198
Samara,2,73,15,not_needs,medium,1998,4,20,8841543
Samara,1,49,8,absolutely_needs,bad,2005,2,6,3969493
Samara,2,71,9,not_needs,very good,1980,5,13,13975777
Samara,1,60,16,needs,medium,2003,6,6,6779221
Samara,4,96,15,not_needs,very bad,2003,16,37,8949466
Samara,4,120,12,not_needs,good,1956,10,32,16827150
Samara,2,66,14,needs,medium,1982,2,3,6183818
Samara,5,140,12,not_needs,medium,1981,14,23,18454500
Samara,1,59,7,needs,good,1988,10,24,7912193
Samara,2,41,9,absolutely_needs,medium,2008,5,10,4030079
Samara,3,100,15,needs,bad,1997,7,11,9867782
Samara,5,148,14,absolutely_needs,very good,1986,4,4,23731174
Samara,4,105,17,absolutely_needs,medium,1984,4,34,11512050
Samara,4,73,15,not_needs,bad,1999,16,23,8061662
Samara,3,89,16,needs,good,1989,10,36,11724024
Samara,4,98,15,needs,very good,1979,4,6,16770455
Samara,3,106,9,not_needs,very bad,1990,23,23,8629080
Samara,2,85,9,not_needs,good,2022,13,36,13247035
Samara,3,100,15,not_needs,good,1977,20,25,14758212
Samara,4,97,16,not_needs,good,1956,33,40,11095573
Samara,2,93,11,absolutely_needs,bad,1984,6,17,6582537
Samara,3,80,9,not_needs,medium,1972,6,9,9025737
Samara,2,67,16,needs,good,1987,10,27,8781374
Samara,3,88,17,not_needs,medium,1994,10,18,9809253
Samara,3,113,12,needs,medium,2022,4,33,15818027
Samara,2,86,9,needs,medium,2023,6,10,9635770
Samara,1,76,6,absolutely_needs,good,1994,16,30,9598262
Samara,1,49,8,needs,very bad,2001,13,25,4114665
Samara,3,81,15,needs,medium,2003,15,25,9439162
Samara,2,76,10,not_needs,bad,2001,22,24,7600258
Samara,5,138,21,needs,medium,1985,24,27,13780093
Samara,2,73,12,needs,good,1999,29,33,10219219
Samara,3,108,13,not_needs,bad,1955,4,6,8482581
Samara,3,81,18,needs,medium,1957,6,13,6435931
Samara,2,82,13,not_needs,bad,1968,3,10,6926875
Samara,3,99,15,needs,medium,1957,5,12,9462272
Samara,3,91,13,needs,good,1985,2,20,11541280
Samara,3,71,13,absolutely_needs,very bad,1969,1,17,3378953
Samara,3,84,12,absolutely_needs,good,1997,19,39,9639779
Samara,3,98,12,needs,very good,1972,28,37,12796768
Samara,4,86,11,not_needs,bad,1960,17,28,6868608
Samara,1,74,10,absolutely_needs,medium,1966,7,10,5399982
Samara,1,76,6,absolutely_needs,good,1968,11,32,8267530
Samara,1,80,9,not_needs,good,2023,32,36,14168138
Samara,3,77,12,needs,very bad,1957,5,6,3958245
Samara,1,59,10,not_needs,very good,1983,9,13,9644574
Samara,2,82,10,needs,good,1968,14,31,8990794
Samara,3,79,9,absolutely_needs,medium,2013,33,36,9540982
Samara,1,54,8,absolutely_needs,medium,1999,12,14,5337410
Samara,2,84,10,not_needs,very good,2019,5,7,20452547
Samara,1,58,9,not_needs,very good,1991,14,16,12245284
Samara,3,86,11,needs,good,1971,8,40,9461017
Samara,1,65,15,not_needs,very bad,1957,2,22,4336448
Samara,3,105,10,absolutely_needs,very good,1995,4,35,15903819
Samara,3,83,13,absolutely_needs,very bad,1969,5,27,4534860
Samara,2,61,11,needs,very bad,1974,19,21,4392358
Samara,5,115,19,not_needs,medium,2025,27,32,21042507
Samara,3,94,10,absolutely_needs,very good,2014,7,8,17004574
Samara,4,112,10,not_needs,very good,1959,11,13,18166663
Samara,5,121,16,not_needs,very bad,1995,10,13,11158245
Samara,2,86,11,needs,bad,1970,6,7,7195105
Samara,1,47,9,needs,very bad,1965,1,3,2648695
Samara,5,146,19,not_needs,medium,1998,10,33,22725803
Samara,3,91,12,needs,bad,2016,3,25,9450255
Samara,3,90,14,not_needs,medium,1964,2,3,8598843
Samara,3,72,8,absolutely_needs,very good,1968,15,18,7688251
Samara,3,90,11,absolutely_needs,medium,1986,23,39,7221647
Samara,3,70,10,needs,medium,1980,7,7,7186366
Samara,3,90,13,not_needs,medium,1999,9,31,10266150
Samara,2,104,11,needs,very good,2024,6,9,20257230
Samara,4,115,13,needs,bad,1978,9,20,9937030
Samara,1,72,10,absolutely_needs,medium,1966,2,35,5124121
Samara,3,98,16,needs,very good,2003,1,24,16427530
Samara,2,70,11,needs,good,2016,5,9,9245568
Samara,2,71,13,needs,good,1986,6,13,8596268
Samara,2,60,12,not_needs,medium,1996,13,38,7963661
Samara,2,73,7,not_needs,medium,2011,3,13,9807441
Samara,1,45,10,not_needs,good,1982,15,28,6662542
Samara,2,78,10,absolutely_needs,good,1967,38,38,8043302
Samara,1,73,9,not_needs,bad,2024,3,6,9094979
Samara,1,67,10,needs,good,2019,1,6,8944347
Samara,1,71,16,needs,good,1983,18,26,7832231
Samara,1,69,11,not_needs,medium,1997,4,12,7818442
Samara,3,93,13,absolutely_needs,very good,1994,23,27,14831609
Samara,1,55,8,not_needs,medium,1970,28,37,5431274
Samara,2,79,15,needs,bad,2005,15,16,6802504
Samara,5,130,14,not_needs,medium,2002,31,40,16262194
Samara,3,67,11,absolutely_needs,bad,2001,8,10,5428624
Samara,1,45,8,not_needs,medium,1999,2,3,5709801
Samara,2,74,11,absolutely_needs,bad,1964,7,11,4818611
Samara,1,50,11,needs,bad,2020,2,7,5976207
Samara,1,74,11,absolutely_needs,bad,1969,11,21,4769906
Samara,1,51,5,not_needs,medium,1958,30,36,5450052
Samara,5,138,12,needs,bad,1991,5,28,14827788
Samara,2,77,6,not_needs,very bad,1973,1,30,5341071
Samara,2,85,11,absolutely_needs,medium,1973,5,40,7044335
Samara,3,73,12,needs,bad,1970,2,4,5554787
Samara,2,65,10,not_needs,medium,1999,13,19,9077492
Samara,2,65,8,needs,medium,2005,2,3,8362571
Samara,1,70,7,needs,good,2001,15,30,9716336
Samara,4,108,12,needs,medium,1983,1,4,11990742
Samara,3,82,13,needs,very good,1962,10,26,9425490
Samara,2,69,10,not_needs,bad,1960,4,16,5113624
Samara,1,68,10,not_needs,medium,1965,8,29,6466643
Samara,3,93,15,not_needs,good,1996,10,10,13003426
Samara,2,71,11,not_needs,good,2017,16,37,12638384
Samara,3,91,15,absolutely_needs,medium,1972,19,23,7511155
Samara,3,91,12,not_needs,bad,1956,12,12,6897300
Samara,1,53,6,needs,medium,1971,18,24,5304153
Samara,4,99,12,needs,bad,1956,6,7,7297248
Samara,2,59,12,not_needs,good,1958,2,27,7128895
Samara,2,70,11,needs,good,1962,20,34,8189059
Samara,1,65,9,needs,bad,1993,23,39,6318891
Samara,3,68,12,not_needs,bad,2000,19,20,8438127
Samara,3,97,14,needs,medium,1984,3,17,10388622
Samara,2,71,11,not_needs,good,1989,20,38,9933124
Samara,2,76,9,absolutely_needs,medium,2006,22,23,7999085
Samara,4,116,16,absolutely_needs,medium,2002,4,13,11291082
Samara,1,54,7,needs,very bad,1964,8,15,3450001
Samara,3,91,13,not_needs,medium,1975,2,14,9469644
Samara,5,117,18,absolutely_needs,bad,1985,3,32,9472278
Samara,2,69,13,needs,bad,1971,12,34,4999652
Samara,4,93,13,absolutely_needs,bad,1977,4,9,7064739
Samara,4,120,17,needs,medium,2002,17,18,15785894
Samara,2,86,12,needs,very good,2010,4,17,16491560
Samara,3,70,13,not_needs,medium,1977,5,21,8977617
Samara,1,43,14,not_needs,good,1971,2,8,6320928
Samara,2,83,16,not_needs,bad,1975,24,34,7503371
Samara,4,111,17,needs,very bad,2021,8,8,11196170
Samara,1,51,10,needs,bad,1975,1,5,4471813
Samara,1,55,11,needs,medium,2009,1,6,5969276
Samara,5,143,16,absolutely_needs,good,1966,17,35,16565023
Samara,3,91,13,needs,good,1991,21,31,12667430
Samara,4,126,13,not_needs,very bad,2005,6,12,12924879
Samara,1,75,8,absolutely_needs,good,2021,12,12,10751956
Samara,1,57,9,not_needs,very good,2017,5,28,11923763
Samara,1,63,12,needs,bad,2019,30,34,7122767
Samara,3,80,16,not_needs,very good,2003,13,31,17886432
Samara,2,41,12,needs,very good,1976,28,37,5954404
Samara,4,108,11,not_needs,good,2018,25,31,19752783
Samara,3,96,15,not_needs,bad,1987,6,14,9656945
Samara,4,92,17,not_needs,bad,2004,22,32,11416151
Samara,3,50,10,not_needs,good,1990,10,28,7938068
Samara,4,106,11,not_needs,medium,1989,1,4,12013570
Samara,3,98,9,needs,good,1993,13,31,13534394
Samara,1,60,9,needs,very good,1979,4,24,8105497
Samara,3,75,12,needs,bad,2011,21,35,6945098
Samara,3,105,15,needs,medium,2022,7,38,13138144
Samara,3,95,10,not_needs,medium,2010,3,6,13186526
Samara,2,66,13,needs,good,2012,2,37,10507574
Samara,2,52,14,not_needs,good,2022,6,9,8427107
Samara,2,80,9,not_needs,bad,1986,5,16,8723403
Samara,1,44,8,needs,good,2022,8,22,6460253
Samara,2,64,14,needs,bad,1989,17,39,6506441
Samara,4,102,9,not_needs,medium,1995,13,21,14527617
Samara,3,72,10,not_needs,good,2002,19,27,10774363
Samara,1,49,8,absolutely_needs,medium,1978,14,27,4735090
Samara,2,94,9,needs,good,2025,4,4,15875633
Samara,1,51,8,needs,bad,1986,30,36,4883008
Samara,3,78,15,needs,good,1986,2,18,9062657
Samara,2,94,12,not_needs,good,1968,5,7,12951406
Samara,1,53,10,needs,very good,1964,1,9,5945915
Samara,1,63,10,not_needs,bad,1968,21,28,6284672
Samara,4,102,13,not_needs,medium,2013,4,9,14595864
Samara,5,151,14,needs,medium,1980,4,22,16162056
Samara,1,56,7,needs,medium,1994,5,5,6575286
Samara,1,67,7,not_needs,medium,2010,2,19,10507695
Samara,4,109,13,not_needs,medium,1977,12,30,11811746
Samara,2,57,10,not_needs,very good,1961,1,17,7122199
Samara,2,87,12,needs,medium,1979,1,18,7770529
Samara,1,62,6,needs,very good,2006,4,12,9914720
Samara,3,76,13,needs,medium,1973,17,23,7143535
Samara,1,42,13,needs,bad,1956,7,18,2943085
Samara,1,55,12,absolutely_needs,bad,1983,25,28,3771743
Samara,4,84,12,needs,good,2022,35,40,15444980
Samara,2,79,7,needs,medium,2005,20,26,8268628
Samara,2,61,10,not_needs,bad,1966,4,16,5724939
Samara,1,51,6,needs,medium,1975,13,22,5283747
Samara,1,53,12,not_needs,good,1979,11,34,8134569
Samara,1,44,7,needs,very bad,1967,2,3,2641867
Samara,2,75,13,needs,medium,1996,6,16,8054802
Samara,1,60,9,not_needs,very good,1977,21,33,11310385
Samara,2,76,8,needs,good,1996,4,15,9088036
Samara,3,91,14,needs,medium,1979,10,25,8155713
Samara,1,46,7,absolutely_needs,bad,1983,4,21,3757790
Samara,1,56,8,needs,good,1976,12,25,6748120
Samara,2,77,15,absolutely_needs,medium,2022,3,8,8354828
Samara,2,85,12,needs,medium,2009,8,40,10617527
Samara,1,44,8,absolutely_needs,good,1966,17,38,4301831
Samara,2,57,12,needs,bad,1962,1,20,4373640
Samara,1,78,12,not_needs,very bad,1969,25,33,6144628
Samara,3,62,12,needs,bad,1990,9,13,6024292
Samara,2,70,12,needs,very bad,1982,3,4,5545759
Samara,3,72,13,needs,good,2013,8,14,10369209
Samara,1,64,10,needs,very good,1988,20,33,8930531
Samara,1,71,13,needs,medium,1991,11,15,8144080
Samara,2,66,10,needs,very bad,2003,17,17,4945191
Samara,4,107,15,absolutely_needs,very good,2015,18,39,16412731
Samara,3,90,17,not_needs,good,1985,23,33,12643071
Samara,2,82,10,needs,good,1995,3,11,11570411
Samara,1,65,10,needs,bad,2016,8,39,6373022
Samara,2,74,13,not_needs,good,2021,14,18,11542899
Samara,1,43,7,not_needs,medium,1989,1,3,5326388
Samara,4,115,17,not_needs,good,2006,2,9,20369952
Samara,3,84,16,not_needs,very good,1970,5,26,11833917
Samara,2,61,9,needs,medium,1990,1,26,5770418
Samara,1,69,13,not_needs,bad,2007,2,4,9007959
Samara,1,67,8,not_needs,medium,2021,1,13,9035695
Samara,3,98,15,needs,medium,2002,15,24,10967232
Samara,4,99,15,not_needs,good,1987,3,31,16793157
Samara,1,60,10,needs,good,1955,24,28,6147970
Samara,1,48,11,absolutely_needs,very bad,1989,6,7,3037079
Samara,3,106,10,needs,medium,2016,4,5,12840050
Samara,5,115,18,not_needs,very bad,1971,3,5,8918945
Samara,3,87,9,absolutely_needs,bad,1980,20,28,6173522
Samara,2,79,13,needs,bad,2016,16,33,9346659
Samara,2,69,7,not_needs,very good,1963,17,21,11091956
Samara,2,76,14,absolutely_needs,good,2003,3,31,8909322
Samara,1,50,10,needs,very bad,1967,9,9,3104006
Samara,3,79,15,not_needs,medium,1964,4,7,9152012
Samara,2,74,9,absolutely_needs,good,1963,35,35,7522414
Samara,3,97,15,absolutely_needs,good,1996,8,36,12465724
Samara,1,51,9,absolutely_needs,good,1998,2,9,6747304
Samara,2,75,8,not_needs,very bad,1975,13,15,6011080
Samara,2,85,13,needs,bad,1974,8,9,6063509
Samara,2,64,7,needs,good,1979,1,22,6285306
Samara,3,84,13,needs,medium,2008,4,9,10904271
Samara,1,41,13,needs,very good,1975,16,16,6281457
Samara,3,98,14,needs,very bad,1971,11,14,6791302
Samara,1,56,10,absolutely_needs,medium,1977,5,16,4188039
Samara,1,58,8,not_needs,very good,1978,2,6,11233033
Samara,3,87,13,needs,medium,1955,3,9,7607638
Samara,1,64,12,not_needs,medium,1969,7,29,7136178
Samara,2,76,12,needs,bad,1990,1,19,5786097
Samara,3,92,15,not_needs,good,1982,4,28,11896263
Samara,1,50,9,needs,medium,1975,5,18,4607298
Samara,1,57,5,not_needs,good,1987,5,11,8285238
Samara,4,115,18,not_needs,medium,1966,9,13,14682932
Samara,2,49,8,not_needs,medium,1984,7,12,5588993
Samara,3,91,17,needs,good,1961,16,31,10102369
Samara,1,51,9,needs,medium,1988,3,6,5176659
Samara,5,111,18,absolutely_needs,good,2000,11,32,13485910
Samara,2,64,10,absolutely_needs,very bad,2001,6,9,4597234
Samara,1,41,15,not_needs,very bad,1981,4,5,3415762
Samara,2,77,10,not_needs,good,1959,7,14,9250094
Samara,5,112,13,not_needs,medium,1971,8,17,12703433
Samara,2,79,5,needs,medium,2011,11,17,10519659
Samara,3,94,17,needs,medium,2016,1,4,11674464
Samara,3,93,12,needs,very good,2008,4,6,14631894
Samara,4,107,11,needs,very good,1977,15,37,16528197
Samara,1,45,12,needs,very bad,2002,12,16,3475677
Samara,3,86,14,not_needs,medium,1982,13,13,9190402
Samara,4,90,14,needs,very bad,1966,5,11,5704599
Samara,3,125,13,not_needs,good,1955,4,6,14359087
Samara,2,76,13,absolutely_needs,good,2021,3,4,9704110
Samara,5,120,15,needs,very good,2014,19,30,21854651
Samara,1,51,9,needs,medium,2003,6,9,6327315
Samara,4,84,18,not_needs,very bad,1999,2,7,8112481
Samara,1,62,5,not_needs,medium,1995,2,35,7825570
Samara,4,132,15,needs,medium,1966,1,7,13112269
Samara,1,62,8,not_needs,medium,1999,8,39,9064382
Samara,1,39,8,not_needs,medium,2008,22,23,5607080
Samara,1,69,7,not_needs,bad,1992,10,10,6709873
Samara,3,88,12,needs,medium,2018,26,29,10916530
Samara,2,47,13,not_needs,good,1982,23,32,6010198
Samara,1,43,6,not_needs,bad,1960,6,7,3884325
Samara,3,90,13,needs,very bad,1960,6,24,6037639
Samara,2,72,14,needs,very good,1991,13,29,12600066
Samara,1,46,8,absolutely_needs,good,1975,4,14,4737654
Samara,1,45,8,not_needs,very good,1964,22,28,7180296
Samara,2,75,8,not_needs,good,1992,3,36,10100285
Samara,2,60,12,not_needs,bad,2001,26,35,6279416
Samara,2,68,14,needs,good,1982,16,17,7919059
Samara,1,53,9,needs,medium,1999,4,6,6255564
Samara,3,106,13,needs,medium,2000,2,5,13132633
Samara,1,52,9,needs,good,1983,13,30,6742290
Samara,2,60,11,not_needs,good,1966,9,11,8281522
Samara,1,56,5,not_needs,medium,1977,3,3,6276616
Samara,2,87,15,not_needs,good,2022,36,37,16052481
Samara,4,80,16,not_needs,very bad,1982,9,25,6952212
Samara,5,142,15,not_needs,medium,1973,24,25,16808670
Samara,2,73,12,not_needs,medium,1979,18,35,8530146
Samara,2,81,11,not_needs,bad,1979,30,35,7185433
Samara,1,61,11,not_needs,medium,2000,3,9,8182331
Samara,3,84,13,needs,good,2002,11,15,12900064
Samara,3,105,15,needs,bad,1980,1,8,8102071
Samara,2,82,9,not_needs,bad,1955,38,40,7151738
Samara,3,102,11,not_needs,bad,2005,5,9,10612194
Samara,2,78,12,not_needs,good,2011,11,18,12099995
Samara,1,46,12,needs,medium,1992,12,30,5561076
Samara,4,98,19,needs,good,1990,8,35,15161595
Samara,3,102,10,needs,medium,1998,2,5,11837642
Samara,3,74,13,needs,medium,1958,8,13,5633885
Samara,1,58,7,needs,medium,1997,40,40,6349853
Samara,2,61,12,needs,very good,1985,13,37,9460820
Samara,4,114,17,needs,very bad,1983,3,14,7975301
Samara,3,114,14,not_needs,good,2020,15,28,21263115
Samara,1,48,7,needs,medium,2019,2,3,5501690
Samara,1,46,15,needs,good,1988,4,7,5181784
Samara,3,59,11,needs,medium,2019,21,39,7673036
Samara,1,53,11,not_needs,very bad,1991,7,31,5067507
Samara,1,60,7,needs,medium,1988,14,17,6095665
Samara,4,113,12,needs,medium,1979,5,12,11461619
Samara,1,44,11,needs,very good,1987,3,7,6358912
Samara,2,64,17,needs,good,1976,4,6,7645183
Samara,2,81,9,needs,good,1998,10,18,11872995
Samara,1,57,13,absolutely_needs,bad,1973,6,18,4354017
Samara,5,151,16,absolutely_needs,medium,2009,17,20,17711140
Samara,5,129,17,needs,very bad,2019,13,33,13418156
Samara,2,89,12,absolutely_needs,medium,2025,35,36,8943867
Samara,1,53,6,absolutely_needs,very good,1965,1,4,6153880
Samara,3,82,15,needs,bad,1995,3,15,7847828
Samara,3,89,14,absolutely_needs,good,1966,2,7,9375582
Samara,2,71,5,needs,very good,1966,7,11,10342767
Samara,2,69,11,absolutely_needs,medium,1965,19,22,5874403
Samara,2,62,10,not_needs,medium,1958,24,25,5364870
Samara,4,123,14,absolutely_needs,very good,1988,1,5,16692567
Samara,1,41,10,not_needs,medium,2002,20,23,5132649
Samara,4,101,12,not_needs,good,1974,10,10,15587227
Samara,3,98,15,absolutely_needs,medium,1959,32,34,8365776
Samara,2,92,14,needs,medium,1980,14,36,9371410
Samara,3,83,13,not_needs,bad,2024,11,35,11376042
Samara,1,37,10,not_needs,medium,2024,4,20,5843887
Samara,5,145,13,not_needs,very bad,1971,3,6,12148831
Samara,2,66,7,needs,bad,1970,18,20,4861891
Samara,3,91,13,not_needs,medium,1966,10,13,9117806
Samara,3,88,12,needs,very bad,1988,14,28,6077747
Samara,3,85,14,not_needs,bad,1959,1,11,6291448
Samara,1,69,10,not_needs,very good,2001,9,32,14936398
Samara,1,64,5,not_needs,medium,2000,22,37,8617949
Samara,1,39,7,not_needs,medium,2016,19,23,5714816
Samara,4,112,15,absolutely_needs,very bad,2005,9,16,9225269
Samara,4,112,15,not_needs,bad,2017,13,29,13440964
Samara,1,42,5,not_needs,bad,1988,2,6,4181650
Samara,2,71,12,not_needs,bad,2003,19,27,8041626
Samara,1,38,7,needs,medium,2023,8,8,4671884
Samara,3,95,13,needs,good,1959,14,20,9836214
Samara,1,66,14,needs,bad,1995,23,27,5914393
Samara,1,65,8,absolutely_needs,good,1996,23,23,7750821
Samara,1,64,8,needs,medium,1976,7,40,6161864
Samara,4,143,15,not_needs,medium,1963,2,7,17325753
Samara,3,103,13,not_needs,good,1979,10,11,13188225
Samara,2,100,10,needs,medium,1984,2,3,10870652
Samara,3,83,15,absolutely_needs,medium,2006,2,7,8897546
Samara,5,112,13,absolutely_needs,medium,2025,6,10,13533933
Samara,1,44,11,needs,good,2025,10,22,7509646
Samara,4,104,13,needs,very bad,2005,16,20,8069040
Samara,2,61,16,needs,medium,1956,24,37,4735761
Samara,3,80,12,needs,bad,1957,14,18,6112259
Samara,2,87,5,needs,medium,2017,15,27,9567668
Samara,3,112,15,absolutely_needs,very bad,1981,16,27,6308951
Samara,3,88,11,not_needs,medium,1984,23,33,9269207
Samara,2,76,8,needs,good,2024,12,15,12996087
Samara,2,77,9,not_needs,medium,1973,7,25,8611749
Samara,1,59,12,not_needs,bad,1965,19,35,5742649
Samara,2,80,10,needs,good,1978,2,10,8390461
Samara,1,60,6,needs,very bad,2001,1,3,4837410
Samara,1,60,13,needs,good,1957,20,22,6224304
Samara,2,69,13,not_needs,very bad,1972,11,28,5941085
Samara,4,102,15,needs,bad,1966,6,29,8896347
Samara,2,78,13,needs,good,1995,34,36,9288221
Samara,2,79,12,absolutely_needs,very good,2012,20,40,14141330
Samara,2,80,9,needs,good,1995,14,22,10394377
Samara,1,33,10,needs,very bad,1960,6,13,2134918
Samara,4,113,14,not_needs,medium,1964,21,29,13520243
Samara,1,45,12,not_needs,medium,2002,1,5,5595289
Samara,2,75,11,needs,good,2021,2,4,12315673
Samara,3,82,13,not_needs,good,2024,16,30,15923151
Samara,4,100,14,not_needs,bad,1987,19,35,10184336
Samara,2,75,9,absolutely_needs,medium,2012,4,12,7484250
Samara,4,105,15,needs,medium,1975,33,39,9946969
Samara,2,95,14,not_needs,good,1958,21,36,10627104
Samara,2,82,10,needs,medium,1962,37,38,7338188
Samara,1,27,5,needs,good,1999,11,20,3267812
Samara,1,66,7,not_needs,bad,1979,11,15,6368586
Samara,1,42,9,needs,very good,1955,9,32,5417419
Samara,2,74,17,absolutely_needs,very bad,2006,10,34,5644691
Samara,2,65,9,not_needs,very bad,2023,8,8,6591015
Samara,1,73,9,not_needs,good,2025,6,8,12578863
Samara,1,49,12,needs,good,1975,5,38,5803662
Samara,5,132,15,not_needs,medium,1970,19,25,15078771
Samara,2,63,15,needs,bad,2011,2,7,5913932
Samara,1,74,10,absolutely_needs,bad,1972,4,5,5503451
Samara,2,64,11,needs,very bad,2007,1,3,5126147
Samara,3,116,12,needs,good,1989,6,34,14614638
Samara,1,58,9,not_needs,medium,1962,22,31,6274489
Samara,4,126,13,not_needs,medium,2020,31,31,18261605
Samara,3,118,11,not_needs,medium,2003,17,23,16771645
Samara,1,46,10,not_needs,medium,1962,2,21,4522125
Samara,1,30,5,absolutely_needs,bad,2019,22,26,2789193
Samara,4,108,15,absolutely_needs,good,1956,5,5,9278008
Samara,3,81,13,needs,medium,1980,2,5,9057471
Samara,2,58,9,not_needs,medium,1973,9,12,5559156
Samara,1,50,7,not_needs,good,2006,7,8,7440369
Samara,1,56,8,needs,bad,1972,6,8,4522688
Samara,2,90,15,not_needs,very bad,2014,8,10,8421206
Samara,2,82,12,absolutely_needs,bad,1962,29,37,6021665
Samara,4,113,11,not_needs,good,1971,28,29,15217458
Samara,4,118,14,not_needs,medium,2025,5,39,16911343
Samara,2,78,13,needs,bad,1997,13,26,7095869
Samara,3,70,13,needs,very good,1984,16,17,11122611
Samara,1,48,12,needs,medium,2005,5,20,6060272
Samara,2,78,9,absolutely_needs,bad,1962,1,11,5252192
Samara,2,73,11,absolutely_needs,very good,1964,4,18,8088675
Samara,3,90,11,not_needs,bad,2001,14,30,9195463
Samara,1,65,12,needs,very bad,2009,8,22,5953493
Samara,3,93,15,absolutely_needs,medium,1955,9,12,6052890
Samara,1,56,6,absolutely_needs,good,1975,5,11,5655675
Samara,3,102,20,needs,medium,2000,25,36,10385844
Samara,4,127,16,needs,medium,1980,10,31,14099144
Samara,5,113,14,not_needs,medium,1961,5,9,10751319
Samara,3,92,10,absolutely_needs,good,1982,2,9,10040757
Samara,2,75,12,needs,good,1968,27,34,8911624
Samara,5,129,14,needs,very bad,1989,20,20,9972700
Samara,4,105,14,not_needs,medium,1990,5,9,14455066
Samara,3,93,13,not_needs,very good,2008,35,36,20063572
Samara,1,53,10,needs,medium,1980,2,39,5400543
Samara,2,75,13,not_needs,good,1984,1,17,9143941
Samara,3,86,12,not_needs,very good,2006,24,34,16450970
Samara,2,49,9,needs,medium,2018,4,4,5270929
Samara,2,77,11,needs,good,2002,3,6,9663392
Samara,2,63,12,not_needs,good,1973,11,11,7544541
Samara,1,54,12,absolutely_needs,good,1978,2,6,5994751
Samara,2,80,13,needs,medium,1968,12,32,6917080
Samara,2,67,8,needs,medium,1989,2,8,7891496
Samara,1,61,10,absolutely_needs,medium,1969,4,13,4988045
Samara,2,79,9,needs,good,1974,13,33,9174111
Samara,1,62,11,not_needs,medium,1990,39,40,7292432
Samara,4,119,19,not_needs,very bad,2016,27,32,11350244
Samara,3,91,10,not_needs,good,1988,5,5,13519526
Samara,4,110,14,not_needs,good,2011,1,6,18862220
Samara,2,59,12,absolutely_needs,medium,1979,4,27,5168949
Samara,1,77,9,needs,good,1975,10,14,9922992
Samara,3,102,14,not_needs,bad,1982,34,38,10147348
Samara,1,64,5,needs,good,1984,3,29,7100303
Samara,1,54,10,absolutely_needs,very good,1989,34,36,7650752
Samara,1,56,7,needs,good,1968,4,13,6536874
Samara,2,92,13,not_needs,bad,2023,4,4,11825936
Samara,2,61,15,needs,medium,1994,3,8,6350071
Samara,2,68,15,not_needs,bad,1976,7,9,6734288
Samara,5,131,16,absolutely_needs,very good,1993,4,39,17908261
Samara,4,118,14,not_needs,medium,1971,3,31,14158256
Samara,4,110,18,not_needs,medium,1995,7,7,16537866
Samara,5,148,20,not_needs,medium,1971,19,31,17009245
Samara,1,63,11,absolutely_needs,bad,2019,24,30,6639349
Samara,2,84,16,absolutely_needs,very good,2009,33,33,14032279
Samara,1,75,11,not_needs,bad,1980,9,40,8343282
Samara,1,55,9,needs,good,1964,20,35,6596858
Samara,2,79,11,needs,medium,1958,9,36,6811065
Samara,3,102,14,needs,bad,2002,10,12,8755933
Samara,2,75,9,not_needs,bad,1987,7,9,8396974
Samara,1,43,6,not_needs,medium,1993,7,7,5573549
Samara,5,116,16,not_needs,very good,2006,2,18,22324333
Samara,4,105,10,needs,bad,1989,15,20,9460807
Samara,1,59,9,needs,bad,2025,2,7,6852625
Samara,2,92,12,needs,good,1965,1,14,8308733
Samara,1,33,10,not_needs,very good,1972,12,16,5270280
Samara,1,43,9,absolutely_needs,very bad,2003,20,31,3281606
Samara,2,69,12,not_needs,good,2017,8,14,12332771
Samara,2,83,9,needs,good,2019,8,14,13209663
Samara,1,46,6,needs,medium,1997,8,23,5644646
Samara,2,66,9,absolutely_needs,medium,1988,12,13,6889542
Samara,2,62,11,needs,medium,2004,8,19,7127067
Samara,2,77,9,not_needs,medium,1989,33,37,10640608
Samara,2,81,10,needs,very good,2014,2,7,16233102
Samara,5,144,14,absolutely_needs,bad,1966,8,23,10757710
Samara,4,114,14,needs,good,1975,7,12,15257352
Samara,1,58,13,absolutely_needs,very good,2010,12,14,9312125
Samara,2,90,12,absolutely_needs,very good,2003,26,28,13115805
Samara,2,55,9,absolutely_needs,very bad,1990,5,14,3507925
Samara,3,110,10,needs,bad,1969,2,9,7853936
Samara,5,119,16,needs,good,1979,25,25,13706286
Samara,2,77,17,not_needs,bad,1965,11,27,6933367
Samara,2,80,7,not_needs,medium,1999,3,29,10433623
Samara,4,118,17,absolutely_needs,bad,2011,18,33,12117110
Samara,1,61,14,not_needs,very good,1985,8,32,11687315
Samara,3,73,11,needs,medium,2021,4,16,10045899
Samara,4,110,16,not_needs,medium,1958,15,35,11652063
Samara,1,48,6,needs,good,1987,2,4,6685288
Samara,3,91,9,not_needs,very bad,1986,3,40,8189004
Samara,1,55,8,not_needs,very good,2011,14,36,10218214
Samara,3,67,14,not_needs,medium,2022,21,36,10398139
Samara,1,49,8,needs,medium,1966,8,20,4537781
Samara,2,90,14,not_needs,very bad,1982,10,20,7902788
Samara,4,95,15,not_needs,medium,1980,1,9,9917518
Samara,4,115,16,needs,good,1964,3,11,12879335
Samara,3,95,13,needs,bad,1957,5,16,7439346
Samara,1,39,10,not_needs,medium,1990,3,6,5379382
Samara,2,81,11,not_needs,medium,2004,2,3,10756187
Samara,4,108,17,not_needs,medium,1968,1,8,11157883
Samara,1,41,10,needs,very good,2012,8,13,6560593
Samara,3,83,11,not_needs,bad,1990,9,24,9716721
Samara,4,131,14,needs,medium,2020,14,20,16863328
Samara,3,94,15,needs,medium,1959,11,38,7997058
Samara,1,63,10,needs,good,1986,7,17,7792455
Samara,1,64,9,needs,good,1962,6,12,6621519
Samara,3,89,8,needs,very good,1988,8,21,15142345
Samara,2,59,10,needs,good,2002,6,9,8448466
Samara,1,47,7,absolutely_needs,good,1984,12,14,4748603
Samara,2,70,9,needs,medium,2016,17,20,7889270
Samara,1,49,7,needs,good,1980,8,9,5973150
Samara,1,56,5,not_needs,very good,2016,6,28,10857751
Samara,1,59,7,absolutely_needs,medium,1960,12,16,4045672
Samara,1,49,9,not_needs,medium,1991,24,33,5820430
Samara,1,58,8,needs,medium,1988,14,18,6170445
Samara,4,119,16,needs,bad,2015,25,29,13466072
Samara,4,85,15,needs,bad,1982,13,18,7509517
Samara,5,142,17,absolutely_needs,medium,1992,8,19,15243848
Samara,2,92,10,absolutely_needs,medium,1991,31,32,8952545
Samara,4,106,15,not_needs,good,2022,3,8,20179831
Samara,5,115,15,absolutely_needs,bad,2013,10,23,12802501
Samara,2,69,13,absolutely_needs,medium,2014,17,21,6672695
Samara,4,102,16,not_needs,medium,1966,13,16,11830434
Samara,3,78,15,absolutely_needs,medium,2015,28,38,9510017
Samara,4,128,12,needs,very good,1993,8,9,20730750
Samara,4,91,14,not_needs,very bad,1955,10,24,7273409
Samara,1,58,10,needs,good,2024,6,32,9918105
Samara,4,114,15,not_needs,bad,1974,9,10,10410899
Samara,1,64,7,needs,very good,1989,2,4,10192083
Samara,3,102,16,needs,good,1967,20,27,11859586
Samara,3,50,14,absolutely_needs,bad,1961,19,36,2942543
Samara,1,50,8,not_needs,medium,2023,3,38,8236515
Samara,3,97,11,needs,good,1995,18,31,11200127
Samara,2,73,11,needs,bad,2019,7,9,7444146
Samara,2,90,12,needs,good,1959,20,33,9926922
Samara,1,59,8,needs,medium,2013,28,29,8050057
Samara,4,100,16,needs,medium,1961,25,35,10230982
Samara,2,76,12,not_needs,bad,1999,1,8,7075718
Samara,3,76,13,needs,bad,2008,27,33,8222973
Samara,1,50,10,not_needs,medium,1992,20,26,6605104
Samara,1,51,11,needs,medium,1983,5,16,5801727
Samara,3,90,11,not_needs,very bad,2008,19,27,9321794
Samara,4,112,16,needs,medium,2009,5,9,12853591
Samara,2,42,14,needs,medium,2011,5,8,4748630
Samara,1,50,12,not_needs,very bad,2014,31,40,4843368
Samara,2,81,7,not_needs,bad,1984,6,19,8539841
Samara,4,116,13,not_needs,very good,1970,6,14,19520719
Samara,2,89,10,not_needs,good,1994,19,19,12100214
Samara,1,67,12,absolutely_needs,good,1972,4,34,7080869
Samara,3,96,11,not_needs,bad,2021,4,11,13407968
Samara,1,45,7,absolutely_needs,very good,1981,1,11,6394908
Samara,2,66,10,needs,very bad,2000,8,12,4962236
Samara,2,90,14,not_needs,bad,1993,13,32,9080538
Samara,2,87,10,not_needs,medium,2004,13,19,10394325
Samara,2,52,14,not_needs,medium,1973,12,35,6179244
Samara,3,89,13,not_needs,very good,2025,5,5,21561326
Samara,4,125,17,not_needs,bad,2019,5,7,17023182
Samara,1,40,10,needs,medium,2012,20,27,4475174
Samara,2,82,11,not_needs,good,1964,18,30,11020537
Samara,1,47,10,not_needs,medium,1968,2,14,5425832
Samara,2,90,13,needs,bad,2022,7,12,11043745
Samara,1,67,11,needs,medium,2025,2,16,9552120
Samara,3,81,13,needs,good,1973,3,4,8080885
Samara,1,55,5,needs,good,1985,4,14,6556728
Samara,2,70,13,needs,bad,2014,11,11,7325382
Samara,3,84,8,needs,medium,1965,1,18,7408171
Samara,3,97,12,not_needs,medium,1996,9,21,13114606
Samara,3,82,10,not_needs,bad,2025,17,34,9464429
Samara,3,89,15,absolutely_needs,bad,1988,8,16,6807832
Samara,2,74,12,not_needs,bad,1959,12,30,5591873
Samara,3,95,11,not_needs,medium,1993,8,32,12275971
Samara,1,61,10,not_needs,medium,1958,9,24,5675837
Samara,4,110,14,needs,good,2004,12,14,18640784
Samara,2,93,9,needs,bad,2003,13,37,8404031
Samara,1,49,9,not_needs,good,1964,3,4,6443988
Samara,1,39,12,absolutely_needs,bad,1998,25,26,3696870
Samara,1,55,12,not_needs,medium,2017,2,3,8920532
Samara,3,84,6,not_needs,medium,1998,10,22,12244394
Samara,5,119,17,needs,bad,2020,9,20,12587606
Samara,2,78,8,needs,medium,1983,26,26,7774674
Samara,2,88,10,not_needs,very bad,1991,11,37,7214932
Samara,1,61,11,needs,medium,1965,3,4,5587364
Samara,3,82,13,absolutely_needs,medium,1969,6,34,5899521
Samara,2,82,13,not_needs,good,1965,3,4,10858269
Samara,2,52,17,needs,very good,1972,15,17,7199255
Samara,2,70,11,needs,medium,1972,2,13,6686168
Samara,2,73,7,not_needs,good,1999,30,34,10990663
Samara,2,75,10,absolutely_needs,medium,2015,1,4,8354023
Samara,1,54,8,not_needs,very bad,1969,1,6,3437391
Samara,2,78,11,not_needs,medium,1986,2,36,9961067
Samara,3,97,12,not_needs,very good,1992,5,6,18842779
Samara,1,55,7,needs,very bad,2025,19,24,5535312
Samara,1,75,11,not_needs,very good,1991,25,35,13745020
Samara,3,118,13,needs,good,1982,5,7,12956254
Samara,1,57,12,absolutely_needs,good,1987,22,35,6252029
Samara,1,66,7,needs,very bad,1969,1,11,4590835
Samara,4,123,18,needs,good,1983,3,9,15803191
Samara,1,57,10,needs,medium,2000,10,39,6743310
Samara,3,104,16,needs,very good,1993,3,11,16112303
Samara,3,101,12,not_needs,medium,2006,5,14,12055336
Samara,4,106,18,absolutely_needs,bad,2004,20,22,11120688
Samara,3,105,14,needs,very bad,1982,2,40,8342349
Samara,2,95,12,not_needs,bad,1957,2,13,7055857
Samara,2,59,14,needs,medium,2013,4,11,6611340
Samara,3,80,8,not_needs,medium,2008,12,30,10515091
Samara,2,69,12,absolutely_needs,very bad,1980,8,8,3623333
Samara,4,126,21,needs,very good,1986,14,24,23208500
Samara,3,95,16,needs,medium,1981,3,9,9531439
Samara,3,81,16,needs,medium,2009,8,10,9423142
Samara,4,113,13,needs,very bad,1991,23,31,8003795
Samara,1,33,12,absolutely_needs,bad,2012,10,14,3391476
Samara,3,92,10,needs,medium,1993,4,23,11225093
Samara,1,53,10,needs,medium,2017,10,13,6757496
Samara,1,55,11,not_needs,good,1968,2,25,7265413
Samara,1,60,15,absolutely_needs,medium,1968,4,23,4680454
Samara,3,99,16,absolutely_needs,medium,1981,1,4,9108790
Samara,2,53,13,not_needs,good,1972,23,24,6847597
Samara,3,81,17,absolutely_needs,very good,1999,5,11,12333154
Samara,1,53,8,not_needs,good,1957,29,35,6086314
Samara,3,87,14,not_needs,medium,2024,6,18,13023923
Samara,3,92,14,not_needs,medium,1995,12,21,13173821
Samara,2,96,14,needs,bad,1973,4,7,7880866
Samara,2,68,15,absolutely_needs,medium,2011,20,39,7560303
Samara,2,84,7,not_needs,very good,2014,10,13,19966499
Samara,3,71,12,not_needs,medium,1984,19,19,9087842
Samara,1,61,10,needs,medium,1991,25,34,7179541
Samara,3,99,13,needs,medium,2000,4,15,12417612
Samara,1,52,8,needs,bad,2012,3,7,5222591
Samara,2,64,10,needs,good,2003,6,22,8942515
Samara,2,75,13,needs,bad,2014,3,3,8460628
Samara,2,70,12,absolutely_needs,good,2016,38,38,9514074
Samara,1,76,11,absolutely_needs,bad,1981,4,5,5530585
Samara,1,57,9,not_needs,medium,2008,3,5,7428159
Samara,3,91,9,absolutely_needs,bad,1995,23,34,7985585
Samara,1,49,9,not_needs,good,1959,25,40,5995477
Samara,4,100,11,not_needs,medium,2016,6,15,14415087
Samara,4,108,11,not_needs,medium,1993,4,10,15659170
Samara,3,97,10,needs,bad,1974,2,7,8469539
Samara,1,49,10,not_needs,medium,1971,7,38,5056756
Samara,4,106,15,needs,medium,1973,15,18,11438615
Samara,4,103,20,not_needs,good,1982,18,27,13909688
Samara,2,72,12,absolutely_needs,very good,1955,11,19,7395388
Samara,5,102,18,not_needs,medium,1992,23,33,14715162
Samara,1,53,11,not_needs,very bad,2018,25,36,5535773
Samara,3,112,11,needs,medium,2000,3,7,14265134
Samara,1,61,13,not_needs,medium,1969,11,40,7095943
Samara,3,93,16,not_needs,good,2011,29,31,17082521
Samara,3,89,10,not_needs,bad,1969,9,35,8740495
Samara,4,82,16,not_needs,very good,2008,4,14,16408009
Samara,5,128,19,not_needs,good,1955,9,31,14755718
Samara,1,67,20,absolutely_needs,medium,1962,12,35,5076580
Samara,1,79,9,needs,good,2019,22,26,13331467
Samara,2,66,12,not_needs,medium,1958,6,6,6262180
Samara,3,102,11,absolutely_needs,medium,1973,9,12,7997041
Samara,3,74,16,not_needs,medium,2010,34,39,10031010
Samara,1,65,10,needs,medium,2007,18,21,8251449
Samara,1,36,10,not_needs,very good,2008,19,31,7946268
Samara,1,53,10,absolutely_needs,medium,1996,9,23,4952885
Samara,3,91,12,absolutely_needs,bad,1999,13,32,7269345
Samara,3,79,15,needs,bad,2000,6,25,6839949
Samara,3,89,16,needs,medium,1978,4,34,7595336
Samara,2,57,13,not_needs,medium,1962,12,12,5389765
Samara,1,50,13,not_needs,medium,2011,3,19,7375046
Samara,2,70,8,needs,medium,1995,3,10,8126092
Samara,1,60,11,absolutely_needs,very bad,1991,8,13,3662016
Samara,2,77,11,needs,medium,2011,22,36,10320056
Samara,2,68,9,needs,good,1968,6,33,7217395
Samara,1,55,10,not_needs,good,1994,2,5,9457980
Samara,1,69,10,absolutely_needs,good,1990,2,3,7698737
Samara,1,50,6,needs,good,2008,6,23,6413624
Samara,1,55,12,needs,medium,2024,15,23,7378052
Samara,4,130,19,needs,medium,2019,1,5,15510446
Samara,1,92,8,absolutely_needs,medium,1994,31,36,7818636
Samara,3,99,14,not_needs,medium,1993,5,18,12312079
Samara,4,107,11,not_needs,medium,1963,3,17,11969286
Samara,3,79,16,not_needs,medium,1979,2,28,8994145
Samara,2,86,15,needs,good,1967,15,16,9422142
Samara,5,124,19,needs,very bad,2006,25,30,11757761
Samara,1,41,9,not_needs,very bad,1994,11,27,3749218
Samara,2,91,14,not_needs,bad,1970,5,13,7980076
Samara,1,50,8,absolutely_needs,very bad,1981,4,10,2735895
Samara,3,65,16,not_needs,medium,1970,10,17,7601502
Samara,4,95,19,absolutely_needs,very good,1968,12,17,11718456
Samara,4,107,20,needs,bad,1983,17,32,9429416
Samara,2,93,10,not_needs,medium,1977,8,32,9550771
Samara,3,98,18,not_needs,good,1955,10,13,9985230
Samara,2,62,10,needs,medium,1984,32,38,6766881
Samara,3,91,13,not_needs,good,1983,27,30,14410436
Samara,2,66,13,needs,medium,1966,17,19,5476357
Samara,2,78,9,absolutely_needs,good,1956,26,30,7015388
Samara,1,69,11,needs,medium,2022,24,30,7895976
Samara,3,116,15,not_needs,good,1964,11,33,15615694
Samara,5,124,16,not_needs,medium,1976,4,4,16198283
Samara,2,68,12,absolutely_needs,medium,1979,7,36,6015554
Samara,5,123,17,absolutely_needs,medium,1970,6,26,9665733
Samara,3,77,16,not_needs,very good,2004,7,9,13604461
Samara,1,61,6,not_needs,bad,2025,2,5,7866517
Samara,2,62,14,needs,good,1967,2,4,6416238
Samara,1,62,10,not_needs,good,2023,5,11,10202488
Samara,3,92,11,absolutely_needs,bad,1989,14,20,7224678
Samara,2,80,12,not_needs,medium,1977,16,39,7878150
Samara,4,125,13,absolutely_needs,bad,1997,1,8,10687422
Samara,2,67,14,not_needs,medium,1997,2,4,9483414
Samara,3,92,13,needs,very good,1988,20,37,15552792
Samara,5,129,14,not_needs,good,1972,7,10,20248548
Samara,1,31,13,not_needs,good,1995,11,24,4328318
Samara,1,60,9,needs,medium,2009,17,36,6669403
Samara,1,60,7,needs,bad,2015,7,11,6080416
Samara,2,85,12,not_needs,very good,2017,2,10,20201835
Samara,3,80,14,absolutely_needs,good,1959,14,22,6844300
Samara,3,77,11,not_needs,good,1965,8,23,8723408
Samara,3,93,15,needs,medium,1975,18,37,9471908
Samara,2,82,8,not_needs,good,2023,15,18,14413890
Samara,1,74,11,absolutely_needs,good,1988,21,29,8064140
Samara,2,69,13,needs,medium,1995,27,34,7566340
Samara,1,53,11,not_needs,bad,1997,2,8,6007933
Samara,2,61,16,absolutely_needs,very bad,2015,10,38,4702059
Samara,2,69,10,needs,bad,1962,20,30,4653212
Samara,5,123,18,not_needs,bad,1982,18,35,11573127
Samara,2,86,11,not_needs,good,1966,1,5,9913799
Samara,2,66,11,not_needs,medium,1993,9,10,8413477
Samara,2,80,9,needs,medium,1976,18,39,7647796
Samara,2,61,12,not_needs,very good,1960,9,24,10115018
Samara,1,51,5,not_needs,medium,1966,2,10,6058473
Samara,4,99,17,not_needs,good,1959,28,38,11799319
Samara,2,73,5,not_needs,medium,1968,26,36,6759786
Samara,3,87,14,needs,good,2023,5,7,13520161
Samara,2,77,8,not_needs,medium,1985,1,3,8233863
Samara,2,69,12,not_needs,medium,1976,6,19,8296082
Samara,2,78,11,not_needs,good,1978,20,30,10420994
Samara,3,91,10,not_needs,medium,1996,23,36,12727500
Samara,4,100,15,needs,bad,1971,1,25,9030970
Samara,3,90,17,not_needs,bad,1976,2,7,7754003
Samara,2,56,12,not_needs,very bad,1955,4,18,3359716
Samara,1,45,10,needs,very bad,1981,19,23,2804578
Samara,1,47,9,needs,good,1980,15,16,6307981
Samara,4,117,17,needs,good,2009,24,29,17405408
Samara,2,73,12,not_needs,very bad,1984,7,16,5772129
Samara,4,93,13,not_needs,medium,1976,4,7,10537194
Samara,3,85,12,needs,good,2008,31,31,12872408
Samara,3,86,13,needs,good,2003,5,9,10398448
Samara,2,96,15,not_needs,very bad,2001,2,6,9585072
Samara,2,72,13,needs,bad,1980,30,37,5610821
Samara,5,123,14,needs,bad,1999,8,12,11871468
Samara,2,77,13,needs,medium,2013,4,17,9210940
Samara,3,68,16,absolutely_needs,very bad,1957,6,12,3732706
Samara,2,77,12,not_needs,medium,1960,27,31,7062690
Samara,2,100,11,needs,medium,2010,13,19,13521564
Samara,3,113,11,not_needs,medium,1965,10,16,12880384
Samara,1,46,8,not_needs,medium,2008,22,30,5654682
Samara,5,156,16,not_needs,very good,2019,13,26,40204181
Samara,1,50,5,needs,medium,1964,1,3,4537485
Samara,3,92,15,absolutely_needs,medium,1994,12,37,9155802
Samara,2,87,10,needs,very good,2000,4,8,13343571
Samara,3,92,12,not_needs,good,2015,5,5,14754484
Samara,2,53,8,needs,medium,1984,14,14,5772707
Samara,1,34,12,needs,very good,1975,2,13,4949394
Samara,1,51,11,not_needs,bad,1956,3,5,3994291
Samara,3,128,16,needs,very bad,2007,17,24,11265585
Samara,3,99,15,not_needs,good,1966,15,26,11311410
Samara,3,96,14,not_needs,medium,1981,2,34,11879720
Samara,4,142,14,needs,medium,2022,26,34,21650420
Samara,1,65,5,not_needs,bad,2011,27,40,8434451
Samara,5,123,18,needs,good,1955,15,37,12956370
Samara,2,84,14,not_needs,medium,2013,15,19,13451838
Samara,2,88,9,needs,good,1979,32,33,10865594
Samara,2,68,13,not_needs,bad,1977,9,9,6016122
Samara,1,47,7,needs,bad,2024,25,28,5327061
Samara,3,101,15,not_needs,bad,2025,23,28,11939157
Samara,2,89,12,needs,good,2025,14,27,12233971
Samara,4,103,13,needs,good,2003,1,36,15503225
Samara,4,96,13,absolutely_needs,medium,1986,3,11,9852186
Samara,3,106,12,needs,very good,1964,22,33,14906123
Samara,2,83,9,not_needs,very good,1958,24,36,11045550
Samara,1,78,8,not_needs,good,1961,11,36,9654091
Samara,1,61,13,not_needs,very bad,2022,5,11,7020108
Samara,3,122,14,needs,very good,1969,17,22,15148351
Samara,3,81,12,not_needs,bad,2020,9,12,10106271
Samara,3,84,9,needs,bad,1994,26,40,6935425
Samara,3,91,17,absolutely_needs,very bad,1992,2,8,5791682
Samara,3,88,16,needs,very good,1971,17,33,11208557
Samara,3,98,11,needs,bad,1989,17,22,8274162
Samara,2,49,9,not_needs,good,2017,33,33,8288460
Samara,2,82,9,absolutely_needs,good,1959,3,9,6892653
Samara,3,113,14,needs,good,2012,9,37,17488850
Samara,4,114,11,needs,good,2019,1,14,17207045
Samara,2,71,9,not_needs,good,2012,2,24,12104714
Samara,2,58,14,not_needs,medium,1988,7,30,7597371
Samara,4,104,14,absolutely_needs,medium,1955,1,14,7169439
Samara,1,75,11,not_needs,medium,1993,4,30,9115832
Samara,1,76,12,not_needs,medium,1957,5,7,8377731
Samara,2,91,11,not_needs,medium,1991,6,21,12665149
Samara,2,75,7,needs,very bad,2007,2,6,6626615
Samara,2,49,14,not_needs,medium,1992,12,40,5942536
Samara,4,97,13,needs,bad,1962,2,4,7226129
Samara,3,82,17,needs,bad,1978,12,18,6773916
Samara,3,79,13,not_needs,bad,1964,4,18,6606104
Samara,5,122,15,needs,good,1977,5,8,15213300
Samara,2,42,7,needs,medium,1965,3,10,4123135
Samara,2,72,12,absolutely_needs,bad,1957,6,7,4841780
Samara,2,66,8,absolutely_needs,medium,1975,13,24,5495352
Samara,4,134,11,needs,good,1971,5,16,18005480
Samara,4,99,14,needs,good,2002,2,35,14285334
Samara,2,72,9,absolutely_needs,good,2006,4,7,9828816
Samara,2,62,14,absolutely_needs,medium,1987,5,10,5993960
Samara,4,110,14,not_needs,medium,1996,33,35,14563419
Samara,3,102,13,not_needs,good,1971,4,27,12291285
Samara,1,57,8,needs,bad,1968,23,37,4469851
Samara,1,77,11,not_needs,good,2006,2,28,13144794
Samara,3,89,16,needs,good,1971,1,3,8311880
Samara,1,49,8,needs,bad,2004,15,21,4868222
Samara,5,135,17,not_needs,good,1958,5,12,17843700
Samara,3,106,17,not_needs,medium,2006,1,39,15300547
Samara,2,93,10,needs,bad,1978,7,26,8748882
Samara,2,86,13,needs,bad,1965,3,10,7418564
Samara,1,63,14,not_needs,medium,1994,11,19,7689711
Samara,3,103,12,absolutely_needs,very good,2008,1,16,13623000
Samara,3,84,10,absolutely_needs,bad,1994,11,11,7233114
Samara,1,32,8,not_needs,bad,1958,1,7,2401709
Samara,2,94,9,absolutely_needs,good,1972,8,40,8411762
Samara,3,76,16,absolutely_needs,good,1970,26,36,7232576
Samara,3,58,10,absolutely_needs,bad,2011,17,26,5696325
Samara,2,77,10,not_needs,medium,2004,2,5,11638016
Samara,5,117,20,needs,medium,1975,7,9,12111703
Samara,3,135,12,not_needs,very bad,2000,24,39,12602483
Samara,1,46,10,needs,medium,2021,31,40,5804844
Samara,2,62,12,needs,good,1974,34,36,7287774
Samara,1,39,5,not_needs,very bad,1966,17,22,2719964
Samara,5,133,17,not_needs,medium,2010,24,39,22237852
Samara,2,73,12,needs,bad,1964,1,29,4814194
Samara,4,107,18,not_needs,medium,1996,7,28,13300236
Samara,3,81,14,absolutely_needs,bad,2014,31,32,7783487
Samara,3,89,13,not_needs,good,2015,9,9,13110345
Samara,1,52,9,needs,good,1989,12,15,6758381
Samara,1,65,5,not_needs,good,2006,26,37,10503092
Samara,1,59,10,not_needs,bad,1998,3,12,6165107
Samara,2,84,14,needs,very bad,1997,16,16,5958494
Samara,5,114,11,not_needs,very bad,2018,6,29,13797729
Samara,2,78,11,needs,bad,1986,6,21,6736657
Samara,3,86,14,needs,good,2003,11,35,12070931
Samara,3,62,9,not_needs,medium,1993,22,29,6938261
Samara,5,124,18,absolutely_needs,bad,2010,6,29,12173085
Samara,5,126,18,needs,medium,2009,24,32,16414250
Samara,2,71,17,needs,good,2022,15,24,9688529
Samara,5,112,16,absolutely_needs,good,2007,6,8,15557522
Samara,1,70,8,absolutely_needs,medium,2005,17,23,7008187
Samara,2,72,11,absolutely_needs,medium,1966,2,8,6210844
Samara,3,93,15,needs,medium,1966,5,13,8707159
Samara,5,137,10,needs,good,1999,1,23,18103407
Samara,4,116,15,needs,bad,1969,11,22,10997101
Samara,1,64,5,needs,good,2000,8,12,8299284
Samara,2,75,7,absolutely_needs,very good,2007,19,31,10918338
Samara,1,49,9,not_needs,medium,1996,27,32,6063795
Samara,1,80,14,absolutely_needs,very bad,2010,8,18,6560982
Samara,1,50,7,not_needs,medium,1962,6,13,4888883
Samara,3,91,13,needs,very bad,1991,18,20,6883862
Samara,2,60,15,not_needs,medium,2021,3,10,8569779
Samara,2,79,18,not_needs,very bad,1958,33,37,5454676
Samara,3,84,10,needs,very good,2006,17,23,13655444
Samara,2,84,16,absolutely_needs,very good,1995,25,29,11362892
Samara,1,46,10,not_needs,medium,1963,23,39,4353646
Samara,2,78,9,not_needs,very bad,1989,7,15,7373399
Samara,2,74,14,needs,medium,1981,6,37,8342172
Samara,3,95,13,not_needs,medium,1955,30,33,8191105
Samara,1,60,12,needs,medium,1964,34,34,5869373
Samara,1,27,9,needs,good,1970,14,17,2654327
Samara,5,153,15,needs,medium,1965,22,32,14275626
Samara,2,66,7,needs,very bad,2024,3,4,5220020
Samara,2,90,10,absolutely_needs,good,2005,8,40,10889836
Samara,1,45,13,needs,good,1975,10,34,5104334
Samara,3,120,14,absolutely_needs,very good,1981,20,38,16502273
Samara,1,52,11,absolutely_needs,very good,2012,3,25,8018161
Samara,2,78,9,absolutely_needs,very good,1956,5,5,8179120
Samara,3,90,11,needs,bad,1972,9,18,7796478
Samara,1,67,7,absolutely_needs,medium,1974,2,20,5154977
Samara,2,85,14,not_needs,very bad,2009,17,31,8112238
Samara,3,71,17,needs,medium,2006,1,19,6983702
Samara,1,46,5,not_needs,good,1963,3,3,5591045
Samara,3,75,12,needs,good,1993,26,30,10244198
Samara,2,61,11,needs,good,1955,24,35,6282218
Samara,4,122,15,absolutely_needs,medium,1964,8,28,11125787
Samara,1,33,10,needs,medium,2024,9,33,4183460
Samara,2,86,9,not_needs,medium,2004,12,39,11051714
Samara,1,56,9,needs,very good,2015,12,25,11272227
Samara,3,81,12,absolutely_needs,very good,1961,12,34,8939817
Samara,2,57,9,needs,medium,2002,4,30,6999600
Samara,4,86,15,needs,medium,2021,11,34,10733727
Samara,5,136,13,needs,good,2001,9,13,21485285
Samara,2,69,11,not_needs,good,1978,10,19,10347241
Samara,2,77,12,needs,good,2006,1,25,10508041
Samara,1,65,8,needs,medium,1987,38,38,5892411
Samara,2,68,10,absolutely_needs,good,1982,28,28,7064504
Samara,3,105,8,not_needs,very bad,1970,4,16,6897827
Samara,1,50,12,not_needs,good,2004,6,15,8987121
Samara,2,64,9,needs,medium,2015,13,14,7650516
Samara,1,65,10,absolutely_needs,medium,1965,25,28,4866994
Samara,1,46,9,not_needs,very good,2014,4,6,10490585
Samara,3,99,11,absolutely_needs,good,1959,3,13,9091736
Samara,4,109,16,absolutely_needs,medium,2025,20,22,14130133
Samara,5,103,23,not_needs,good,1970,7,16,15630616
Samara,1,52,9,needs,medium,1989,12,23,5693087
Samara,3,93,10,not_needs,medium,1959,5,31,8830002
Samara,3,81,15,not_needs,very bad,1985,11,15,6785125
Samara,3,101,14,not_needs,good,1975,9,18,13838327
Samara,1,50,7,needs,medium,1979,12,12,5177494
Samara,3,93,15,needs,very bad,1960,5,5,5864967
Samara,1,26,9,absolutely_needs,good,2004,3,4,3480410
Samara,4,111,13,absolutely_needs,medium,1960,31,36,8597513
Samara,2,74,10,absolutely_needs,good,1998,5,39,8495001
Samara,1,55,8,needs,good,2003,17,18,6896581
Samara,4,77,15,needs,medium,1993,6,14,10157789
Samara,2,65,9,absolutely_needs,good,2025,3,8,8291416
Samara,4,104,15,not_needs,medium,1968,15,20,13428214
Samara,2,87,12,needs,good,1968,6,13,8737200
Samara,2,91,10,absolutely_needs,good,1993,16,33,10769819
Samara,1,50,6,needs,bad,1999,22,35,5279339
Samara,4,102,12,not_needs,good,1958,32,39,13347312
Samara,1,43,12,needs,bad,2013,1,10,4454447
Samara,2,69,9,needs,very good,2020,27,37,12098072
Samara,3,89,12,needs,bad,2021,16,31,9360110
Samara,2,72,8,needs,bad,1960,7,10,4884207
